<?xml version="1.0" encoding="UTF-8"?>
<gpx version="1.1" creator="RaceForecaster sample generator" xmlns="http://www.topografix.com/GPX/1/1">
  <metadata>
    <name>Demo 230 km</name>
    <desc>Synthetic sample route for RaceForecaster. The geometry is invented and does not follow any real road.</desc>
  </metadata>
  <wpt lat="-33.436981" lon="23.873432">
    <ele>910.0</ele>
    <name>CP1 Syphonia</name>
    <desc>Food &amp; drink, rest spot, medic, toilet</desc>
  </wpt>
  <wpt lat="-33.846093" lon="23.937920">
    <ele>529.0</ele>
    <name>CP2 Rietfontein</name>
    <desc>Check-in/out, provisions, drop boxes, mechanic, bike wash, medic, toilet</desc>
  </wpt>
  <wpt lat="-33.901638" lon="24.220209">
    <ele>562.0</ele>
    <name>CP3 Hadley</name>
    <desc>Check-in/out, provisions, drop boxes, medic, toilet — the big climb starts after this</desc>
  </wpt>
  <wpt lat="-33.774087" lon="24.481219">
    <ele>820.0</ele>
    <name>CP4 Toring</name>
    <desc>Check-in/out, provisions, drop boxes, mechanic, medic, toilet — top of the climb</desc>
  </wpt>
  <wpt lat="-33.738608" lon="24.679721">
    <ele>59.0</ele>
    <name>CP5 Mimosa</name>
    <desc>Check-in/out, provisions, mechanic, medic, toilet — supporters allowed here</desc>
  </wpt>
  <trk>
    <name>Demo 230 km</name>
    <trkseg>
      <trkpt lat="-33.292600" lon="23.650117"><ele>700.0</ele></trkpt>
      <trkpt lat="-33.292044" lon="23.650200"><ele>700.0</ele></trkpt>
      <trkpt lat="-33.291488" lon="23.650283"><ele>700.0</ele></trkpt>
      <trkpt lat="-33.290932" lon="23.650366"><ele>700.0</ele></trkpt>
      <trkpt lat="-33.290376" lon="23.650448"><ele>700.1</ele></trkpt>
      <trkpt lat="-33.289820" lon="23.650530"><ele>700.1</ele></trkpt>
      <trkpt lat="-33.289264" lon="23.650611"><ele>700.2</ele></trkpt>
      <trkpt lat="-33.288709" lon="23.650692"><ele>700.2</ele></trkpt>
      <trkpt lat="-33.288153" lon="23.650772"><ele>700.3</ele></trkpt>
      <trkpt lat="-33.287597" lon="23.650852"><ele>700.4</ele></trkpt>
      <trkpt lat="-33.287042" lon="23.650931"><ele>700.5</ele></trkpt>
      <trkpt lat="-33.286486" lon="23.651010"><ele>700.6</ele></trkpt>
      <trkpt lat="-33.285931" lon="23.651089"><ele>700.7</ele></trkpt>
      <trkpt lat="-33.285375" lon="23.651167"><ele>700.8</ele></trkpt>
      <trkpt lat="-33.284820" lon="23.651245"><ele>700.9</ele></trkpt>
      <trkpt lat="-33.284265" lon="23.651322"><ele>701.0</ele></trkpt>
      <trkpt lat="-33.283710" lon="23.651399"><ele>701.2</ele></trkpt>
      <trkpt lat="-33.283155" lon="23.651475"><ele>701.3</ele></trkpt>
      <trkpt lat="-33.282601" lon="23.651551"><ele>701.5</ele></trkpt>
      <trkpt lat="-33.282046" lon="23.651627"><ele>701.6</ele></trkpt>
      <trkpt lat="-33.281492" lon="23.651702"><ele>701.8</ele></trkpt>
      <trkpt lat="-33.280937" lon="23.651777"><ele>702.0</ele></trkpt>
      <trkpt lat="-33.280383" lon="23.651851"><ele>702.2</ele></trkpt>
      <trkpt lat="-33.279829" lon="23.651925"><ele>702.4</ele></trkpt>
      <trkpt lat="-33.279276" lon="23.651999"><ele>702.6</ele></trkpt>
      <trkpt lat="-33.278722" lon="23.652072"><ele>702.8</ele></trkpt>
      <trkpt lat="-33.278169" lon="23.652145"><ele>703.0</ele></trkpt>
      <trkpt lat="-33.277616" lon="23.652217"><ele>703.2</ele></trkpt>
      <trkpt lat="-33.277063" lon="23.652289"><ele>703.4</ele></trkpt>
      <trkpt lat="-33.276511" lon="23.652361"><ele>703.6</ele></trkpt>
      <trkpt lat="-33.275958" lon="23.652432"><ele>703.9</ele></trkpt>
      <trkpt lat="-33.275406" lon="23.652503"><ele>704.1</ele></trkpt>
      <trkpt lat="-33.274854" lon="23.652573"><ele>704.4</ele></trkpt>
      <trkpt lat="-33.274303" lon="23.652643"><ele>704.6</ele></trkpt>
      <trkpt lat="-33.273751" lon="23.652713"><ele>704.9</ele></trkpt>
      <trkpt lat="-33.273200" lon="23.652782"><ele>705.2</ele></trkpt>
      <trkpt lat="-33.272650" lon="23.652851"><ele>705.5</ele></trkpt>
      <trkpt lat="-33.272099" lon="23.652920"><ele>705.7</ele></trkpt>
      <trkpt lat="-33.271549" lon="23.652988"><ele>706.0</ele></trkpt>
      <trkpt lat="-33.270999" lon="23.653056"><ele>706.3</ele></trkpt>
      <trkpt lat="-33.270450" lon="23.653123"><ele>706.6</ele></trkpt>
      <trkpt lat="-33.269901" lon="23.653191"><ele>706.9</ele></trkpt>
      <trkpt lat="-33.269352" lon="23.653257"><ele>707.2</ele></trkpt>
      <trkpt lat="-33.268804" lon="23.653324"><ele>707.6</ele></trkpt>
      <trkpt lat="-33.268255" lon="23.653390"><ele>707.9</ele></trkpt>
      <trkpt lat="-33.267708" lon="23.653456"><ele>708.2</ele></trkpt>
      <trkpt lat="-33.267160" lon="23.653521"><ele>708.5</ele></trkpt>
      <trkpt lat="-33.266613" lon="23.653586"><ele>708.9</ele></trkpt>
      <trkpt lat="-33.266067" lon="23.653651"><ele>709.2</ele></trkpt>
      <trkpt lat="-33.265521" lon="23.653715"><ele>709.5</ele></trkpt>
      <trkpt lat="-33.264975" lon="23.653779"><ele>709.9</ele></trkpt>
      <trkpt lat="-33.264429" lon="23.653843"><ele>710.2</ele></trkpt>
      <trkpt lat="-33.263884" lon="23.653906"><ele>710.6</ele></trkpt>
      <trkpt lat="-33.263340" lon="23.653969"><ele>711.0</ele></trkpt>
      <trkpt lat="-33.262796" lon="23.654032"><ele>711.3</ele></trkpt>
      <trkpt lat="-33.262252" lon="23.654094"><ele>711.7</ele></trkpt>
      <trkpt lat="-33.261709" lon="23.654156"><ele>712.1</ele></trkpt>
      <trkpt lat="-33.261166" lon="23.654218"><ele>712.4</ele></trkpt>
      <trkpt lat="-33.260624" lon="23.654280"><ele>712.8</ele></trkpt>
      <trkpt lat="-33.260082" lon="23.654341"><ele>713.2</ele></trkpt>
      <trkpt lat="-33.259541" lon="23.654402"><ele>713.6</ele></trkpt>
      <trkpt lat="-33.259000" lon="23.654462"><ele>714.0</ele></trkpt>
      <trkpt lat="-33.258460" lon="23.654522"><ele>714.4</ele></trkpt>
      <trkpt lat="-33.257920" lon="23.654582"><ele>714.8</ele></trkpt>
      <trkpt lat="-33.257381" lon="23.654642"><ele>715.1</ele></trkpt>
      <trkpt lat="-33.256842" lon="23.654701"><ele>715.5</ele></trkpt>
      <trkpt lat="-33.256304" lon="23.654760"><ele>716.0</ele></trkpt>
      <trkpt lat="-33.255766" lon="23.654819"><ele>716.4</ele></trkpt>
      <trkpt lat="-33.255229" lon="23.654878"><ele>716.8</ele></trkpt>
      <trkpt lat="-33.254693" lon="23.654936"><ele>717.2</ele></trkpt>
      <trkpt lat="-33.254157" lon="23.654994"><ele>717.6</ele></trkpt>
      <trkpt lat="-33.253621" lon="23.655051"><ele>718.0</ele></trkpt>
      <trkpt lat="-33.253087" lon="23.655109"><ele>718.4</ele></trkpt>
      <trkpt lat="-33.252552" lon="23.655166"><ele>718.8</ele></trkpt>
      <trkpt lat="-33.252019" lon="23.655223"><ele>719.2</ele></trkpt>
      <trkpt lat="-33.251486" lon="23.655279"><ele>719.7</ele></trkpt>
      <trkpt lat="-33.250953" lon="23.655335"><ele>720.1</ele></trkpt>
      <trkpt lat="-33.250422" lon="23.655391"><ele>720.5</ele></trkpt>
      <trkpt lat="-33.249891" lon="23.655447"><ele>720.9</ele></trkpt>
      <trkpt lat="-33.249360" lon="23.655503"><ele>721.4</ele></trkpt>
      <trkpt lat="-33.248830" lon="23.655558"><ele>721.8</ele></trkpt>
      <trkpt lat="-33.248301" lon="23.655613"><ele>722.2</ele></trkpt>
      <trkpt lat="-33.247772" lon="23.655668"><ele>722.7</ele></trkpt>
      <trkpt lat="-33.247245" lon="23.655722"><ele>723.1</ele></trkpt>
      <trkpt lat="-33.246717" lon="23.655776"><ele>723.5</ele></trkpt>
      <trkpt lat="-33.246191" lon="23.655831"><ele>723.9</ele></trkpt>
      <trkpt lat="-33.245665" lon="23.655884"><ele>724.4</ele></trkpt>
      <trkpt lat="-33.245140" lon="23.655938"><ele>724.8</ele></trkpt>
      <trkpt lat="-33.244616" lon="23.655991"><ele>725.2</ele></trkpt>
      <trkpt lat="-33.244092" lon="23.656044"><ele>725.7</ele></trkpt>
      <trkpt lat="-33.243569" lon="23.656097"><ele>726.1</ele></trkpt>
      <trkpt lat="-33.243047" lon="23.656150"><ele>726.5</ele></trkpt>
      <trkpt lat="-33.242525" lon="23.656202"><ele>727.0</ele></trkpt>
      <trkpt lat="-33.242005" lon="23.656254"><ele>727.4</ele></trkpt>
      <trkpt lat="-33.241485" lon="23.656306"><ele>727.9</ele></trkpt>
      <trkpt lat="-33.240965" lon="23.656358"><ele>728.3</ele></trkpt>
      <trkpt lat="-33.240447" lon="23.656410"><ele>728.7</ele></trkpt>
      <trkpt lat="-33.239929" lon="23.656461"><ele>729.2</ele></trkpt>
      <trkpt lat="-33.239412" lon="23.656512"><ele>729.6</ele></trkpt>
      <trkpt lat="-33.238896" lon="23.656563"><ele>730.0</ele></trkpt>
      <trkpt lat="-33.238381" lon="23.656614"><ele>730.4</ele></trkpt>
      <trkpt lat="-33.237867" lon="23.656664"><ele>730.9</ele></trkpt>
      <trkpt lat="-33.237353" lon="23.656715"><ele>731.3</ele></trkpt>
      <trkpt lat="-33.236840" lon="23.656765"><ele>731.7</ele></trkpt>
      <trkpt lat="-33.236328" lon="23.656815"><ele>732.2</ele></trkpt>
      <trkpt lat="-33.235817" lon="23.656865"><ele>732.6</ele></trkpt>
      <trkpt lat="-33.235307" lon="23.656914"><ele>733.0</ele></trkpt>
      <trkpt lat="-33.234797" lon="23.656964"><ele>733.4</ele></trkpt>
      <trkpt lat="-33.234289" lon="23.657013"><ele>733.9</ele></trkpt>
      <trkpt lat="-33.233781" lon="23.657062"><ele>734.3</ele></trkpt>
      <trkpt lat="-33.233274" lon="23.657111"><ele>734.7</ele></trkpt>
      <trkpt lat="-33.232768" lon="23.657159"><ele>735.1</ele></trkpt>
      <trkpt lat="-33.232263" lon="23.657208"><ele>735.5</ele></trkpt>
      <trkpt lat="-33.231759" lon="23.657256"><ele>736.0</ele></trkpt>
      <trkpt lat="-33.231256" lon="23.657305"><ele>736.4</ele></trkpt>
      <trkpt lat="-33.230753" lon="23.657353"><ele>736.8</ele></trkpt>
      <trkpt lat="-33.230252" lon="23.657400"><ele>737.2</ele></trkpt>
      <trkpt lat="-33.229751" lon="23.657448"><ele>737.6</ele></trkpt>
      <trkpt lat="-33.229252" lon="23.657496"><ele>738.0</ele></trkpt>
      <trkpt lat="-33.228753" lon="23.657543"><ele>738.4</ele></trkpt>
      <trkpt lat="-33.228255" lon="23.657590"><ele>738.8</ele></trkpt>
      <trkpt lat="-33.227759" lon="23.657638"><ele>739.2</ele></trkpt>
      <trkpt lat="-33.227263" lon="23.657685"><ele>739.6</ele></trkpt>
      <trkpt lat="-33.226768" lon="23.657731"><ele>740.0</ele></trkpt>
      <trkpt lat="-33.226274" lon="23.657778"><ele>740.4</ele></trkpt>
      <trkpt lat="-33.225782" lon="23.657825"><ele>740.8</ele></trkpt>
      <trkpt lat="-33.225290" lon="23.657871"><ele>741.2</ele></trkpt>
      <trkpt lat="-33.224799" lon="23.657917"><ele>741.5</ele></trkpt>
      <trkpt lat="-33.224309" lon="23.657963"><ele>741.9</ele></trkpt>
      <trkpt lat="-33.223820" lon="23.658010"><ele>742.3</ele></trkpt>
      <trkpt lat="-33.223332" lon="23.658055"><ele>742.7</ele></trkpt>
      <trkpt lat="-33.222846" lon="23.658101"><ele>743.0</ele></trkpt>
      <trkpt lat="-33.222360" lon="23.658147"><ele>743.4</ele></trkpt>
      <trkpt lat="-33.221875" lon="23.658192"><ele>743.8</ele></trkpt>
      <trkpt lat="-33.221392" lon="23.658238"><ele>744.1</ele></trkpt>
      <trkpt lat="-33.220909" lon="23.658283"><ele>744.5</ele></trkpt>
      <trkpt lat="-33.220428" lon="23.658329"><ele>744.9</ele></trkpt>
      <trkpt lat="-33.219947" lon="23.658374"><ele>745.2</ele></trkpt>
      <trkpt lat="-33.219468" lon="23.658419"><ele>745.6</ele></trkpt>
      <trkpt lat="-33.218990" lon="23.658464"><ele>745.9</ele></trkpt>
      <trkpt lat="-33.218512" lon="23.658508"><ele>746.3</ele></trkpt>
      <trkpt lat="-33.218036" lon="23.658553"><ele>746.6</ele></trkpt>
      <trkpt lat="-33.217561" lon="23.658598"><ele>746.9</ele></trkpt>
      <trkpt lat="-33.217088" lon="23.658642"><ele>747.3</ele></trkpt>
      <trkpt lat="-33.216615" lon="23.658687"><ele>747.6</ele></trkpt>
      <trkpt lat="-33.216143" lon="23.658731"><ele>747.9</ele></trkpt>
      <trkpt lat="-33.215673" lon="23.658775"><ele>748.2</ele></trkpt>
      <trkpt lat="-33.215203" lon="23.658820"><ele>748.6</ele></trkpt>
      <trkpt lat="-33.214735" lon="23.658864"><ele>748.9</ele></trkpt>
      <trkpt lat="-33.214268" lon="23.658908"><ele>749.2</ele></trkpt>
      <trkpt lat="-33.213802" lon="23.658952"><ele>749.5</ele></trkpt>
      <trkpt lat="-33.213338" lon="23.658996"><ele>749.8</ele></trkpt>
      <trkpt lat="-33.212874" lon="23.659040"><ele>750.1</ele></trkpt>
      <trkpt lat="-33.212412" lon="23.659083"><ele>750.4</ele></trkpt>
      <trkpt lat="-33.211951" lon="23.659127"><ele>750.7</ele></trkpt>
      <trkpt lat="-33.211491" lon="23.659171"><ele>751.0</ele></trkpt>
      <trkpt lat="-33.211032" lon="23.659214"><ele>751.2</ele></trkpt>
      <trkpt lat="-33.210574" lon="23.659258"><ele>751.5</ele></trkpt>
      <trkpt lat="-33.210118" lon="23.659302"><ele>751.8</ele></trkpt>
      <trkpt lat="-33.209663" lon="23.659345"><ele>752.1</ele></trkpt>
      <trkpt lat="-33.209209" lon="23.659388"><ele>752.3</ele></trkpt>
      <trkpt lat="-33.208756" lon="23.659432"><ele>752.6</ele></trkpt>
      <trkpt lat="-33.208305" lon="23.659475"><ele>752.8</ele></trkpt>
      <trkpt lat="-33.207854" lon="23.659518"><ele>753.1</ele></trkpt>
      <trkpt lat="-33.207405" lon="23.659562"><ele>753.3</ele></trkpt>
      <trkpt lat="-33.206958" lon="23.659605"><ele>753.6</ele></trkpt>
      <trkpt lat="-33.206511" lon="23.659648"><ele>753.8</ele></trkpt>
      <trkpt lat="-33.206066" lon="23.659691"><ele>754.1</ele></trkpt>
      <trkpt lat="-33.205622" lon="23.659734"><ele>754.3</ele></trkpt>
      <trkpt lat="-33.205180" lon="23.659777"><ele>754.5</ele></trkpt>
      <trkpt lat="-33.204738" lon="23.659820"><ele>754.7</ele></trkpt>
      <trkpt lat="-33.204298" lon="23.659863"><ele>755.0</ele></trkpt>
      <trkpt lat="-33.203860" lon="23.659906"><ele>755.2</ele></trkpt>
      <trkpt lat="-33.203422" lon="23.659949"><ele>755.4</ele></trkpt>
      <trkpt lat="-33.202986" lon="23.659992"><ele>755.6</ele></trkpt>
      <trkpt lat="-33.202551" lon="23.660035"><ele>755.8</ele></trkpt>
      <trkpt lat="-33.202118" lon="23.660078"><ele>756.0</ele></trkpt>
      <trkpt lat="-33.201686" lon="23.660121"><ele>756.2</ele></trkpt>
      <trkpt lat="-33.201255" lon="23.660164"><ele>756.4</ele></trkpt>
      <trkpt lat="-33.200826" lon="23.660207"><ele>756.5</ele></trkpt>
      <trkpt lat="-33.200397" lon="23.660250"><ele>756.7</ele></trkpt>
      <trkpt lat="-33.199971" lon="23.660293"><ele>756.9</ele></trkpt>
      <trkpt lat="-33.199545" lon="23.660336"><ele>757.1</ele></trkpt>
      <trkpt lat="-33.199121" lon="23.660379"><ele>757.2</ele></trkpt>
      <trkpt lat="-33.198699" lon="23.660422"><ele>757.4</ele></trkpt>
      <trkpt lat="-33.198278" lon="23.660465"><ele>757.5</ele></trkpt>
      <trkpt lat="-33.197858" lon="23.660508"><ele>757.7</ele></trkpt>
      <trkpt lat="-33.197439" lon="23.660551"><ele>757.8</ele></trkpt>
      <trkpt lat="-33.197022" lon="23.660594"><ele>758.0</ele></trkpt>
      <trkpt lat="-33.196606" lon="23.660637"><ele>758.1</ele></trkpt>
      <trkpt lat="-33.196192" lon="23.660681"><ele>758.2</ele></trkpt>
      <trkpt lat="-33.195779" lon="23.660724"><ele>758.4</ele></trkpt>
      <trkpt lat="-33.195368" lon="23.660767"><ele>758.5</ele></trkpt>
      <trkpt lat="-33.194958" lon="23.660810"><ele>758.6</ele></trkpt>
      <trkpt lat="-33.194549" lon="23.660853"><ele>758.7</ele></trkpt>
      <trkpt lat="-33.194142" lon="23.660897"><ele>758.8</ele></trkpt>
      <trkpt lat="-33.193736" lon="23.660940"><ele>758.9</ele></trkpt>
      <trkpt lat="-33.193332" lon="23.660983"><ele>759.0</ele></trkpt>
      <trkpt lat="-33.192929" lon="23.661027"><ele>759.1</ele></trkpt>
      <trkpt lat="-33.192528" lon="23.661070"><ele>759.2</ele></trkpt>
      <trkpt lat="-33.192128" lon="23.661114"><ele>759.3</ele></trkpt>
      <trkpt lat="-33.191730" lon="23.661157"><ele>759.4</ele></trkpt>
      <trkpt lat="-33.191333" lon="23.661201"><ele>759.4</ele></trkpt>
      <trkpt lat="-33.190937" lon="23.661244"><ele>759.5</ele></trkpt>
      <trkpt lat="-33.190544" lon="23.661288"><ele>759.6</ele></trkpt>
      <trkpt lat="-33.190151" lon="23.661332"><ele>759.6</ele></trkpt>
      <trkpt lat="-33.189760" lon="23.661376"><ele>759.7</ele></trkpt>
      <trkpt lat="-33.189371" lon="23.661420"><ele>759.7</ele></trkpt>
      <trkpt lat="-33.188983" lon="23.661464"><ele>759.8</ele></trkpt>
      <trkpt lat="-33.188596" lon="23.661508"><ele>759.8</ele></trkpt>
      <trkpt lat="-33.188211" lon="23.661552"><ele>759.9</ele></trkpt>
      <trkpt lat="-33.187828" lon="23.661596"><ele>759.9</ele></trkpt>
      <trkpt lat="-33.187446" lon="23.661640"><ele>759.9</ele></trkpt>
      <trkpt lat="-33.187066" lon="23.661685"><ele>759.9</ele></trkpt>
      <trkpt lat="-33.186687" lon="23.661729"><ele>760.0</ele></trkpt>
      <trkpt lat="-33.186310" lon="23.661773"><ele>760.0</ele></trkpt>
      <trkpt lat="-33.185934" lon="23.661818"><ele>760.0</ele></trkpt>
      <trkpt lat="-33.185560" lon="23.661863"><ele>760.0</ele></trkpt>
      <trkpt lat="-33.185187" lon="23.661907"><ele>760.0</ele></trkpt>
      <trkpt lat="-33.184816" lon="23.661952"><ele>760.0</ele></trkpt>
      <trkpt lat="-33.184447" lon="23.661997"><ele>760.0</ele></trkpt>
      <trkpt lat="-33.184079" lon="23.662042"><ele>760.0</ele></trkpt>
      <trkpt lat="-33.183712" lon="23.662087"><ele>760.0</ele></trkpt>
      <trkpt lat="-33.183348" lon="23.662133"><ele>760.0</ele></trkpt>
      <trkpt lat="-33.182984" lon="23.662178"><ele>760.0</ele></trkpt>
      <trkpt lat="-33.182623" lon="23.662223"><ele>759.9</ele></trkpt>
      <trkpt lat="-33.182263" lon="23.662269"><ele>759.9</ele></trkpt>
      <trkpt lat="-33.181905" lon="23.662315"><ele>759.9</ele></trkpt>
      <trkpt lat="-33.181548" lon="23.662360"><ele>759.9</ele></trkpt>
      <trkpt lat="-33.181193" lon="23.662406"><ele>759.9</ele></trkpt>
      <trkpt lat="-33.180839" lon="23.662452"><ele>759.8</ele></trkpt>
      <trkpt lat="-33.180487" lon="23.662499"><ele>759.8</ele></trkpt>
      <trkpt lat="-33.180137" lon="23.662545"><ele>759.8</ele></trkpt>
      <trkpt lat="-33.179788" lon="23.662591"><ele>759.8</ele></trkpt>
      <trkpt lat="-33.179441" lon="23.662638"><ele>759.7</ele></trkpt>
      <trkpt lat="-33.179096" lon="23.662684"><ele>759.7</ele></trkpt>
      <trkpt lat="-33.178752" lon="23.662731"><ele>759.7</ele></trkpt>
      <trkpt lat="-33.178410" lon="23.662778"><ele>759.6</ele></trkpt>
      <trkpt lat="-33.178070" lon="23.662825"><ele>759.6</ele></trkpt>
      <trkpt lat="-33.177731" lon="23.662872"><ele>759.5</ele></trkpt>
      <trkpt lat="-33.177394" lon="23.662919"><ele>759.5</ele></trkpt>
      <trkpt lat="-33.177058" lon="23.662967"><ele>759.4</ele></trkpt>
      <trkpt lat="-33.176725" lon="23.663014"><ele>759.4</ele></trkpt>
      <trkpt lat="-33.176392" lon="23.663062"><ele>759.4</ele></trkpt>
      <trkpt lat="-33.176062" lon="23.663110"><ele>759.3</ele></trkpt>
      <trkpt lat="-33.175733" lon="23.663158"><ele>759.3</ele></trkpt>
      <trkpt lat="-33.175406" lon="23.663206"><ele>759.2</ele></trkpt>
      <trkpt lat="-33.175081" lon="23.663254"><ele>759.2</ele></trkpt>
      <trkpt lat="-33.174757" lon="23.663303"><ele>759.1</ele></trkpt>
      <trkpt lat="-33.174435" lon="23.663351"><ele>759.0</ele></trkpt>
      <trkpt lat="-33.174115" lon="23.663400"><ele>759.0</ele></trkpt>
      <trkpt lat="-33.173796" lon="23.663449"><ele>758.9</ele></trkpt>
      <trkpt lat="-33.173479" lon="23.663498"><ele>758.9</ele></trkpt>
      <trkpt lat="-33.173164" lon="23.663548"><ele>758.8</ele></trkpt>
      <trkpt lat="-33.172851" lon="23.663597"><ele>758.8</ele></trkpt>
      <trkpt lat="-33.172539" lon="23.663647"><ele>758.7</ele></trkpt>
      <trkpt lat="-33.172229" lon="23.663696"><ele>758.6</ele></trkpt>
      <trkpt lat="-33.171921" lon="23.663746"><ele>758.6</ele></trkpt>
      <trkpt lat="-33.171614" lon="23.663796"><ele>758.5</ele></trkpt>
      <trkpt lat="-33.171310" lon="23.663847"><ele>758.4</ele></trkpt>
      <trkpt lat="-33.171006" lon="23.663897"><ele>758.4</ele></trkpt>
      <trkpt lat="-33.170705" lon="23.663948"><ele>758.3</ele></trkpt>
      <trkpt lat="-33.170406" lon="23.663999"><ele>758.2</ele></trkpt>
      <trkpt lat="-33.170108" lon="23.664050"><ele>758.2</ele></trkpt>
      <trkpt lat="-33.169812" lon="23.664101"><ele>758.1</ele></trkpt>
      <trkpt lat="-33.169518" lon="23.664152"><ele>758.0</ele></trkpt>
      <trkpt lat="-33.169225" lon="23.664204"><ele>757.9</ele></trkpt>
      <trkpt lat="-33.168934" lon="23.664256"><ele>757.9</ele></trkpt>
      <trkpt lat="-33.168645" lon="23.664308"><ele>757.8</ele></trkpt>
      <trkpt lat="-33.168358" lon="23.664360"><ele>757.7</ele></trkpt>
      <trkpt lat="-33.168073" lon="23.664412"><ele>757.7</ele></trkpt>
      <trkpt lat="-33.167789" lon="23.664465"><ele>757.6</ele></trkpt>
      <trkpt lat="-33.167507" lon="23.664518"><ele>757.5</ele></trkpt>
      <trkpt lat="-33.167227" lon="23.664571"><ele>757.4</ele></trkpt>
      <trkpt lat="-33.166949" lon="23.664624"><ele>757.4</ele></trkpt>
      <trkpt lat="-33.166672" lon="23.664677"><ele>757.3</ele></trkpt>
      <trkpt lat="-33.166397" lon="23.664731"><ele>757.2</ele></trkpt>
      <trkpt lat="-33.166125" lon="23.664785"><ele>757.1</ele></trkpt>
      <trkpt lat="-33.165853" lon="23.664839"><ele>757.0</ele></trkpt>
      <trkpt lat="-33.165584" lon="23.664893"><ele>757.0</ele></trkpt>
      <trkpt lat="-33.165317" lon="23.664947"><ele>756.9</ele></trkpt>
      <trkpt lat="-33.165051" lon="23.665002"><ele>756.8</ele></trkpt>
      <trkpt lat="-33.164787" lon="23.665057"><ele>756.7</ele></trkpt>
      <trkpt lat="-33.164525" lon="23.665112"><ele>756.7</ele></trkpt>
      <trkpt lat="-33.164265" lon="23.665167"><ele>756.6</ele></trkpt>
      <trkpt lat="-33.164006" lon="23.665223"><ele>756.5</ele></trkpt>
      <trkpt lat="-33.163750" lon="23.665279"><ele>756.4</ele></trkpt>
      <trkpt lat="-33.163495" lon="23.665335"><ele>756.3</ele></trkpt>
      <trkpt lat="-33.163242" lon="23.665391"><ele>756.3</ele></trkpt>
      <trkpt lat="-33.162991" lon="23.665448"><ele>756.2</ele></trkpt>
      <trkpt lat="-33.162742" lon="23.665504"><ele>756.1</ele></trkpt>
      <trkpt lat="-33.162494" lon="23.665561"><ele>756.0</ele></trkpt>
      <trkpt lat="-33.162249" lon="23.665619"><ele>755.9</ele></trkpt>
      <trkpt lat="-33.162005" lon="23.665676"><ele>755.8</ele></trkpt>
      <trkpt lat="-33.161763" lon="23.665734"><ele>755.8</ele></trkpt>
      <trkpt lat="-33.161523" lon="23.665792"><ele>755.7</ele></trkpt>
      <trkpt lat="-33.161285" lon="23.665850"><ele>755.6</ele></trkpt>
      <trkpt lat="-33.161049" lon="23.665908"><ele>755.5</ele></trkpt>
      <trkpt lat="-33.160814" lon="23.665967"><ele>755.4</ele></trkpt>
      <trkpt lat="-33.160582" lon="23.666026"><ele>755.4</ele></trkpt>
      <trkpt lat="-33.160351" lon="23.666085"><ele>755.3</ele></trkpt>
      <trkpt lat="-33.160122" lon="23.666145"><ele>755.2</ele></trkpt>
      <trkpt lat="-33.159895" lon="23.666204"><ele>755.1</ele></trkpt>
      <trkpt lat="-33.159670" lon="23.666264"><ele>755.0</ele></trkpt>
      <trkpt lat="-33.159447" lon="23.666325"><ele>755.0</ele></trkpt>
      <trkpt lat="-33.159225" lon="23.666385"><ele>754.9</ele></trkpt>
      <trkpt lat="-33.159006" lon="23.666446"><ele>754.8</ele></trkpt>
      <trkpt lat="-33.158788" lon="23.666507"><ele>754.7</ele></trkpt>
      <trkpt lat="-33.158572" lon="23.666568"><ele>754.6</ele></trkpt>
      <trkpt lat="-33.158359" lon="23.666630"><ele>754.6</ele></trkpt>
      <trkpt lat="-33.158147" lon="23.666692"><ele>754.5</ele></trkpt>
      <trkpt lat="-33.157937" lon="23.666754"><ele>754.4</ele></trkpt>
      <trkpt lat="-33.157728" lon="23.666816"><ele>754.3</ele></trkpt>
      <trkpt lat="-33.157522" lon="23.666879"><ele>754.2</ele></trkpt>
      <trkpt lat="-33.157318" lon="23.666942"><ele>754.2</ele></trkpt>
      <trkpt lat="-33.157115" lon="23.667005"><ele>754.1</ele></trkpt>
      <trkpt lat="-33.156915" lon="23.667069"><ele>754.0</ele></trkpt>
      <trkpt lat="-33.156716" lon="23.667133"><ele>753.9</ele></trkpt>
      <trkpt lat="-33.156519" lon="23.667197"><ele>753.8</ele></trkpt>
      <trkpt lat="-33.156324" lon="23.667261"><ele>753.8</ele></trkpt>
      <trkpt lat="-33.156131" lon="23.667326"><ele>753.7</ele></trkpt>
      <trkpt lat="-33.155940" lon="23.667391"><ele>753.6</ele></trkpt>
      <trkpt lat="-33.155751" lon="23.667456"><ele>753.5</ele></trkpt>
      <trkpt lat="-33.155564" lon="23.667521"><ele>753.5</ele></trkpt>
      <trkpt lat="-33.155378" lon="23.667587"><ele>753.4</ele></trkpt>
      <trkpt lat="-33.155195" lon="23.667653"><ele>753.3</ele></trkpt>
      <trkpt lat="-33.155013" lon="23.667720"><ele>753.2</ele></trkpt>
      <trkpt lat="-33.154834" lon="23.667787"><ele>753.2</ele></trkpt>
      <trkpt lat="-33.154656" lon="23.667854"><ele>753.1</ele></trkpt>
      <trkpt lat="-33.154480" lon="23.667921"><ele>753.0</ele></trkpt>
      <trkpt lat="-33.154306" lon="23.667989"><ele>752.9</ele></trkpt>
      <trkpt lat="-33.154134" lon="23.668057"><ele>752.9</ele></trkpt>
      <trkpt lat="-33.153964" lon="23.668125"><ele>752.8</ele></trkpt>
      <trkpt lat="-33.153796" lon="23.668193"><ele>752.7</ele></trkpt>
      <trkpt lat="-33.153630" lon="23.668262"><ele>752.6</ele></trkpt>
      <trkpt lat="-33.153466" lon="23.668331"><ele>752.6</ele></trkpt>
      <trkpt lat="-33.153303" lon="23.668401"><ele>752.5</ele></trkpt>
      <trkpt lat="-33.153143" lon="23.668471"><ele>752.4</ele></trkpt>
      <trkpt lat="-33.152985" lon="23.668541"><ele>752.4</ele></trkpt>
      <trkpt lat="-33.152828" lon="23.668611"><ele>752.3</ele></trkpt>
      <trkpt lat="-33.152674" lon="23.668682"><ele>752.2</ele></trkpt>
      <trkpt lat="-33.152521" lon="23.668753"><ele>752.2</ele></trkpt>
      <trkpt lat="-33.152370" lon="23.668825"><ele>752.1</ele></trkpt>
      <trkpt lat="-33.152221" lon="23.668896"><ele>752.0</ele></trkpt>
      <trkpt lat="-33.152075" lon="23.668969"><ele>752.0</ele></trkpt>
      <trkpt lat="-33.151930" lon="23.669041"><ele>751.9</ele></trkpt>
      <trkpt lat="-33.151787" lon="23.669114"><ele>751.8</ele></trkpt>
      <trkpt lat="-33.151646" lon="23.669187"><ele>751.8</ele></trkpt>
      <trkpt lat="-33.151507" lon="23.669260"><ele>751.7</ele></trkpt>
      <trkpt lat="-33.151369" lon="23.669334"><ele>751.6</ele></trkpt>
      <trkpt lat="-33.151234" lon="23.669408"><ele>751.6</ele></trkpt>
      <trkpt lat="-33.151101" lon="23.669482"><ele>751.5</ele></trkpt>
      <trkpt lat="-33.150970" lon="23.669557"><ele>751.4</ele></trkpt>
      <trkpt lat="-33.150840" lon="23.669632"><ele>751.4</ele></trkpt>
      <trkpt lat="-33.150713" lon="23.669707"><ele>751.3</ele></trkpt>
      <trkpt lat="-33.150587" lon="23.669783"><ele>751.3</ele></trkpt>
      <trkpt lat="-33.150464" lon="23.669859"><ele>751.2</ele></trkpt>
      <trkpt lat="-33.150342" lon="23.669936"><ele>751.1</ele></trkpt>
      <trkpt lat="-33.150223" lon="23.670013"><ele>751.1</ele></trkpt>
      <trkpt lat="-33.150105" lon="23.670090"><ele>751.0</ele></trkpt>
      <trkpt lat="-33.149989" lon="23.670167"><ele>751.0</ele></trkpt>
      <trkpt lat="-33.149875" lon="23.670245"><ele>750.9</ele></trkpt>
      <trkpt lat="-33.149764" lon="23.670323"><ele>750.8</ele></trkpt>
      <trkpt lat="-33.149654" lon="23.670402"><ele>750.8</ele></trkpt>
      <trkpt lat="-33.149546" lon="23.670481"><ele>750.7</ele></trkpt>
      <trkpt lat="-33.149440" lon="23.670560"><ele>750.7</ele></trkpt>
      <trkpt lat="-33.149336" lon="23.670639"><ele>750.6</ele></trkpt>
      <trkpt lat="-33.149234" lon="23.670719"><ele>750.6</ele></trkpt>
      <trkpt lat="-33.149134" lon="23.670800"><ele>750.5</ele></trkpt>
      <trkpt lat="-33.149035" lon="23.670880"><ele>750.5</ele></trkpt>
      <trkpt lat="-33.148939" lon="23.670961"><ele>750.4</ele></trkpt>
      <trkpt lat="-33.148845" lon="23.671043"><ele>750.4</ele></trkpt>
      <trkpt lat="-33.148752" lon="23.671125"><ele>750.3</ele></trkpt>
      <trkpt lat="-33.148662" lon="23.671207"><ele>750.3</ele></trkpt>
      <trkpt lat="-33.148574" lon="23.671289"><ele>750.2</ele></trkpt>
      <trkpt lat="-33.148487" lon="23.671372"><ele>750.2</ele></trkpt>
      <trkpt lat="-33.148403" lon="23.671455"><ele>750.1</ele></trkpt>
      <trkpt lat="-33.148320" lon="23.671539"><ele>750.1</ele></trkpt>
      <trkpt lat="-33.148239" lon="23.671623"><ele>750.0</ele></trkpt>
      <trkpt lat="-33.148161" lon="23.671707"><ele>750.0</ele></trkpt>
      <trkpt lat="-33.148084" lon="23.671792"><ele>749.9</ele></trkpt>
      <trkpt lat="-33.148009" lon="23.671877"><ele>749.9</ele></trkpt>
      <trkpt lat="-33.147936" lon="23.671962"><ele>749.8</ele></trkpt>
      <trkpt lat="-33.147865" lon="23.672048"><ele>749.8</ele></trkpt>
      <trkpt lat="-33.147796" lon="23.672134"><ele>749.7</ele></trkpt>
      <trkpt lat="-33.147729" lon="23.672221"><ele>749.7</ele></trkpt>
      <trkpt lat="-33.147664" lon="23.672308"><ele>749.6</ele></trkpt>
      <trkpt lat="-33.147601" lon="23.672395"><ele>749.6</ele></trkpt>
      <trkpt lat="-33.147540" lon="23.672483"><ele>749.6</ele></trkpt>
      <trkpt lat="-33.147481" lon="23.672571"><ele>749.5</ele></trkpt>
      <trkpt lat="-33.147424" lon="23.672660"><ele>749.5</ele></trkpt>
      <trkpt lat="-33.147368" lon="23.672749"><ele>749.4</ele></trkpt>
      <trkpt lat="-33.147315" lon="23.672838"><ele>749.4</ele></trkpt>
      <trkpt lat="-33.147264" lon="23.672928"><ele>749.3</ele></trkpt>
      <trkpt lat="-33.147214" lon="23.673018"><ele>749.3</ele></trkpt>
      <trkpt lat="-33.147167" lon="23.673108"><ele>749.3</ele></trkpt>
      <trkpt lat="-33.147121" lon="23.673199"><ele>749.2</ele></trkpt>
      <trkpt lat="-33.147077" lon="23.673290"><ele>749.2</ele></trkpt>
      <trkpt lat="-33.147036" lon="23.673382"><ele>749.1</ele></trkpt>
      <trkpt lat="-33.146996" lon="23.673474"><ele>749.1</ele></trkpt>
      <trkpt lat="-33.146958" lon="23.673567"><ele>749.1</ele></trkpt>
      <trkpt lat="-33.146922" lon="23.673659"><ele>749.0</ele></trkpt>
      <trkpt lat="-33.146888" lon="23.673753"><ele>749.0</ele></trkpt>
      <trkpt lat="-33.146856" lon="23.673846"><ele>748.9</ele></trkpt>
      <trkpt lat="-33.146826" lon="23.673940"><ele>748.9</ele></trkpt>
      <trkpt lat="-33.146798" lon="23.674035"><ele>748.9</ele></trkpt>
      <trkpt lat="-33.146772" lon="23.674130"><ele>748.8</ele></trkpt>
      <trkpt lat="-33.146747" lon="23.674225"><ele>748.8</ele></trkpt>
      <trkpt lat="-33.146725" lon="23.674320"><ele>748.7</ele></trkpt>
      <trkpt lat="-33.146704" lon="23.674416"><ele>748.7</ele></trkpt>
      <trkpt lat="-33.146686" lon="23.674513"><ele>748.7</ele></trkpt>
      <trkpt lat="-33.146669" lon="23.674610"><ele>748.6</ele></trkpt>
      <trkpt lat="-33.146655" lon="23.674707"><ele>748.6</ele></trkpt>
      <trkpt lat="-33.146642" lon="23.674805"><ele>748.5</ele></trkpt>
      <trkpt lat="-33.146631" lon="23.674903"><ele>748.5</ele></trkpt>
      <trkpt lat="-33.146622" lon="23.675001"><ele>748.5</ele></trkpt>
      <trkpt lat="-33.146615" lon="23.675100"><ele>748.4</ele></trkpt>
      <trkpt lat="-33.146610" lon="23.675200"><ele>748.4</ele></trkpt>
      <trkpt lat="-33.146607" lon="23.675299"><ele>748.4</ele></trkpt>
      <trkpt lat="-33.146606" lon="23.675399"><ele>748.3</ele></trkpt>
      <trkpt lat="-33.146606" lon="23.675500"><ele>748.3</ele></trkpt>
      <trkpt lat="-33.146609" lon="23.675601"><ele>748.2</ele></trkpt>
      <trkpt lat="-33.146613" lon="23.675702"><ele>748.2</ele></trkpt>
      <trkpt lat="-33.146620" lon="23.675804"><ele>748.2</ele></trkpt>
      <trkpt lat="-33.146628" lon="23.675906"><ele>748.1</ele></trkpt>
      <trkpt lat="-33.146638" lon="23.676009"><ele>748.1</ele></trkpt>
      <trkpt lat="-33.146651" lon="23.676112"><ele>748.0</ele></trkpt>
      <trkpt lat="-33.146665" lon="23.676216"><ele>748.0</ele></trkpt>
      <trkpt lat="-33.146680" lon="23.676320"><ele>747.9</ele></trkpt>
      <trkpt lat="-33.146698" lon="23.676424"><ele>747.9</ele></trkpt>
      <trkpt lat="-33.146718" lon="23.676529"><ele>747.9</ele></trkpt>
      <trkpt lat="-33.146740" lon="23.676634"><ele>747.8</ele></trkpt>
      <trkpt lat="-33.146763" lon="23.676740"><ele>747.8</ele></trkpt>
      <trkpt lat="-33.146789" lon="23.676846"><ele>747.7</ele></trkpt>
      <trkpt lat="-33.146816" lon="23.676952"><ele>747.7</ele></trkpt>
      <trkpt lat="-33.146845" lon="23.677059"><ele>747.6</ele></trkpt>
      <trkpt lat="-33.146876" lon="23.677166"><ele>747.6</ele></trkpt>
      <trkpt lat="-33.146909" lon="23.677274"><ele>747.5</ele></trkpt>
      <trkpt lat="-33.146944" lon="23.677382"><ele>747.5</ele></trkpt>
      <trkpt lat="-33.146981" lon="23.677491"><ele>747.5</ele></trkpt>
      <trkpt lat="-33.147019" lon="23.677600"><ele>747.4</ele></trkpt>
      <trkpt lat="-33.147060" lon="23.677709"><ele>747.4</ele></trkpt>
      <trkpt lat="-33.147102" lon="23.677819"><ele>747.3</ele></trkpt>
      <trkpt lat="-33.147146" lon="23.677930"><ele>747.3</ele></trkpt>
      <trkpt lat="-33.147192" lon="23.678041"><ele>747.2</ele></trkpt>
      <trkpt lat="-33.147240" lon="23.678152"><ele>747.2</ele></trkpt>
      <trkpt lat="-33.147290" lon="23.678263"><ele>747.1</ele></trkpt>
      <trkpt lat="-33.147342" lon="23.678376"><ele>747.1</ele></trkpt>
      <trkpt lat="-33.147395" lon="23.678488"><ele>747.0</ele></trkpt>
      <trkpt lat="-33.147450" lon="23.678601"><ele>747.0</ele></trkpt>
      <trkpt lat="-33.147508" lon="23.678714"><ele>746.9</ele></trkpt>
      <trkpt lat="-33.147567" lon="23.678828"><ele>746.8</ele></trkpt>
      <trkpt lat="-33.147628" lon="23.678943"><ele>746.8</ele></trkpt>
      <trkpt lat="-33.147690" lon="23.679057"><ele>746.7</ele></trkpt>
      <trkpt lat="-33.147755" lon="23.679173"><ele>746.7</ele></trkpt>
      <trkpt lat="-33.147821" lon="23.679288"><ele>746.6</ele></trkpt>
      <trkpt lat="-33.147890" lon="23.679404"><ele>746.6</ele></trkpt>
      <trkpt lat="-33.147960" lon="23.679521"><ele>746.5</ele></trkpt>
      <trkpt lat="-33.148032" lon="23.679638"><ele>746.4</ele></trkpt>
      <trkpt lat="-33.148106" lon="23.679755"><ele>746.4</ele></trkpt>
      <trkpt lat="-33.148181" lon="23.679873"><ele>746.3</ele></trkpt>
      <trkpt lat="-33.148259" lon="23.679991"><ele>746.3</ele></trkpt>
      <trkpt lat="-33.148338" lon="23.680110"><ele>746.2</ele></trkpt>
      <trkpt lat="-33.148419" lon="23.680229"><ele>746.1</ele></trkpt>
      <trkpt lat="-33.148502" lon="23.680349"><ele>746.1</ele></trkpt>
      <trkpt lat="-33.148587" lon="23.680469"><ele>746.0</ele></trkpt>
      <trkpt lat="-33.148673" lon="23.680589"><ele>745.9</ele></trkpt>
      <trkpt lat="-33.148762" lon="23.680710"><ele>745.9</ele></trkpt>
      <trkpt lat="-33.148852" lon="23.680832"><ele>745.8</ele></trkpt>
      <trkpt lat="-33.148944" lon="23.680954"><ele>745.7</ele></trkpt>
      <trkpt lat="-33.149037" lon="23.681076"><ele>745.7</ele></trkpt>
      <trkpt lat="-33.149133" lon="23.681199"><ele>745.6</ele></trkpt>
      <trkpt lat="-33.149230" lon="23.681322"><ele>745.5</ele></trkpt>
      <trkpt lat="-33.149329" lon="23.681446"><ele>745.5</ele></trkpt>
      <trkpt lat="-33.149430" lon="23.681570"><ele>745.4</ele></trkpt>
      <trkpt lat="-33.149533" lon="23.681694"><ele>745.3</ele></trkpt>
      <trkpt lat="-33.149637" lon="23.681819"><ele>745.2</ele></trkpt>
      <trkpt lat="-33.149744" lon="23.681945"><ele>745.2</ele></trkpt>
      <trkpt lat="-33.149852" lon="23.682071"><ele>745.1</ele></trkpt>
      <trkpt lat="-33.149961" lon="23.682197"><ele>745.0</ele></trkpt>
      <trkpt lat="-33.150073" lon="23.682324"><ele>744.9</ele></trkpt>
      <trkpt lat="-33.150186" lon="23.682451"><ele>744.9</ele></trkpt>
      <trkpt lat="-33.150301" lon="23.682579"><ele>744.8</ele></trkpt>
      <trkpt lat="-33.150418" lon="23.682707"><ele>744.7</ele></trkpt>
      <trkpt lat="-33.150537" lon="23.682836"><ele>744.6</ele></trkpt>
      <trkpt lat="-33.150657" lon="23.682965"><ele>744.5</ele></trkpt>
      <trkpt lat="-33.150779" lon="23.683094"><ele>744.5</ele></trkpt>
      <trkpt lat="-33.150903" lon="23.683225"><ele>744.4</ele></trkpt>
      <trkpt lat="-33.151029" lon="23.683355"><ele>744.3</ele></trkpt>
      <trkpt lat="-33.151156" lon="23.683486"><ele>744.2</ele></trkpt>
      <trkpt lat="-33.151285" lon="23.683617"><ele>744.1</ele></trkpt>
      <trkpt lat="-33.151416" lon="23.683749"><ele>744.0</ele></trkpt>
      <trkpt lat="-33.151548" lon="23.683882"><ele>744.0</ele></trkpt>
      <trkpt lat="-33.151683" lon="23.684014"><ele>743.9</ele></trkpt>
      <trkpt lat="-33.151818" lon="23.684148"><ele>743.8</ele></trkpt>
      <trkpt lat="-33.151956" lon="23.684281"><ele>743.7</ele></trkpt>
      <trkpt lat="-33.152096" lon="23.684415"><ele>743.6</ele></trkpt>
      <trkpt lat="-33.152237" lon="23.684550"><ele>743.5</ele></trkpt>
      <trkpt lat="-33.152379" lon="23.684685"><ele>743.4</ele></trkpt>
      <trkpt lat="-33.152524" lon="23.684821"><ele>743.3</ele></trkpt>
      <trkpt lat="-33.152670" lon="23.684957"><ele>743.2</ele></trkpt>
      <trkpt lat="-33.152818" lon="23.685093"><ele>743.1</ele></trkpt>
      <trkpt lat="-33.152967" lon="23.685230"><ele>743.0</ele></trkpt>
      <trkpt lat="-33.153119" lon="23.685367"><ele>742.9</ele></trkpt>
      <trkpt lat="-33.153272" lon="23.685505"><ele>742.8</ele></trkpt>
      <trkpt lat="-33.153426" lon="23.685644"><ele>742.7</ele></trkpt>
      <trkpt lat="-33.153583" lon="23.685782"><ele>742.6</ele></trkpt>
      <trkpt lat="-33.153740" lon="23.685922"><ele>742.5</ele></trkpt>
      <trkpt lat="-33.153900" lon="23.686061"><ele>742.4</ele></trkpt>
      <trkpt lat="-33.154061" lon="23.686202"><ele>742.3</ele></trkpt>
      <trkpt lat="-33.154224" lon="23.686342"><ele>742.2</ele></trkpt>
      <trkpt lat="-33.154389" lon="23.686483"><ele>742.1</ele></trkpt>
      <trkpt lat="-33.154555" lon="23.686625"><ele>742.0</ele></trkpt>
      <trkpt lat="-33.154723" lon="23.686767"><ele>741.9</ele></trkpt>
      <trkpt lat="-33.154893" lon="23.686909"><ele>741.8</ele></trkpt>
      <trkpt lat="-33.155064" lon="23.687052"><ele>741.7</ele></trkpt>
      <trkpt lat="-33.155236" lon="23.687196"><ele>741.6</ele></trkpt>
      <trkpt lat="-33.155411" lon="23.687340"><ele>741.5</ele></trkpt>
      <trkpt lat="-33.155587" lon="23.687484"><ele>741.4</ele></trkpt>
      <trkpt lat="-33.155765" lon="23.687629"><ele>741.3</ele></trkpt>
      <trkpt lat="-33.155944" lon="23.687774"><ele>741.2</ele></trkpt>
      <trkpt lat="-33.156125" lon="23.687920"><ele>741.1</ele></trkpt>
      <trkpt lat="-33.156307" lon="23.688066"><ele>740.9</ele></trkpt>
      <trkpt lat="-33.156491" lon="23.688213"><ele>740.8</ele></trkpt>
      <trkpt lat="-33.156677" lon="23.688360"><ele>740.7</ele></trkpt>
      <trkpt lat="-33.156864" lon="23.688507"><ele>740.6</ele></trkpt>
      <trkpt lat="-33.157053" lon="23.688655"><ele>740.5</ele></trkpt>
      <trkpt lat="-33.157244" lon="23.688804"><ele>740.4</ele></trkpt>
      <trkpt lat="-33.157436" lon="23.688953"><ele>740.2</ele></trkpt>
      <trkpt lat="-33.157629" lon="23.689102"><ele>740.1</ele></trkpt>
      <trkpt lat="-33.157825" lon="23.689252"><ele>740.0</ele></trkpt>
      <trkpt lat="-33.158021" lon="23.689403"><ele>739.9</ele></trkpt>
      <trkpt lat="-33.158220" lon="23.689553"><ele>739.8</ele></trkpt>
      <trkpt lat="-33.158420" lon="23.689705"><ele>739.7</ele></trkpt>
      <trkpt lat="-33.158621" lon="23.689857"><ele>739.5</ele></trkpt>
      <trkpt lat="-33.158824" lon="23.690009"><ele>739.4</ele></trkpt>
      <trkpt lat="-33.159029" lon="23.690161"><ele>739.3</ele></trkpt>
      <trkpt lat="-33.159235" lon="23.690315"><ele>739.2</ele></trkpt>
      <trkpt lat="-33.159442" lon="23.690468"><ele>739.0</ele></trkpt>
      <trkpt lat="-33.159651" lon="23.690622"><ele>738.9</ele></trkpt>
      <trkpt lat="-33.159862" lon="23.690777"><ele>738.8</ele></trkpt>
      <trkpt lat="-33.160074" lon="23.690932"><ele>738.7</ele></trkpt>
      <trkpt lat="-33.160288" lon="23.691087"><ele>738.5</ele></trkpt>
      <trkpt lat="-33.160503" lon="23.691243"><ele>738.4</ele></trkpt>
      <trkpt lat="-33.160720" lon="23.691400"><ele>738.3</ele></trkpt>
      <trkpt lat="-33.160938" lon="23.691557"><ele>738.1</ele></trkpt>
      <trkpt lat="-33.161158" lon="23.691714"><ele>738.0</ele></trkpt>
      <trkpt lat="-33.161379" lon="23.691872"><ele>737.9</ele></trkpt>
      <trkpt lat="-33.161602" lon="23.692030"><ele>737.7</ele></trkpt>
      <trkpt lat="-33.161826" lon="23.692189"><ele>737.6</ele></trkpt>
      <trkpt lat="-33.162052" lon="23.692348"><ele>737.5</ele></trkpt>
      <trkpt lat="-33.162279" lon="23.692508"><ele>737.3</ele></trkpt>
      <trkpt lat="-33.162508" lon="23.692668"><ele>737.2</ele></trkpt>
      <trkpt lat="-33.162738" lon="23.692828"><ele>737.1</ele></trkpt>
      <trkpt lat="-33.162969" lon="23.692990"><ele>736.9</ele></trkpt>
      <trkpt lat="-33.163202" lon="23.693151"><ele>736.8</ele></trkpt>
      <trkpt lat="-33.163437" lon="23.693313"><ele>736.7</ele></trkpt>
      <trkpt lat="-33.163672" lon="23.693475"><ele>736.5</ele></trkpt>
      <trkpt lat="-33.163910" lon="23.693638"><ele>736.4</ele></trkpt>
      <trkpt lat="-33.164149" lon="23.693802"><ele>736.2</ele></trkpt>
      <trkpt lat="-33.164389" lon="23.693966"><ele>736.1</ele></trkpt>
      <trkpt lat="-33.164630" lon="23.694130"><ele>736.0</ele></trkpt>
      <trkpt lat="-33.164873" lon="23.694295"><ele>735.8</ele></trkpt>
      <trkpt lat="-33.165118" lon="23.694460"><ele>735.7</ele></trkpt>
      <trkpt lat="-33.165364" lon="23.694625"><ele>735.5</ele></trkpt>
      <trkpt lat="-33.165611" lon="23.694792"><ele>735.4</ele></trkpt>
      <trkpt lat="-33.165860" lon="23.694958"><ele>735.3</ele></trkpt>
      <trkpt lat="-33.166110" lon="23.695125"><ele>735.1</ele></trkpt>
      <trkpt lat="-33.166361" lon="23.695293"><ele>735.0</ele></trkpt>
      <trkpt lat="-33.166614" lon="23.695461"><ele>734.8</ele></trkpt>
      <trkpt lat="-33.166868" lon="23.695629"><ele>734.7</ele></trkpt>
      <trkpt lat="-33.167124" lon="23.695798"><ele>734.5</ele></trkpt>
      <trkpt lat="-33.167381" lon="23.695967"><ele>734.4</ele></trkpt>
      <trkpt lat="-33.167639" lon="23.696137"><ele>734.2</ele></trkpt>
      <trkpt lat="-33.167899" lon="23.696307"><ele>734.1</ele></trkpt>
      <trkpt lat="-33.168160" lon="23.696478"><ele>734.0</ele></trkpt>
      <trkpt lat="-33.168422" lon="23.696649"><ele>733.8</ele></trkpt>
      <trkpt lat="-33.168686" lon="23.696821"><ele>733.7</ele></trkpt>
      <trkpt lat="-33.168951" lon="23.696993"><ele>733.5</ele></trkpt>
      <trkpt lat="-33.169217" lon="23.697166"><ele>733.4</ele></trkpt>
      <trkpt lat="-33.169485" lon="23.697339"><ele>733.2</ele></trkpt>
      <trkpt lat="-33.169754" lon="23.697512"><ele>733.1</ele></trkpt>
      <trkpt lat="-33.170024" lon="23.697686"><ele>732.9</ele></trkpt>
      <trkpt lat="-33.170295" lon="23.697860"><ele>732.8</ele></trkpt>
      <trkpt lat="-33.170568" lon="23.698035"><ele>732.6</ele></trkpt>
      <trkpt lat="-33.170843" lon="23.698210"><ele>732.5</ele></trkpt>
      <trkpt lat="-33.171118" lon="23.698386"><ele>732.3</ele></trkpt>
      <trkpt lat="-33.171395" lon="23.698562"><ele>732.2</ele></trkpt>
      <trkpt lat="-33.171673" lon="23.698739"><ele>732.0</ele></trkpt>
      <trkpt lat="-33.171952" lon="23.698916"><ele>731.9</ele></trkpt>
      <trkpt lat="-33.172233" lon="23.699093"><ele>731.7</ele></trkpt>
      <trkpt lat="-33.172515" lon="23.699271"><ele>731.6</ele></trkpt>
      <trkpt lat="-33.172798" lon="23.699450"><ele>731.4</ele></trkpt>
      <trkpt lat="-33.173082" lon="23.699629"><ele>731.3</ele></trkpt>
      <trkpt lat="-33.173368" lon="23.699808"><ele>731.1</ele></trkpt>
      <trkpt lat="-33.173655" lon="23.699988"><ele>731.0</ele></trkpt>
      <trkpt lat="-33.173943" lon="23.700168"><ele>730.8</ele></trkpt>
      <trkpt lat="-33.174232" lon="23.700349"><ele>730.7</ele></trkpt>
      <trkpt lat="-33.174523" lon="23.700530"><ele>730.5</ele></trkpt>
      <trkpt lat="-33.174815" lon="23.700711"><ele>730.4</ele></trkpt>
      <trkpt lat="-33.175108" lon="23.700893"><ele>730.2</ele></trkpt>
      <trkpt lat="-33.175402" lon="23.701076"><ele>730.1</ele></trkpt>
      <trkpt lat="-33.175697" lon="23.701259"><ele>729.9</ele></trkpt>
      <trkpt lat="-33.175994" lon="23.701442"><ele>729.8</ele></trkpt>
      <trkpt lat="-33.176292" lon="23.701626"><ele>729.6</ele></trkpt>
      <trkpt lat="-33.176591" lon="23.701810"><ele>729.5</ele></trkpt>
      <trkpt lat="-33.176891" lon="23.701995"><ele>729.3</ele></trkpt>
      <trkpt lat="-33.177192" lon="23.702180"><ele>729.2</ele></trkpt>
      <trkpt lat="-33.177495" lon="23.702366"><ele>729.0</ele></trkpt>
      <trkpt lat="-33.177798" lon="23.702552"><ele>728.9</ele></trkpt>
      <trkpt lat="-33.178103" lon="23.702738"><ele>728.7</ele></trkpt>
      <trkpt lat="-33.178409" lon="23.702925"><ele>728.6</ele></trkpt>
      <trkpt lat="-33.178716" lon="23.703112"><ele>728.4</ele></trkpt>
      <trkpt lat="-33.179025" lon="23.703300"><ele>728.3</ele></trkpt>
      <trkpt lat="-33.179334" lon="23.703488"><ele>728.1</ele></trkpt>
      <trkpt lat="-33.179645" lon="23.703677"><ele>728.0</ele></trkpt>
      <trkpt lat="-33.179956" lon="23.703866"><ele>727.8</ele></trkpt>
      <trkpt lat="-33.180269" lon="23.704055"><ele>727.7</ele></trkpt>
      <trkpt lat="-33.180583" lon="23.704245"><ele>727.5</ele></trkpt>
      <trkpt lat="-33.180898" lon="23.704436"><ele>727.4</ele></trkpt>
      <trkpt lat="-33.181214" lon="23.704627"><ele>727.3</ele></trkpt>
      <trkpt lat="-33.181531" lon="23.704818"><ele>727.1</ele></trkpt>
      <trkpt lat="-33.181849" lon="23.705009"><ele>727.0</ele></trkpt>
      <trkpt lat="-33.182169" lon="23.705202"><ele>726.8</ele></trkpt>
      <trkpt lat="-33.182489" lon="23.705394"><ele>726.7</ele></trkpt>
      <trkpt lat="-33.182810" lon="23.705587"><ele>726.5</ele></trkpt>
      <trkpt lat="-33.183133" lon="23.705780"><ele>726.4</ele></trkpt>
      <trkpt lat="-33.183457" lon="23.705974"><ele>726.3</ele></trkpt>
      <trkpt lat="-33.183781" lon="23.706169"><ele>726.1</ele></trkpt>
      <trkpt lat="-33.184107" lon="23.706363"><ele>726.0</ele></trkpt>
      <trkpt lat="-33.184434" lon="23.706558"><ele>725.8</ele></trkpt>
      <trkpt lat="-33.184761" lon="23.706754"><ele>725.7</ele></trkpt>
      <trkpt lat="-33.185090" lon="23.706950"><ele>725.6</ele></trkpt>
      <trkpt lat="-33.185420" lon="23.707146"><ele>725.4</ele></trkpt>
      <trkpt lat="-33.185751" lon="23.707343"><ele>725.3</ele></trkpt>
      <trkpt lat="-33.186083" lon="23.707540"><ele>725.2</ele></trkpt>
      <trkpt lat="-33.186415" lon="23.707738"><ele>725.0</ele></trkpt>
      <trkpt lat="-33.186749" lon="23.707936"><ele>724.9</ele></trkpt>
      <trkpt lat="-33.187084" lon="23.708135"><ele>724.8</ele></trkpt>
      <trkpt lat="-33.187420" lon="23.708334"><ele>724.6</ele></trkpt>
      <trkpt lat="-33.187757" lon="23.708533"><ele>724.5</ele></trkpt>
      <trkpt lat="-33.188094" lon="23.708733"><ele>724.4</ele></trkpt>
      <trkpt lat="-33.188433" lon="23.708933"><ele>724.3</ele></trkpt>
      <trkpt lat="-33.188773" lon="23.709133"><ele>724.1</ele></trkpt>
      <trkpt lat="-33.189114" lon="23.709334"><ele>724.0</ele></trkpt>
      <trkpt lat="-33.189455" lon="23.709536"><ele>723.9</ele></trkpt>
      <trkpt lat="-33.189798" lon="23.709738"><ele>723.8</ele></trkpt>
      <trkpt lat="-33.190141" lon="23.709940"><ele>723.7</ele></trkpt>
      <trkpt lat="-33.190486" lon="23.710143"><ele>723.5</ele></trkpt>
      <trkpt lat="-33.190831" lon="23.710346"><ele>723.4</ele></trkpt>
      <trkpt lat="-33.191177" lon="23.710549"><ele>723.3</ele></trkpt>
      <trkpt lat="-33.191524" lon="23.710753"><ele>723.2</ele></trkpt>
      <trkpt lat="-33.191872" lon="23.710957"><ele>723.1</ele></trkpt>
      <trkpt lat="-33.192221" lon="23.711162"><ele>723.0</ele></trkpt>
      <trkpt lat="-33.192571" lon="23.711367"><ele>722.9</ele></trkpt>
      <trkpt lat="-33.192922" lon="23.711573"><ele>722.7</ele></trkpt>
      <trkpt lat="-33.193274" lon="23.711779"><ele>722.6</ele></trkpt>
      <trkpt lat="-33.193626" lon="23.711985"><ele>722.5</ele></trkpt>
      <trkpt lat="-33.193979" lon="23.712192"><ele>722.4</ele></trkpt>
      <trkpt lat="-33.194334" lon="23.712399"><ele>722.3</ele></trkpt>
      <trkpt lat="-33.194689" lon="23.712607"><ele>722.2</ele></trkpt>
      <trkpt lat="-33.195045" lon="23.712814"><ele>722.1</ele></trkpt>
      <trkpt lat="-33.195401" lon="23.713023"><ele>722.0</ele></trkpt>
      <trkpt lat="-33.195759" lon="23.713232"><ele>721.9</ele></trkpt>
      <trkpt lat="-33.196118" lon="23.713441"><ele>721.8</ele></trkpt>
      <trkpt lat="-33.196477" lon="23.713650"><ele>721.7</ele></trkpt>
      <trkpt lat="-33.196837" lon="23.713860"><ele>721.7</ele></trkpt>
      <trkpt lat="-33.197198" lon="23.714071"><ele>721.6</ele></trkpt>
      <trkpt lat="-33.197560" lon="23.714281"><ele>721.5</ele></trkpt>
      <trkpt lat="-33.197922" lon="23.714492"><ele>721.4</ele></trkpt>
      <trkpt lat="-33.198285" lon="23.714704"><ele>721.3</ele></trkpt>
      <trkpt lat="-33.198650" lon="23.714916"><ele>721.2</ele></trkpt>
      <trkpt lat="-33.199015" lon="23.715128"><ele>721.2</ele></trkpt>
      <trkpt lat="-33.199380" lon="23.715341"><ele>721.1</ele></trkpt>
      <trkpt lat="-33.199747" lon="23.715554"><ele>721.0</ele></trkpt>
      <trkpt lat="-33.200114" lon="23.715767"><ele>720.9</ele></trkpt>
      <trkpt lat="-33.200482" lon="23.715981"><ele>720.9</ele></trkpt>
      <trkpt lat="-33.200851" lon="23.716195"><ele>720.8</ele></trkpt>
      <trkpt lat="-33.201220" lon="23.716410"><ele>720.7</ele></trkpt>
      <trkpt lat="-33.201590" lon="23.716625"><ele>720.7</ele></trkpt>
      <trkpt lat="-33.201961" lon="23.716840"><ele>720.6</ele></trkpt>
      <trkpt lat="-33.202333" lon="23.717056"><ele>720.6</ele></trkpt>
      <trkpt lat="-33.202705" lon="23.717272"><ele>720.5</ele></trkpt>
      <trkpt lat="-33.203078" lon="23.717489"><ele>720.5</ele></trkpt>
      <trkpt lat="-33.203452" lon="23.717706"><ele>720.4</ele></trkpt>
      <trkpt lat="-33.203827" lon="23.717923"><ele>720.4</ele></trkpt>
      <trkpt lat="-33.204202" lon="23.718141"><ele>720.3</ele></trkpt>
      <trkpt lat="-33.204578" lon="23.718359"><ele>720.3</ele></trkpt>
      <trkpt lat="-33.204955" lon="23.718577"><ele>720.2</ele></trkpt>
      <trkpt lat="-33.205332" lon="23.718796"><ele>720.2</ele></trkpt>
      <trkpt lat="-33.205710" lon="23.719015"><ele>720.2</ele></trkpt>
      <trkpt lat="-33.206088" lon="23.719234"><ele>720.1</ele></trkpt>
      <trkpt lat="-33.206468" lon="23.719454"><ele>720.1</ele></trkpt>
      <trkpt lat="-33.206848" lon="23.719675"><ele>720.1</ele></trkpt>
      <trkpt lat="-33.207228" lon="23.719895"><ele>720.1</ele></trkpt>
      <trkpt lat="-33.207609" lon="23.720116"><ele>720.0</ele></trkpt>
      <trkpt lat="-33.207991" lon="23.720337"><ele>720.0</ele></trkpt>
      <trkpt lat="-33.208374" lon="23.720559"><ele>720.0</ele></trkpt>
      <trkpt lat="-33.208757" lon="23.720781"><ele>720.0</ele></trkpt>
      <trkpt lat="-33.209141" lon="23.721004"><ele>720.0</ele></trkpt>
      <trkpt lat="-33.209525" lon="23.721226"><ele>720.0</ele></trkpt>
      <trkpt lat="-33.209910" lon="23.721450"><ele>720.0</ele></trkpt>
      <trkpt lat="-33.210296" lon="23.721673"><ele>720.0</ele></trkpt>
      <trkpt lat="-33.210682" lon="23.721897"><ele>720.0</ele></trkpt>
      <trkpt lat="-33.211068" lon="23.722121"><ele>720.0</ele></trkpt>
      <trkpt lat="-33.211456" lon="23.722346"><ele>720.1</ele></trkpt>
      <trkpt lat="-33.211844" lon="23.722570"><ele>720.1</ele></trkpt>
      <trkpt lat="-33.212232" lon="23.722796"><ele>720.2</ele></trkpt>
      <trkpt lat="-33.212621" lon="23.723021"><ele>720.2</ele></trkpt>
      <trkpt lat="-33.213011" lon="23.723247"><ele>720.3</ele></trkpt>
      <trkpt lat="-33.213401" lon="23.723474"><ele>720.3</ele></trkpt>
      <trkpt lat="-33.213792" lon="23.723700"><ele>720.4</ele></trkpt>
      <trkpt lat="-33.214183" lon="23.723927"><ele>720.5</ele></trkpt>
      <trkpt lat="-33.214574" lon="23.724155"><ele>720.6</ele></trkpt>
      <trkpt lat="-33.214967" lon="23.724382"><ele>720.7</ele></trkpt>
      <trkpt lat="-33.215360" lon="23.724610"><ele>720.8</ele></trkpt>
      <trkpt lat="-33.215753" lon="23.724839"><ele>720.9</ele></trkpt>
      <trkpt lat="-33.216147" lon="23.725067"><ele>721.0</ele></trkpt>
      <trkpt lat="-33.216541" lon="23.725296"><ele>721.2</ele></trkpt>
      <trkpt lat="-33.216936" lon="23.725526"><ele>721.3</ele></trkpt>
      <trkpt lat="-33.217331" lon="23.725755"><ele>721.5</ele></trkpt>
      <trkpt lat="-33.217727" lon="23.725985"><ele>721.6</ele></trkpt>
      <trkpt lat="-33.218123" lon="23.726216"><ele>721.8</ele></trkpt>
      <trkpt lat="-33.218520" lon="23.726446"><ele>721.9</ele></trkpt>
      <trkpt lat="-33.218917" lon="23.726677"><ele>722.1</ele></trkpt>
      <trkpt lat="-33.219315" lon="23.726909"><ele>722.3</ele></trkpt>
      <trkpt lat="-33.219713" lon="23.727140"><ele>722.5</ele></trkpt>
      <trkpt lat="-33.220111" lon="23.727372"><ele>722.7</ele></trkpt>
      <trkpt lat="-33.220510" lon="23.727605"><ele>722.9</ele></trkpt>
      <trkpt lat="-33.220910" lon="23.727837"><ele>723.1</ele></trkpt>
      <trkpt lat="-33.221310" lon="23.728070"><ele>723.3</ele></trkpt>
      <trkpt lat="-33.221710" lon="23.728304"><ele>723.5</ele></trkpt>
      <trkpt lat="-33.222110" lon="23.728537"><ele>723.8</ele></trkpt>
      <trkpt lat="-33.222512" lon="23.728771"><ele>724.0</ele></trkpt>
      <trkpt lat="-33.222913" lon="23.729005"><ele>724.3</ele></trkpt>
      <trkpt lat="-33.223315" lon="23.729240"><ele>724.5</ele></trkpt>
      <trkpt lat="-33.223717" lon="23.729475"><ele>724.8</ele></trkpt>
      <trkpt lat="-33.224120" lon="23.729710"><ele>725.0</ele></trkpt>
      <trkpt lat="-33.224523" lon="23.729945"><ele>725.3</ele></trkpt>
      <trkpt lat="-33.224927" lon="23.730181"><ele>725.6</ele></trkpt>
      <trkpt lat="-33.225330" lon="23.730417"><ele>725.9</ele></trkpt>
      <trkpt lat="-33.225735" lon="23.730654"><ele>726.2</ele></trkpt>
      <trkpt lat="-33.226139" lon="23.730890"><ele>726.5</ele></trkpt>
      <trkpt lat="-33.226544" lon="23.731127"><ele>726.8</ele></trkpt>
      <trkpt lat="-33.226949" lon="23.731365"><ele>727.1</ele></trkpt>
      <trkpt lat="-33.227355" lon="23.731602"><ele>727.4</ele></trkpt>
      <trkpt lat="-33.227761" lon="23.731840"><ele>727.8</ele></trkpt>
      <trkpt lat="-33.228167" lon="23.732079"><ele>728.1</ele></trkpt>
      <trkpt lat="-33.228573" lon="23.732317"><ele>728.4</ele></trkpt>
      <trkpt lat="-33.228980" lon="23.732556"><ele>728.8</ele></trkpt>
      <trkpt lat="-33.229387" lon="23.732795"><ele>729.1</ele></trkpt>
      <trkpt lat="-33.229795" lon="23.733034"><ele>729.5</ele></trkpt>
      <trkpt lat="-33.230203" lon="23.733274"><ele>729.9</ele></trkpt>
      <trkpt lat="-33.230611" lon="23.733514"><ele>730.2</ele></trkpt>
      <trkpt lat="-33.231019" lon="23.733754"><ele>730.6</ele></trkpt>
      <trkpt lat="-33.231428" lon="23.733995"><ele>731.0</ele></trkpt>
      <trkpt lat="-33.231837" lon="23.734236"><ele>731.4</ele></trkpt>
      <trkpt lat="-33.232246" lon="23.734477"><ele>731.8</ele></trkpt>
      <trkpt lat="-33.232655" lon="23.734718"><ele>732.2</ele></trkpt>
      <trkpt lat="-33.233065" lon="23.734960"><ele>732.6</ele></trkpt>
      <trkpt lat="-33.233475" lon="23.735202"><ele>733.0</ele></trkpt>
      <trkpt lat="-33.233885" lon="23.735444"><ele>733.4</ele></trkpt>
      <trkpt lat="-33.234296" lon="23.735686"><ele>733.8</ele></trkpt>
      <trkpt lat="-33.234706" lon="23.735929"><ele>734.3</ele></trkpt>
      <trkpt lat="-33.235117" lon="23.736172"><ele>734.7</ele></trkpt>
      <trkpt lat="-33.235528" lon="23.736415"><ele>735.2</ele></trkpt>
      <trkpt lat="-33.235940" lon="23.736659"><ele>735.6</ele></trkpt>
      <trkpt lat="-33.236351" lon="23.736903"><ele>736.1</ele></trkpt>
      <trkpt lat="-33.236763" lon="23.737147"><ele>736.5</ele></trkpt>
      <trkpt lat="-33.237175" lon="23.737391"><ele>737.0</ele></trkpt>
      <trkpt lat="-33.237587" lon="23.737636"><ele>737.4</ele></trkpt>
      <trkpt lat="-33.238000" lon="23.737881"><ele>737.9</ele></trkpt>
      <trkpt lat="-33.238412" lon="23.738126"><ele>738.4</ele></trkpt>
      <trkpt lat="-33.238825" lon="23.738371"><ele>738.9</ele></trkpt>
      <trkpt lat="-33.239238" lon="23.738617"><ele>739.4</ele></trkpt>
      <trkpt lat="-33.239651" lon="23.738863"><ele>739.9</ele></trkpt>
      <trkpt lat="-33.240064" lon="23.739109"><ele>740.4</ele></trkpt>
      <trkpt lat="-33.240478" lon="23.739356"><ele>740.9</ele></trkpt>
      <trkpt lat="-33.240891" lon="23.739602"><ele>741.4</ele></trkpt>
      <trkpt lat="-33.241305" lon="23.739849"><ele>741.9</ele></trkpt>
      <trkpt lat="-33.241719" lon="23.740096"><ele>742.4</ele></trkpt>
      <trkpt lat="-33.242133" lon="23.740344"><ele>742.9</ele></trkpt>
      <trkpt lat="-33.242547" lon="23.740592"><ele>743.5</ele></trkpt>
      <trkpt lat="-33.242961" lon="23.740839"><ele>744.0</ele></trkpt>
      <trkpt lat="-33.243375" lon="23.741088"><ele>744.5</ele></trkpt>
      <trkpt lat="-33.243790" lon="23.741336"><ele>745.1</ele></trkpt>
      <trkpt lat="-33.244204" lon="23.741585"><ele>745.6</ele></trkpt>
      <trkpt lat="-33.244619" lon="23.741834"><ele>746.1</ele></trkpt>
      <trkpt lat="-33.245034" lon="23.742083"><ele>746.7</ele></trkpt>
      <trkpt lat="-33.245449" lon="23.742332"><ele>747.3</ele></trkpt>
      <trkpt lat="-33.245863" lon="23.742582"><ele>747.8</ele></trkpt>
      <trkpt lat="-33.246278" lon="23.742831"><ele>748.4</ele></trkpt>
      <trkpt lat="-33.246694" lon="23.743081"><ele>749.0</ele></trkpt>
      <trkpt lat="-33.247109" lon="23.743332"><ele>749.5</ele></trkpt>
      <trkpt lat="-33.247524" lon="23.743582"><ele>750.1</ele></trkpt>
      <trkpt lat="-33.247939" lon="23.743833"><ele>750.7</ele></trkpt>
      <trkpt lat="-33.248355" lon="23.744084"><ele>751.3</ele></trkpt>
      <trkpt lat="-33.248770" lon="23.744335"><ele>751.8</ele></trkpt>
      <trkpt lat="-33.249185" lon="23.744586"><ele>752.4</ele></trkpt>
      <trkpt lat="-33.249601" lon="23.744838"><ele>753.0</ele></trkpt>
      <trkpt lat="-33.250016" lon="23.745090"><ele>753.6</ele></trkpt>
      <trkpt lat="-33.250432" lon="23.745342"><ele>754.2</ele></trkpt>
      <trkpt lat="-33.250847" lon="23.745594"><ele>754.8</ele></trkpt>
      <trkpt lat="-33.251263" lon="23.745846"><ele>755.4</ele></trkpt>
      <trkpt lat="-33.251679" lon="23.746099"><ele>756.0</ele></trkpt>
      <trkpt lat="-33.252094" lon="23.746352"><ele>756.7</ele></trkpt>
      <trkpt lat="-33.252510" lon="23.746605"><ele>757.3</ele></trkpt>
      <trkpt lat="-33.252925" lon="23.746858"><ele>757.9</ele></trkpt>
      <trkpt lat="-33.253341" lon="23.747112"><ele>758.5</ele></trkpt>
      <trkpt lat="-33.253756" lon="23.747365"><ele>759.1</ele></trkpt>
      <trkpt lat="-33.254172" lon="23.747619"><ele>759.8</ele></trkpt>
      <trkpt lat="-33.254587" lon="23.747873"><ele>760.4</ele></trkpt>
      <trkpt lat="-33.255003" lon="23.748127"><ele>761.0</ele></trkpt>
      <trkpt lat="-33.255418" lon="23.748382"><ele>761.7</ele></trkpt>
      <trkpt lat="-33.255834" lon="23.748637"><ele>762.3</ele></trkpt>
      <trkpt lat="-33.256249" lon="23.748891"><ele>762.9</ele></trkpt>
      <trkpt lat="-33.256665" lon="23.749146"><ele>763.6</ele></trkpt>
      <trkpt lat="-33.257080" lon="23.749402"><ele>764.2</ele></trkpt>
      <trkpt lat="-33.257495" lon="23.749657"><ele>764.9</ele></trkpt>
      <trkpt lat="-33.257910" lon="23.749913"><ele>765.5</ele></trkpt>
      <trkpt lat="-33.258325" lon="23.750168"><ele>766.1</ele></trkpt>
      <trkpt lat="-33.258740" lon="23.750424"><ele>766.8</ele></trkpt>
      <trkpt lat="-33.259155" lon="23.750680"><ele>767.4</ele></trkpt>
      <trkpt lat="-33.259570" lon="23.750937"><ele>768.1</ele></trkpt>
      <trkpt lat="-33.259985" lon="23.751193"><ele>768.8</ele></trkpt>
      <trkpt lat="-33.260400" lon="23.751450"><ele>769.4</ele></trkpt>
      <trkpt lat="-33.260814" lon="23.751707"><ele>770.1</ele></trkpt>
      <trkpt lat="-33.261229" lon="23.751964"><ele>770.7</ele></trkpt>
      <trkpt lat="-33.261643" lon="23.752221"><ele>771.4</ele></trkpt>
      <trkpt lat="-33.262057" lon="23.752478"><ele>772.1</ele></trkpt>
      <trkpt lat="-33.262471" lon="23.752736"><ele>772.7</ele></trkpt>
      <trkpt lat="-33.262885" lon="23.752993"><ele>773.4</ele></trkpt>
      <trkpt lat="-33.263299" lon="23.753251"><ele>774.0</ele></trkpt>
      <trkpt lat="-33.263713" lon="23.753509"><ele>774.7</ele></trkpt>
      <trkpt lat="-33.264127" lon="23.753767"><ele>775.4</ele></trkpt>
      <trkpt lat="-33.264540" lon="23.754025"><ele>776.1</ele></trkpt>
      <trkpt lat="-33.264954" lon="23.754284"><ele>776.7</ele></trkpt>
      <trkpt lat="-33.265367" lon="23.754542"><ele>777.4</ele></trkpt>
      <trkpt lat="-33.265780" lon="23.754801"><ele>778.1</ele></trkpt>
      <trkpt lat="-33.266193" lon="23.755060"><ele>778.7</ele></trkpt>
      <trkpt lat="-33.266606" lon="23.755319"><ele>779.4</ele></trkpt>
      <trkpt lat="-33.267018" lon="23.755578"><ele>780.1</ele></trkpt>
      <trkpt lat="-33.267431" lon="23.755838"><ele>780.7</ele></trkpt>
      <trkpt lat="-33.267843" lon="23.756097"><ele>781.4</ele></trkpt>
      <trkpt lat="-33.268255" lon="23.756357"><ele>782.1</ele></trkpt>
      <trkpt lat="-33.268667" lon="23.756616"><ele>782.8</ele></trkpt>
      <trkpt lat="-33.269078" lon="23.756876"><ele>783.4</ele></trkpt>
      <trkpt lat="-33.269490" lon="23.757136"><ele>784.1</ele></trkpt>
      <trkpt lat="-33.269901" lon="23.757396"><ele>784.8</ele></trkpt>
      <trkpt lat="-33.270312" lon="23.757657"><ele>785.5</ele></trkpt>
      <trkpt lat="-33.270723" lon="23.757917"><ele>786.1</ele></trkpt>
      <trkpt lat="-33.271134" lon="23.758178"><ele>786.8</ele></trkpt>
      <trkpt lat="-33.271544" lon="23.758438"><ele>787.5</ele></trkpt>
      <trkpt lat="-33.271955" lon="23.758699"><ele>788.1</ele></trkpt>
      <trkpt lat="-33.272365" lon="23.758960"><ele>788.8</ele></trkpt>
      <trkpt lat="-33.272774" lon="23.759221"><ele>789.5</ele></trkpt>
      <trkpt lat="-33.273184" lon="23.759482"><ele>790.1</ele></trkpt>
      <trkpt lat="-33.273593" lon="23.759743"><ele>790.8</ele></trkpt>
      <trkpt lat="-33.274002" lon="23.760005"><ele>791.5</ele></trkpt>
      <trkpt lat="-33.274411" lon="23.760266"><ele>792.2</ele></trkpt>
      <trkpt lat="-33.274820" lon="23.760528"><ele>792.8</ele></trkpt>
      <trkpt lat="-33.275228" lon="23.760790"><ele>793.5</ele></trkpt>
      <trkpt lat="-33.275636" lon="23.761051"><ele>794.1</ele></trkpt>
      <trkpt lat="-33.276044" lon="23.761313"><ele>794.8</ele></trkpt>
      <trkpt lat="-33.276452" lon="23.761575"><ele>795.5</ele></trkpt>
      <trkpt lat="-33.276859" lon="23.761838"><ele>796.1</ele></trkpt>
      <trkpt lat="-33.277266" lon="23.762100"><ele>796.8</ele></trkpt>
      <trkpt lat="-33.277673" lon="23.762362"><ele>797.4</ele></trkpt>
      <trkpt lat="-33.278079" lon="23.762625"><ele>798.1</ele></trkpt>
      <trkpt lat="-33.278486" lon="23.762887"><ele>798.8</ele></trkpt>
      <trkpt lat="-33.278892" lon="23.763150"><ele>799.4</ele></trkpt>
      <trkpt lat="-33.279297" lon="23.763412"><ele>800.1</ele></trkpt>
      <trkpt lat="-33.279703" lon="23.763675"><ele>800.7</ele></trkpt>
      <trkpt lat="-33.280108" lon="23.763938"><ele>801.4</ele></trkpt>
      <trkpt lat="-33.280512" lon="23.764201"><ele>802.0</ele></trkpt>
      <trkpt lat="-33.280917" lon="23.764464"><ele>802.7</ele></trkpt>
      <trkpt lat="-33.281321" lon="23.764727"><ele>803.3</ele></trkpt>
      <trkpt lat="-33.281725" lon="23.764991"><ele>803.9</ele></trkpt>
      <trkpt lat="-33.282128" lon="23.765254"><ele>804.6</ele></trkpt>
      <trkpt lat="-33.282531" lon="23.765517"><ele>805.2</ele></trkpt>
      <trkpt lat="-33.282934" lon="23.765781"><ele>805.8</ele></trkpt>
      <trkpt lat="-33.283337" lon="23.766044"><ele>806.5</ele></trkpt>
      <trkpt lat="-33.283739" lon="23.766308"><ele>807.1</ele></trkpt>
      <trkpt lat="-33.284141" lon="23.766572"><ele>807.7</ele></trkpt>
      <trkpt lat="-33.284542" lon="23.766835"><ele>808.3</ele></trkpt>
      <trkpt lat="-33.284944" lon="23.767099"><ele>809.0</ele></trkpt>
      <trkpt lat="-33.285344" lon="23.767363"><ele>809.6</ele></trkpt>
      <trkpt lat="-33.285745" lon="23.767627"><ele>810.2</ele></trkpt>
      <trkpt lat="-33.286145" lon="23.767891"><ele>810.8</ele></trkpt>
      <trkpt lat="-33.286545" lon="23.768155"><ele>811.4</ele></trkpt>
      <trkpt lat="-33.286944" lon="23.768419"><ele>812.0</ele></trkpt>
      <trkpt lat="-33.287343" lon="23.768683"><ele>812.6</ele></trkpt>
      <trkpt lat="-33.287742" lon="23.768947"><ele>813.2</ele></trkpt>
      <trkpt lat="-33.288140" lon="23.769212"><ele>813.8</ele></trkpt>
      <trkpt lat="-33.288538" lon="23.769476"><ele>814.4</ele></trkpt>
      <trkpt lat="-33.288936" lon="23.769740"><ele>815.0</ele></trkpt>
      <trkpt lat="-33.289333" lon="23.770005"><ele>815.6</ele></trkpt>
      <trkpt lat="-33.289730" lon="23.770269"><ele>816.2</ele></trkpt>
      <trkpt lat="-33.290127" lon="23.770534"><ele>816.8</ele></trkpt>
      <trkpt lat="-33.290523" lon="23.770798"><ele>817.4</ele></trkpt>
      <trkpt lat="-33.290918" lon="23.771063"><ele>817.9</ele></trkpt>
      <trkpt lat="-33.291314" lon="23.771328"><ele>818.5</ele></trkpt>
      <trkpt lat="-33.291708" lon="23.771592"><ele>819.1</ele></trkpt>
      <trkpt lat="-33.292103" lon="23.771857"><ele>819.6</ele></trkpt>
      <trkpt lat="-33.292497" lon="23.772122"><ele>820.2</ele></trkpt>
      <trkpt lat="-33.292891" lon="23.772386"><ele>820.8</ele></trkpt>
      <trkpt lat="-33.293284" lon="23.772651"><ele>821.3</ele></trkpt>
      <trkpt lat="-33.293677" lon="23.772916"><ele>821.9</ele></trkpt>
      <trkpt lat="-33.294069" lon="23.773181"><ele>822.4</ele></trkpt>
      <trkpt lat="-33.294461" lon="23.773446"><ele>823.0</ele></trkpt>
      <trkpt lat="-33.294853" lon="23.773711"><ele>823.5</ele></trkpt>
      <trkpt lat="-33.295244" lon="23.773975"><ele>824.0</ele></trkpt>
      <trkpt lat="-33.295635" lon="23.774240"><ele>824.6</ele></trkpt>
      <trkpt lat="-33.296025" lon="23.774505"><ele>825.1</ele></trkpt>
      <trkpt lat="-33.296415" lon="23.774770"><ele>825.6</ele></trkpt>
      <trkpt lat="-33.296805" lon="23.775035"><ele>826.1</ele></trkpt>
      <trkpt lat="-33.297194" lon="23.775300"><ele>826.6</ele></trkpt>
      <trkpt lat="-33.297582" lon="23.775565"><ele>827.1</ele></trkpt>
      <trkpt lat="-33.297970" lon="23.775830"><ele>827.6</ele></trkpt>
      <trkpt lat="-33.298358" lon="23.776095"><ele>828.1</ele></trkpt>
      <trkpt lat="-33.298745" lon="23.776360"><ele>828.6</ele></trkpt>
      <trkpt lat="-33.299132" lon="23.776625"><ele>829.1</ele></trkpt>
      <trkpt lat="-33.299518" lon="23.776890"><ele>829.6</ele></trkpt>
      <trkpt lat="-33.299904" lon="23.777155"><ele>830.1</ele></trkpt>
      <trkpt lat="-33.300290" lon="23.777420"><ele>830.6</ele></trkpt>
      <trkpt lat="-33.300675" lon="23.777685"><ele>831.0</ele></trkpt>
      <trkpt lat="-33.301059" lon="23.777950"><ele>831.5</ele></trkpt>
      <trkpt lat="-33.301443" lon="23.778215"><ele>832.0</ele></trkpt>
      <trkpt lat="-33.301827" lon="23.778480"><ele>832.4</ele></trkpt>
      <trkpt lat="-33.302210" lon="23.778745"><ele>832.9</ele></trkpt>
      <trkpt lat="-33.302593" lon="23.779009"><ele>833.3</ele></trkpt>
      <trkpt lat="-33.302975" lon="23.779274"><ele>833.8</ele></trkpt>
      <trkpt lat="-33.303356" lon="23.779539"><ele>834.2</ele></trkpt>
      <trkpt lat="-33.303738" lon="23.779804"><ele>834.6</ele></trkpt>
      <trkpt lat="-33.304118" lon="23.780069"><ele>835.1</ele></trkpt>
      <trkpt lat="-33.304499" lon="23.780334"><ele>835.5</ele></trkpt>
      <trkpt lat="-33.304878" lon="23.780598"><ele>835.9</ele></trkpt>
      <trkpt lat="-33.305258" lon="23.780863"><ele>836.3</ele></trkpt>
      <trkpt lat="-33.305636" lon="23.781128"><ele>836.7</ele></trkpt>
      <trkpt lat="-33.306015" lon="23.781392"><ele>837.1</ele></trkpt>
      <trkpt lat="-33.306392" lon="23.781657"><ele>837.5</ele></trkpt>
      <trkpt lat="-33.306770" lon="23.781922"><ele>837.9</ele></trkpt>
      <trkpt lat="-33.307147" lon="23.782186"><ele>838.3</ele></trkpt>
      <trkpt lat="-33.307523" lon="23.782451"><ele>838.7</ele></trkpt>
      <trkpt lat="-33.307899" lon="23.782715"><ele>839.0</ele></trkpt>
      <trkpt lat="-33.308274" lon="23.782980"><ele>839.4</ele></trkpt>
      <trkpt lat="-33.308649" lon="23.783244"><ele>839.8</ele></trkpt>
      <trkpt lat="-33.309023" lon="23.783508"><ele>840.1</ele></trkpt>
      <trkpt lat="-33.309397" lon="23.783773"><ele>840.5</ele></trkpt>
      <trkpt lat="-33.309770" lon="23.784037"><ele>840.8</ele></trkpt>
      <trkpt lat="-33.310143" lon="23.784301"><ele>841.1</ele></trkpt>
      <trkpt lat="-33.310515" lon="23.784565"><ele>841.5</ele></trkpt>
      <trkpt lat="-33.310887" lon="23.784829"><ele>841.8</ele></trkpt>
      <trkpt lat="-33.311258" lon="23.785093"><ele>842.1</ele></trkpt>
      <trkpt lat="-33.311628" lon="23.785357"><ele>842.4</ele></trkpt>
      <trkpt lat="-33.311999" lon="23.785621"><ele>842.8</ele></trkpt>
      <trkpt lat="-33.312368" lon="23.785885"><ele>843.1</ele></trkpt>
      <trkpt lat="-33.312737" lon="23.786148"><ele>843.4</ele></trkpt>
      <trkpt lat="-33.313106" lon="23.786412"><ele>843.6</ele></trkpt>
      <trkpt lat="-33.313474" lon="23.786676"><ele>843.9</ele></trkpt>
      <trkpt lat="-33.313841" lon="23.786939"><ele>844.2</ele></trkpt>
      <trkpt lat="-33.314208" lon="23.787203"><ele>844.5</ele></trkpt>
      <trkpt lat="-33.314575" lon="23.787466"><ele>844.7</ele></trkpt>
      <trkpt lat="-33.314941" lon="23.787729"><ele>845.0</ele></trkpt>
      <trkpt lat="-33.315306" lon="23.787993"><ele>845.3</ele></trkpt>
      <trkpt lat="-33.315671" lon="23.788256"><ele>845.5</ele></trkpt>
      <trkpt lat="-33.316035" lon="23.788519"><ele>845.7</ele></trkpt>
      <trkpt lat="-33.316399" lon="23.788782"><ele>846.0</ele></trkpt>
      <trkpt lat="-33.316762" lon="23.789045"><ele>846.2</ele></trkpt>
      <trkpt lat="-33.317125" lon="23.789308"><ele>846.4</ele></trkpt>
      <trkpt lat="-33.317487" lon="23.789570"><ele>846.6</ele></trkpt>
      <trkpt lat="-33.317848" lon="23.789833"><ele>846.9</ele></trkpt>
      <trkpt lat="-33.318209" lon="23.790095"><ele>847.1</ele></trkpt>
      <trkpt lat="-33.318570" lon="23.790358"><ele>847.3</ele></trkpt>
      <trkpt lat="-33.318930" lon="23.790620"><ele>847.4</ele></trkpt>
      <trkpt lat="-33.319289" lon="23.790882"><ele>847.6</ele></trkpt>
      <trkpt lat="-33.319648" lon="23.791145"><ele>847.8</ele></trkpt>
      <trkpt lat="-33.320006" lon="23.791407"><ele>848.0</ele></trkpt>
      <trkpt lat="-33.320364" lon="23.791669"><ele>848.1</ele></trkpt>
      <trkpt lat="-33.320721" lon="23.791930"><ele>848.3</ele></trkpt>
      <trkpt lat="-33.321078" lon="23.792192"><ele>848.4</ele></trkpt>
      <trkpt lat="-33.321434" lon="23.792454"><ele>848.6</ele></trkpt>
      <trkpt lat="-33.321789" lon="23.792715"><ele>848.7</ele></trkpt>
      <trkpt lat="-33.322144" lon="23.792977"><ele>848.8</ele></trkpt>
      <trkpt lat="-33.322499" lon="23.793238"><ele>849.0</ele></trkpt>
      <trkpt lat="-33.322852" lon="23.793499"><ele>849.1</ele></trkpt>
      <trkpt lat="-33.323206" lon="23.793760"><ele>849.2</ele></trkpt>
      <trkpt lat="-33.323558" lon="23.794021"><ele>849.3</ele></trkpt>
      <trkpt lat="-33.323911" lon="23.794282"><ele>849.4</ele></trkpt>
      <trkpt lat="-33.324262" lon="23.794542"><ele>849.5</ele></trkpt>
      <trkpt lat="-33.324613" lon="23.794803"><ele>849.6</ele></trkpt>
      <trkpt lat="-33.324964" lon="23.795063"><ele>849.6</ele></trkpt>
      <trkpt lat="-33.325313" lon="23.795324"><ele>849.7</ele></trkpt>
      <trkpt lat="-33.325663" lon="23.795584"><ele>849.8</ele></trkpt>
      <trkpt lat="-33.326011" lon="23.795844"><ele>849.8</ele></trkpt>
      <trkpt lat="-33.326360" lon="23.796104"><ele>849.9</ele></trkpt>
      <trkpt lat="-33.326707" lon="23.796363"><ele>849.9</ele></trkpt>
      <trkpt lat="-33.327054" lon="23.796623"><ele>849.9</ele></trkpt>
      <trkpt lat="-33.327401" lon="23.796882"><ele>850.0</ele></trkpt>
      <trkpt lat="-33.327747" lon="23.797142"><ele>850.0</ele></trkpt>
      <trkpt lat="-33.328092" lon="23.797401"><ele>850.0</ele></trkpt>
      <trkpt lat="-33.328437" lon="23.797660"><ele>850.0</ele></trkpt>
      <trkpt lat="-33.328781" lon="23.797919"><ele>850.0</ele></trkpt>
      <trkpt lat="-33.329124" lon="23.798178"><ele>850.0</ele></trkpt>
      <trkpt lat="-33.329468" lon="23.798436"><ele>850.0</ele></trkpt>
      <trkpt lat="-33.329810" lon="23.798695"><ele>850.0</ele></trkpt>
      <trkpt lat="-33.330152" lon="23.798953"><ele>850.0</ele></trkpt>
      <trkpt lat="-33.330493" lon="23.799211"><ele>850.1</ele></trkpt>
      <trkpt lat="-33.330834" lon="23.799469"><ele>850.1</ele></trkpt>
      <trkpt lat="-33.331174" lon="23.799727"><ele>850.1</ele></trkpt>
      <trkpt lat="-33.331514" lon="23.799984"><ele>850.1</ele></trkpt>
      <trkpt lat="-33.331853" lon="23.800242"><ele>850.2</ele></trkpt>
      <trkpt lat="-33.332191" lon="23.800499"><ele>850.2</ele></trkpt>
      <trkpt lat="-33.332529" lon="23.800756"><ele>850.3</ele></trkpt>
      <trkpt lat="-33.332866" lon="23.801013"><ele>850.3</ele></trkpt>
      <trkpt lat="-33.333203" lon="23.801270"><ele>850.3</ele></trkpt>
      <trkpt lat="-33.333539" lon="23.801527"><ele>850.4</ele></trkpt>
      <trkpt lat="-33.333875" lon="23.801783"><ele>850.4</ele></trkpt>
      <trkpt lat="-33.334210" lon="23.802040"><ele>850.5</ele></trkpt>
      <trkpt lat="-33.334544" lon="23.802296"><ele>850.6</ele></trkpt>
      <trkpt lat="-33.334878" lon="23.802552"><ele>850.6</ele></trkpt>
      <trkpt lat="-33.335212" lon="23.802807"><ele>850.7</ele></trkpt>
      <trkpt lat="-33.335544" lon="23.803063"><ele>850.8</ele></trkpt>
      <trkpt lat="-33.335877" lon="23.803318"><ele>850.8</ele></trkpt>
      <trkpt lat="-33.336208" lon="23.803574"><ele>850.9</ele></trkpt>
      <trkpt lat="-33.336539" lon="23.803829"><ele>851.0</ele></trkpt>
      <trkpt lat="-33.336870" lon="23.804083"><ele>851.1</ele></trkpt>
      <trkpt lat="-33.337199" lon="23.804338"><ele>851.1</ele></trkpt>
      <trkpt lat="-33.337529" lon="23.804593"><ele>851.2</ele></trkpt>
      <trkpt lat="-33.337858" lon="23.804847"><ele>851.3</ele></trkpt>
      <trkpt lat="-33.338186" lon="23.805101"><ele>851.4</ele></trkpt>
      <trkpt lat="-33.338513" lon="23.805355"><ele>851.5</ele></trkpt>
      <trkpt lat="-33.338840" lon="23.805608"><ele>851.6</ele></trkpt>
      <trkpt lat="-33.339167" lon="23.805862"><ele>851.7</ele></trkpt>
      <trkpt lat="-33.339493" lon="23.806115"><ele>851.8</ele></trkpt>
      <trkpt lat="-33.339818" lon="23.806368"><ele>851.9</ele></trkpt>
      <trkpt lat="-33.340143" lon="23.806621"><ele>852.0</ele></trkpt>
      <trkpt lat="-33.340467" lon="23.806874"><ele>852.1</ele></trkpt>
      <trkpt lat="-33.340791" lon="23.807126"><ele>852.2</ele></trkpt>
      <trkpt lat="-33.341114" lon="23.807378"><ele>852.3</ele></trkpt>
      <trkpt lat="-33.341436" lon="23.807630"><ele>852.5</ele></trkpt>
      <trkpt lat="-33.341758" lon="23.807882"><ele>852.6</ele></trkpt>
      <trkpt lat="-33.342079" lon="23.808134"><ele>852.7</ele></trkpt>
      <trkpt lat="-33.342400" lon="23.808385"><ele>852.8</ele></trkpt>
      <trkpt lat="-33.342720" lon="23.808636"><ele>853.0</ele></trkpt>
      <trkpt lat="-33.343040" lon="23.808887"><ele>853.1</ele></trkpt>
      <trkpt lat="-33.343359" lon="23.809138"><ele>853.2</ele></trkpt>
      <trkpt lat="-33.343678" lon="23.809388"><ele>853.3</ele></trkpt>
      <trkpt lat="-33.343996" lon="23.809639"><ele>853.5</ele></trkpt>
      <trkpt lat="-33.344313" lon="23.809889"><ele>853.6</ele></trkpt>
      <trkpt lat="-33.344630" lon="23.810138"><ele>853.8</ele></trkpt>
      <trkpt lat="-33.344947" lon="23.810388"><ele>853.9</ele></trkpt>
      <trkpt lat="-33.345262" lon="23.810637"><ele>854.0</ele></trkpt>
      <trkpt lat="-33.345578" lon="23.810886"><ele>854.2</ele></trkpt>
      <trkpt lat="-33.345892" lon="23.811135"><ele>854.3</ele></trkpt>
      <trkpt lat="-33.346206" lon="23.811384"><ele>854.5</ele></trkpt>
      <trkpt lat="-33.346520" lon="23.811632"><ele>854.6</ele></trkpt>
      <trkpt lat="-33.346833" lon="23.811881"><ele>854.8</ele></trkpt>
      <trkpt lat="-33.347145" lon="23.812128"><ele>854.9</ele></trkpt>
      <trkpt lat="-33.347457" lon="23.812376"><ele>855.1</ele></trkpt>
      <trkpt lat="-33.347769" lon="23.812624"><ele>855.3</ele></trkpt>
      <trkpt lat="-33.348080" lon="23.812871"><ele>855.4</ele></trkpt>
      <trkpt lat="-33.348390" lon="23.813118"><ele>855.6</ele></trkpt>
      <trkpt lat="-33.348700" lon="23.813364"><ele>855.7</ele></trkpt>
      <trkpt lat="-33.349009" lon="23.813611"><ele>855.9</ele></trkpt>
      <trkpt lat="-33.349318" lon="23.813857"><ele>856.1</ele></trkpt>
      <trkpt lat="-33.349626" lon="23.814103"><ele>856.2</ele></trkpt>
      <trkpt lat="-33.349933" lon="23.814349"><ele>856.4</ele></trkpt>
      <trkpt lat="-33.350240" lon="23.814594"><ele>856.6</ele></trkpt>
      <trkpt lat="-33.350547" lon="23.814839"><ele>856.8</ele></trkpt>
      <trkpt lat="-33.350853" lon="23.815084"><ele>856.9</ele></trkpt>
      <trkpt lat="-33.351158" lon="23.815329"><ele>857.1</ele></trkpt>
      <trkpt lat="-33.351463" lon="23.815573"><ele>857.3</ele></trkpt>
      <trkpt lat="-33.351768" lon="23.815817"><ele>857.5</ele></trkpt>
      <trkpt lat="-33.352072" lon="23.816061"><ele>857.6</ele></trkpt>
      <trkpt lat="-33.352375" lon="23.816305"><ele>857.8</ele></trkpt>
      <trkpt lat="-33.352678" lon="23.816548"><ele>858.0</ele></trkpt>
      <trkpt lat="-33.352980" lon="23.816791"><ele>858.2</ele></trkpt>
      <trkpt lat="-33.353282" lon="23.817034"><ele>858.4</ele></trkpt>
      <trkpt lat="-33.353583" lon="23.817276"><ele>858.6</ele></trkpt>
      <trkpt lat="-33.353884" lon="23.817518"><ele>858.8</ele></trkpt>
      <trkpt lat="-33.354184" lon="23.817760"><ele>858.9</ele></trkpt>
      <trkpt lat="-33.354484" lon="23.818002"><ele>859.1</ele></trkpt>
      <trkpt lat="-33.354783" lon="23.818243"><ele>859.3</ele></trkpt>
      <trkpt lat="-33.355082" lon="23.818484"><ele>859.5</ele></trkpt>
      <trkpt lat="-33.355380" lon="23.818725"><ele>859.7</ele></trkpt>
      <trkpt lat="-33.355678" lon="23.818966"><ele>859.9</ele></trkpt>
      <trkpt lat="-33.355975" lon="23.819206"><ele>860.1</ele></trkpt>
      <trkpt lat="-33.356272" lon="23.819446"><ele>860.3</ele></trkpt>
      <trkpt lat="-33.356568" lon="23.819686"><ele>860.5</ele></trkpt>
      <trkpt lat="-33.356864" lon="23.819925"><ele>860.7</ele></trkpt>
      <trkpt lat="-33.357159" lon="23.820164"><ele>860.9</ele></trkpt>
      <trkpt lat="-33.357453" lon="23.820403"><ele>861.1</ele></trkpt>
      <trkpt lat="-33.357748" lon="23.820641"><ele>861.3</ele></trkpt>
      <trkpt lat="-33.358041" lon="23.820880"><ele>861.5</ele></trkpt>
      <trkpt lat="-33.358335" lon="23.821118"><ele>861.7</ele></trkpt>
      <trkpt lat="-33.358627" lon="23.821355"><ele>861.9</ele></trkpt>
      <trkpt lat="-33.358920" lon="23.821593"><ele>862.1</ele></trkpt>
      <trkpt lat="-33.359211" lon="23.821830"><ele>862.3</ele></trkpt>
      <trkpt lat="-33.359503" lon="23.822066"><ele>862.6</ele></trkpt>
      <trkpt lat="-33.359794" lon="23.822303"><ele>862.8</ele></trkpt>
      <trkpt lat="-33.360084" lon="23.822539"><ele>863.0</ele></trkpt>
      <trkpt lat="-33.360374" lon="23.822775"><ele>863.2</ele></trkpt>
      <trkpt lat="-33.360663" lon="23.823010"><ele>863.4</ele></trkpt>
      <trkpt lat="-33.360952" lon="23.823245"><ele>863.6</ele></trkpt>
      <trkpt lat="-33.361241" lon="23.823480"><ele>863.8</ele></trkpt>
      <trkpt lat="-33.361529" lon="23.823715"><ele>864.0</ele></trkpt>
      <trkpt lat="-33.361816" lon="23.823949"><ele>864.3</ele></trkpt>
      <trkpt lat="-33.362103" lon="23.824183"><ele>864.5</ele></trkpt>
      <trkpt lat="-33.362390" lon="23.824416"><ele>864.7</ele></trkpt>
      <trkpt lat="-33.362676" lon="23.824650"><ele>864.9</ele></trkpt>
      <trkpt lat="-33.362962" lon="23.824883"><ele>865.1</ele></trkpt>
      <trkpt lat="-33.363247" lon="23.825115"><ele>865.3</ele></trkpt>
      <trkpt lat="-33.363532" lon="23.825348"><ele>865.6</ele></trkpt>
      <trkpt lat="-33.363817" lon="23.825580"><ele>865.8</ele></trkpt>
      <trkpt lat="-33.364100" lon="23.825811"><ele>866.0</ele></trkpt>
      <trkpt lat="-33.364384" lon="23.826043"><ele>866.2</ele></trkpt>
      <trkpt lat="-33.364667" lon="23.826274"><ele>866.4</ele></trkpt>
      <trkpt lat="-33.364950" lon="23.826504"><ele>866.7</ele></trkpt>
      <trkpt lat="-33.365232" lon="23.826735"><ele>866.9</ele></trkpt>
      <trkpt lat="-33.365514" lon="23.826965"><ele>867.1</ele></trkpt>
      <trkpt lat="-33.365795" lon="23.827194"><ele>867.3</ele></trkpt>
      <trkpt lat="-33.366076" lon="23.827424"><ele>867.5</ele></trkpt>
      <trkpt lat="-33.366357" lon="23.827653"><ele>867.8</ele></trkpt>
      <trkpt lat="-33.366637" lon="23.827881"><ele>868.0</ele></trkpt>
      <trkpt lat="-33.366916" lon="23.828110"><ele>868.2</ele></trkpt>
      <trkpt lat="-33.367196" lon="23.828338"><ele>868.4</ele></trkpt>
      <trkpt lat="-33.367475" lon="23.828565"><ele>868.7</ele></trkpt>
      <trkpt lat="-33.367753" lon="23.828793"><ele>868.9</ele></trkpt>
      <trkpt lat="-33.368031" lon="23.829020"><ele>869.1</ele></trkpt>
      <trkpt lat="-33.368309" lon="23.829246"><ele>869.3</ele></trkpt>
      <trkpt lat="-33.368586" lon="23.829473"><ele>869.6</ele></trkpt>
      <trkpt lat="-33.368863" lon="23.829699"><ele>869.8</ele></trkpt>
      <trkpt lat="-33.369139" lon="23.829924"><ele>870.0</ele></trkpt>
      <trkpt lat="-33.369416" lon="23.830150"><ele>870.3</ele></trkpt>
      <trkpt lat="-33.369691" lon="23.830374"><ele>870.5</ele></trkpt>
      <trkpt lat="-33.369967" lon="23.830599"><ele>870.7</ele></trkpt>
      <trkpt lat="-33.370242" lon="23.830823"><ele>870.9</ele></trkpt>
      <trkpt lat="-33.370516" lon="23.831047"><ele>871.2</ele></trkpt>
      <trkpt lat="-33.370790" lon="23.831270"><ele>871.4</ele></trkpt>
      <trkpt lat="-33.371064" lon="23.831494"><ele>871.6</ele></trkpt>
      <trkpt lat="-33.371338" lon="23.831716"><ele>871.8</ele></trkpt>
      <trkpt lat="-33.371611" lon="23.831939"><ele>872.1</ele></trkpt>
      <trkpt lat="-33.371883" lon="23.832161"><ele>872.3</ele></trkpt>
      <trkpt lat="-33.372156" lon="23.832383"><ele>872.5</ele></trkpt>
      <trkpt lat="-33.372428" lon="23.832604"><ele>872.8</ele></trkpt>
      <trkpt lat="-33.372700" lon="23.832825"><ele>873.0</ele></trkpt>
      <trkpt lat="-33.372971" lon="23.833045"><ele>873.2</ele></trkpt>
      <trkpt lat="-33.373242" lon="23.833266"><ele>873.4</ele></trkpt>
      <trkpt lat="-33.373512" lon="23.833486"><ele>873.7</ele></trkpt>
      <trkpt lat="-33.373783" lon="23.833705"><ele>873.9</ele></trkpt>
      <trkpt lat="-33.374053" lon="23.833924"><ele>874.1</ele></trkpt>
      <trkpt lat="-33.374322" lon="23.834143"><ele>874.4</ele></trkpt>
      <trkpt lat="-33.374592" lon="23.834361"><ele>874.6</ele></trkpt>
      <trkpt lat="-33.374861" lon="23.834579"><ele>874.8</ele></trkpt>
      <trkpt lat="-33.375129" lon="23.834797"><ele>875.0</ele></trkpt>
      <trkpt lat="-33.375398" lon="23.835014"><ele>875.3</ele></trkpt>
      <trkpt lat="-33.375666" lon="23.835231"><ele>875.5</ele></trkpt>
      <trkpt lat="-33.375933" lon="23.835448"><ele>875.7</ele></trkpt>
      <trkpt lat="-33.376201" lon="23.835664"><ele>876.0</ele></trkpt>
      <trkpt lat="-33.376468" lon="23.835880"><ele>876.2</ele></trkpt>
      <trkpt lat="-33.376735" lon="23.836095"><ele>876.4</ele></trkpt>
      <trkpt lat="-33.377001" lon="23.836310"><ele>876.6</ele></trkpt>
      <trkpt lat="-33.377267" lon="23.836525"><ele>876.9</ele></trkpt>
      <trkpt lat="-33.377533" lon="23.836739"><ele>877.1</ele></trkpt>
      <trkpt lat="-33.377799" lon="23.836953"><ele>877.3</ele></trkpt>
      <trkpt lat="-33.378064" lon="23.837166"><ele>877.6</ele></trkpt>
      <trkpt lat="-33.378329" lon="23.837379"><ele>877.8</ele></trkpt>
      <trkpt lat="-33.378594" lon="23.837592"><ele>878.0</ele></trkpt>
      <trkpt lat="-33.378859" lon="23.837804"><ele>878.2</ele></trkpt>
      <trkpt lat="-33.379123" lon="23.838016"><ele>878.5</ele></trkpt>
      <trkpt lat="-33.379387" lon="23.838228"><ele>878.7</ele></trkpt>
      <trkpt lat="-33.379651" lon="23.838439"><ele>878.9</ele></trkpt>
      <trkpt lat="-33.379914" lon="23.838649"><ele>879.1</ele></trkpt>
      <trkpt lat="-33.380178" lon="23.838860"><ele>879.4</ele></trkpt>
      <trkpt lat="-33.380440" lon="23.839070"><ele>879.6</ele></trkpt>
      <trkpt lat="-33.380703" lon="23.839279"><ele>879.8</ele></trkpt>
      <trkpt lat="-33.380966" lon="23.839488"><ele>880.1</ele></trkpt>
      <trkpt lat="-33.381228" lon="23.839697"><ele>880.3</ele></trkpt>
      <trkpt lat="-33.381490" lon="23.839906"><ele>880.5</ele></trkpt>
      <trkpt lat="-33.381752" lon="23.840113"><ele>880.7</ele></trkpt>
      <trkpt lat="-33.382013" lon="23.840321"><ele>881.0</ele></trkpt>
      <trkpt lat="-33.382275" lon="23.840528"><ele>881.2</ele></trkpt>
      <trkpt lat="-33.382536" lon="23.840735"><ele>881.4</ele></trkpt>
      <trkpt lat="-33.382797" lon="23.840941"><ele>881.6</ele></trkpt>
      <trkpt lat="-33.383057" lon="23.841147"><ele>881.8</ele></trkpt>
      <trkpt lat="-33.383318" lon="23.841353"><ele>882.1</ele></trkpt>
      <trkpt lat="-33.383578" lon="23.841558"><ele>882.3</ele></trkpt>
      <trkpt lat="-33.383838" lon="23.841763"><ele>882.5</ele></trkpt>
      <trkpt lat="-33.384098" lon="23.841967"><ele>882.7</ele></trkpt>
      <trkpt lat="-33.384358" lon="23.842171"><ele>883.0</ele></trkpt>
      <trkpt lat="-33.384617" lon="23.842374"><ele>883.2</ele></trkpt>
      <trkpt lat="-33.384877" lon="23.842577"><ele>883.4</ele></trkpt>
      <trkpt lat="-33.385136" lon="23.842780"><ele>883.6</ele></trkpt>
      <trkpt lat="-33.385395" lon="23.842982"><ele>883.8</ele></trkpt>
      <trkpt lat="-33.385654" lon="23.843184"><ele>884.1</ele></trkpt>
      <trkpt lat="-33.385912" lon="23.843386"><ele>884.3</ele></trkpt>
      <trkpt lat="-33.386171" lon="23.843587"><ele>884.5</ele></trkpt>
      <trkpt lat="-33.386429" lon="23.843787"><ele>884.7</ele></trkpt>
      <trkpt lat="-33.386687" lon="23.843987"><ele>884.9</ele></trkpt>
      <trkpt lat="-33.386945" lon="23.844187"><ele>885.1</ele></trkpt>
      <trkpt lat="-33.387203" lon="23.844386"><ele>885.4</ele></trkpt>
      <trkpt lat="-33.387461" lon="23.844585"><ele>885.6</ele></trkpt>
      <trkpt lat="-33.387718" lon="23.844784"><ele>885.8</ele></trkpt>
      <trkpt lat="-33.387976" lon="23.844982"><ele>886.0</ele></trkpt>
      <trkpt lat="-33.388233" lon="23.845180"><ele>886.2</ele></trkpt>
      <trkpt lat="-33.388490" lon="23.845377"><ele>886.4</ele></trkpt>
      <trkpt lat="-33.388747" lon="23.845574"><ele>886.6</ele></trkpt>
      <trkpt lat="-33.389004" lon="23.845770"><ele>886.9</ele></trkpt>
      <trkpt lat="-33.389261" lon="23.845966"><ele>887.1</ele></trkpt>
      <trkpt lat="-33.389518" lon="23.846162"><ele>887.3</ele></trkpt>
      <trkpt lat="-33.389774" lon="23.846357"><ele>887.5</ele></trkpt>
      <trkpt lat="-33.390031" lon="23.846551"><ele>887.7</ele></trkpt>
      <trkpt lat="-33.390287" lon="23.846746"><ele>887.9</ele></trkpt>
      <trkpt lat="-33.390544" lon="23.846940"><ele>888.1</ele></trkpt>
      <trkpt lat="-33.390800" lon="23.847133"><ele>888.3</ele></trkpt>
      <trkpt lat="-33.391056" lon="23.847326"><ele>888.5</ele></trkpt>
      <trkpt lat="-33.391312" lon="23.847518"><ele>888.8</ele></trkpt>
      <trkpt lat="-33.391568" lon="23.847711"><ele>889.0</ele></trkpt>
      <trkpt lat="-33.391824" lon="23.847902"><ele>889.2</ele></trkpt>
      <trkpt lat="-33.392080" lon="23.848093"><ele>889.4</ele></trkpt>
      <trkpt lat="-33.392336" lon="23.848284"><ele>889.6</ele></trkpt>
      <trkpt lat="-33.392592" lon="23.848475"><ele>889.8</ele></trkpt>
      <trkpt lat="-33.392847" lon="23.848665"><ele>890.0</ele></trkpt>
      <trkpt lat="-33.393103" lon="23.848854"><ele>890.2</ele></trkpt>
      <trkpt lat="-33.393358" lon="23.849043"><ele>890.4</ele></trkpt>
      <trkpt lat="-33.393614" lon="23.849232"><ele>890.6</ele></trkpt>
      <trkpt lat="-33.393870" lon="23.849420"><ele>890.8</ele></trkpt>
      <trkpt lat="-33.394125" lon="23.849608"><ele>891.0</ele></trkpt>
      <trkpt lat="-33.394381" lon="23.849795"><ele>891.2</ele></trkpt>
      <trkpt lat="-33.394636" lon="23.849982"><ele>891.4</ele></trkpt>
      <trkpt lat="-33.394892" lon="23.850168"><ele>891.6</ele></trkpt>
      <trkpt lat="-33.395147" lon="23.850354"><ele>891.8</ele></trkpt>
      <trkpt lat="-33.395402" lon="23.850540"><ele>892.0</ele></trkpt>
      <trkpt lat="-33.395658" lon="23.850725"><ele>892.2</ele></trkpt>
      <trkpt lat="-33.395913" lon="23.850910"><ele>892.4</ele></trkpt>
      <trkpt lat="-33.396169" lon="23.851094"><ele>892.6</ele></trkpt>
      <trkpt lat="-33.396424" lon="23.851278"><ele>892.8</ele></trkpt>
      <trkpt lat="-33.396680" lon="23.851461"><ele>893.0</ele></trkpt>
      <trkpt lat="-33.396935" lon="23.851644"><ele>893.2</ele></trkpt>
      <trkpt lat="-33.397191" lon="23.851827"><ele>893.4</ele></trkpt>
      <trkpt lat="-33.397446" lon="23.852009"><ele>893.6</ele></trkpt>
      <trkpt lat="-33.397702" lon="23.852190"><ele>893.7</ele></trkpt>
      <trkpt lat="-33.397957" lon="23.852371"><ele>893.9</ele></trkpt>
      <trkpt lat="-33.398213" lon="23.852552"><ele>894.1</ele></trkpt>
      <trkpt lat="-33.398469" lon="23.852732"><ele>894.3</ele></trkpt>
      <trkpt lat="-33.398724" lon="23.852912"><ele>894.5</ele></trkpt>
      <trkpt lat="-33.398980" lon="23.853091"><ele>894.7</ele></trkpt>
      <trkpt lat="-33.399236" lon="23.853270"><ele>894.9</ele></trkpt>
      <trkpt lat="-33.399492" lon="23.853449"><ele>895.1</ele></trkpt>
      <trkpt lat="-33.399748" lon="23.853627"><ele>895.2</ele></trkpt>
      <trkpt lat="-33.400004" lon="23.853804"><ele>895.4</ele></trkpt>
      <trkpt lat="-33.400260" lon="23.853981"><ele>895.6</ele></trkpt>
      <trkpt lat="-33.400517" lon="23.854158"><ele>895.8</ele></trkpt>
      <trkpt lat="-33.400773" lon="23.854334"><ele>896.0</ele></trkpt>
      <trkpt lat="-33.401029" lon="23.854510"><ele>896.2</ele></trkpt>
      <trkpt lat="-33.401286" lon="23.854685"><ele>896.3</ele></trkpt>
      <trkpt lat="-33.401543" lon="23.854860"><ele>896.5</ele></trkpt>
      <trkpt lat="-33.401799" lon="23.855034"><ele>896.7</ele></trkpt>
      <trkpt lat="-33.402056" lon="23.855208"><ele>896.9</ele></trkpt>
      <trkpt lat="-33.402313" lon="23.855381"><ele>897.1</ele></trkpt>
      <trkpt lat="-33.402570" lon="23.855554"><ele>897.2</ele></trkpt>
      <trkpt lat="-33.402827" lon="23.855727"><ele>897.4</ele></trkpt>
      <trkpt lat="-33.403085" lon="23.855899"><ele>897.6</ele></trkpt>
      <trkpt lat="-33.403342" lon="23.856071"><ele>897.8</ele></trkpt>
      <trkpt lat="-33.403600" lon="23.856242"><ele>897.9</ele></trkpt>
      <trkpt lat="-33.403858" lon="23.856413"><ele>898.1</ele></trkpt>
      <trkpt lat="-33.404116" lon="23.856583"><ele>898.3</ele></trkpt>
      <trkpt lat="-33.404374" lon="23.856753"><ele>898.4</ele></trkpt>
      <trkpt lat="-33.404632" lon="23.856922"><ele>898.6</ele></trkpt>
      <trkpt lat="-33.404891" lon="23.857091"><ele>898.8</ele></trkpt>
      <trkpt lat="-33.405149" lon="23.857259"><ele>899.0</ele></trkpt>
      <trkpt lat="-33.405408" lon="23.857427"><ele>899.1</ele></trkpt>
      <trkpt lat="-33.405667" lon="23.857595"><ele>899.3</ele></trkpt>
      <trkpt lat="-33.405926" lon="23.857762"><ele>899.5</ele></trkpt>
      <trkpt lat="-33.406185" lon="23.857928"><ele>899.6</ele></trkpt>
      <trkpt lat="-33.406445" lon="23.858095"><ele>899.8</ele></trkpt>
      <trkpt lat="-33.406705" lon="23.858260"><ele>899.9</ele></trkpt>
      <trkpt lat="-33.406965" lon="23.858425"><ele>900.1</ele></trkpt>
      <trkpt lat="-33.407225" lon="23.858590"><ele>900.3</ele></trkpt>
      <trkpt lat="-33.407485" lon="23.858754"><ele>900.4</ele></trkpt>
      <trkpt lat="-33.407746" lon="23.858918"><ele>900.6</ele></trkpt>
      <trkpt lat="-33.408006" lon="23.859082"><ele>900.7</ele></trkpt>
      <trkpt lat="-33.408267" lon="23.859245"><ele>900.9</ele></trkpt>
      <trkpt lat="-33.408529" lon="23.859407"><ele>901.1</ele></trkpt>
      <trkpt lat="-33.408790" lon="23.859569"><ele>901.2</ele></trkpt>
      <trkpt lat="-33.409052" lon="23.859730"><ele>901.4</ele></trkpt>
      <trkpt lat="-33.409314" lon="23.859892"><ele>901.5</ele></trkpt>
      <trkpt lat="-33.409576" lon="23.860052"><ele>901.7</ele></trkpt>
      <trkpt lat="-33.409839" lon="23.860212"><ele>901.8</ele></trkpt>
      <trkpt lat="-33.410101" lon="23.860372"><ele>902.0</ele></trkpt>
      <trkpt lat="-33.410365" lon="23.860531"><ele>902.1</ele></trkpt>
      <trkpt lat="-33.410628" lon="23.860690"><ele>902.3</ele></trkpt>
      <trkpt lat="-33.410891" lon="23.860848"><ele>902.4</ele></trkpt>
      <trkpt lat="-33.411155" lon="23.861006"><ele>902.6</ele></trkpt>
      <trkpt lat="-33.411419" lon="23.861163"><ele>902.7</ele></trkpt>
      <trkpt lat="-33.411684" lon="23.861320"><ele>902.8</ele></trkpt>
      <trkpt lat="-33.411949" lon="23.861477"><ele>903.0</ele></trkpt>
      <trkpt lat="-33.412214" lon="23.861633"><ele>903.1</ele></trkpt>
      <trkpt lat="-33.412479" lon="23.861788"><ele>903.3</ele></trkpt>
      <trkpt lat="-33.412745" lon="23.861943"><ele>903.4</ele></trkpt>
      <trkpt lat="-33.413011" lon="23.862098"><ele>903.5</ele></trkpt>
      <trkpt lat="-33.413277" lon="23.862252"><ele>903.7</ele></trkpt>
      <trkpt lat="-33.413544" lon="23.862405"><ele>903.8</ele></trkpt>
      <trkpt lat="-33.413811" lon="23.862559"><ele>903.9</ele></trkpt>
      <trkpt lat="-33.414078" lon="23.862711"><ele>904.1</ele></trkpt>
      <trkpt lat="-33.414346" lon="23.862863"><ele>904.2</ele></trkpt>
      <trkpt lat="-33.414614" lon="23.863015"><ele>904.3</ele></trkpt>
      <trkpt lat="-33.414882" lon="23.863167"><ele>904.5</ele></trkpt>
      <trkpt lat="-33.415151" lon="23.863317"><ele>904.6</ele></trkpt>
      <trkpt lat="-33.415420" lon="23.863468"><ele>904.7</ele></trkpt>
      <trkpt lat="-33.415689" lon="23.863618"><ele>904.9</ele></trkpt>
      <trkpt lat="-33.415959" lon="23.863767"><ele>905.0</ele></trkpt>
      <trkpt lat="-33.416229" lon="23.863916"><ele>905.1</ele></trkpt>
      <trkpt lat="-33.416500" lon="23.864065"><ele>905.2</ele></trkpt>
      <trkpt lat="-33.416771" lon="23.864213"><ele>905.3</ele></trkpt>
      <trkpt lat="-33.417042" lon="23.864360"><ele>905.5</ele></trkpt>
      <trkpt lat="-33.417314" lon="23.864507"><ele>905.6</ele></trkpt>
      <trkpt lat="-33.417586" lon="23.864654"><ele>905.7</ele></trkpt>
      <trkpt lat="-33.417858" lon="23.864800"><ele>905.8</ele></trkpt>
      <trkpt lat="-33.418131" lon="23.864946"><ele>905.9</ele></trkpt>
      <trkpt lat="-33.418405" lon="23.865091"><ele>906.0</ele></trkpt>
      <trkpt lat="-33.418678" lon="23.865236"><ele>906.2</ele></trkpt>
      <trkpt lat="-33.418953" lon="23.865380"><ele>906.3</ele></trkpt>
      <trkpt lat="-33.419227" lon="23.865524"><ele>906.4</ele></trkpt>
      <trkpt lat="-33.419502" lon="23.865668"><ele>906.5</ele></trkpt>
      <trkpt lat="-33.419778" lon="23.865811"><ele>906.6</ele></trkpt>
      <trkpt lat="-33.420054" lon="23.865953"><ele>906.7</ele></trkpt>
      <trkpt lat="-33.420330" lon="23.866095"><ele>906.8</ele></trkpt>
      <trkpt lat="-33.420607" lon="23.866237"><ele>906.9</ele></trkpt>
      <trkpt lat="-33.420884" lon="23.866378"><ele>907.0</ele></trkpt>
      <trkpt lat="-33.421162" lon="23.866518"><ele>907.1</ele></trkpt>
      <trkpt lat="-33.421440" lon="23.866659"><ele>907.2</ele></trkpt>
      <trkpt lat="-33.421719" lon="23.866798"><ele>907.3</ele></trkpt>
      <trkpt lat="-33.421998" lon="23.866938"><ele>907.4</ele></trkpt>
      <trkpt lat="-33.422278" lon="23.867076"><ele>907.5</ele></trkpt>
      <trkpt lat="-33.422558" lon="23.867215"><ele>907.6</ele></trkpt>
      <trkpt lat="-33.422838" lon="23.867353"><ele>907.7</ele></trkpt>
      <trkpt lat="-33.423120" lon="23.867490"><ele>907.8</ele></trkpt>
      <trkpt lat="-33.423401" lon="23.867627"><ele>907.9</ele></trkpt>
      <trkpt lat="-33.423683" lon="23.867763"><ele>907.9</ele></trkpt>
      <trkpt lat="-33.423966" lon="23.867899"><ele>908.0</ele></trkpt>
      <trkpt lat="-33.424249" lon="23.868035"><ele>908.1</ele></trkpt>
      <trkpt lat="-33.424533" lon="23.868170"><ele>908.2</ele></trkpt>
      <trkpt lat="-33.424817" lon="23.868305"><ele>908.3</ele></trkpt>
      <trkpt lat="-33.425102" lon="23.868439"><ele>908.4</ele></trkpt>
      <trkpt lat="-33.425387" lon="23.868572"><ele>908.4</ele></trkpt>
      <trkpt lat="-33.425673" lon="23.868706"><ele>908.5</ele></trkpt>
      <trkpt lat="-33.425959" lon="23.868838"><ele>908.6</ele></trkpt>
      <trkpt lat="-33.426246" lon="23.868971"><ele>908.7</ele></trkpt>
      <trkpt lat="-33.426534" lon="23.869103"><ele>908.7</ele></trkpt>
      <trkpt lat="-33.426822" lon="23.869234"><ele>908.8</ele></trkpt>
      <trkpt lat="-33.427110" lon="23.869365"><ele>908.9</ele></trkpt>
      <trkpt lat="-33.427400" lon="23.869495"><ele>908.9</ele></trkpt>
      <trkpt lat="-33.427689" lon="23.869626"><ele>909.0</ele></trkpt>
      <trkpt lat="-33.427980" lon="23.869755"><ele>909.1</ele></trkpt>
      <trkpt lat="-33.428271" lon="23.869884"><ele>909.1</ele></trkpt>
      <trkpt lat="-33.428562" lon="23.870013"><ele>909.2</ele></trkpt>
      <trkpt lat="-33.428854" lon="23.870141"><ele>909.2</ele></trkpt>
      <trkpt lat="-33.429147" lon="23.870269"><ele>909.3</ele></trkpt>
      <trkpt lat="-33.429440" lon="23.870396"><ele>909.3</ele></trkpt>
      <trkpt lat="-33.429734" lon="23.870523"><ele>909.4</ele></trkpt>
      <trkpt lat="-33.430028" lon="23.870649"><ele>909.4</ele></trkpt>
      <trkpt lat="-33.430324" lon="23.870775"><ele>909.5</ele></trkpt>
      <trkpt lat="-33.430619" lon="23.870901"><ele>909.5</ele></trkpt>
      <trkpt lat="-33.430916" lon="23.871026"><ele>909.6</ele></trkpt>
      <trkpt lat="-33.431213" lon="23.871150"><ele>909.6</ele></trkpt>
      <trkpt lat="-33.431510" lon="23.871274"><ele>909.7</ele></trkpt>
      <trkpt lat="-33.431808" lon="23.871398"><ele>909.7</ele></trkpt>
      <trkpt lat="-33.432107" lon="23.871521"><ele>909.7</ele></trkpt>
      <trkpt lat="-33.432407" lon="23.871644"><ele>909.8</ele></trkpt>
      <trkpt lat="-33.432707" lon="23.871766"><ele>909.8</ele></trkpt>
      <trkpt lat="-33.433008" lon="23.871888"><ele>909.8</ele></trkpt>
      <trkpt lat="-33.433309" lon="23.872010"><ele>909.8</ele></trkpt>
      <trkpt lat="-33.433612" lon="23.872131"><ele>909.9</ele></trkpt>
      <trkpt lat="-33.433914" lon="23.872251"><ele>909.9</ele></trkpt>
      <trkpt lat="-33.434218" lon="23.872371"><ele>909.9</ele></trkpt>
      <trkpt lat="-33.434522" lon="23.872491"><ele>909.9</ele></trkpt>
      <trkpt lat="-33.434827" lon="23.872610"><ele>909.9</ele></trkpt>
      <trkpt lat="-33.435133" lon="23.872729"><ele>910.0</ele></trkpt>
      <trkpt lat="-33.435439" lon="23.872847"><ele>910.0</ele></trkpt>
      <trkpt lat="-33.435746" lon="23.872965"><ele>910.0</ele></trkpt>
      <trkpt lat="-33.436053" lon="23.873082"><ele>910.0</ele></trkpt>
      <trkpt lat="-33.436362" lon="23.873199"><ele>910.0</ele></trkpt>
      <trkpt lat="-33.436671" lon="23.873316"><ele>910.0</ele></trkpt>
      <trkpt lat="-33.436981" lon="23.873432"><ele>910.0</ele></trkpt>
      <trkpt lat="-33.437291" lon="23.873547"><ele>910.0</ele></trkpt>
      <trkpt lat="-33.437602" lon="23.873663"><ele>910.0</ele></trkpt>
      <trkpt lat="-33.437914" lon="23.873777"><ele>910.0</ele></trkpt>
      <trkpt lat="-33.438227" lon="23.873892"><ele>910.0</ele></trkpt>
      <trkpt lat="-33.438541" lon="23.874006"><ele>909.9</ele></trkpt>
      <trkpt lat="-33.438855" lon="23.874119"><ele>909.9</ele></trkpt>
      <trkpt lat="-33.439170" lon="23.874232"><ele>909.9</ele></trkpt>
      <trkpt lat="-33.439485" lon="23.874344"><ele>909.9</ele></trkpt>
      <trkpt lat="-33.439802" lon="23.874457"><ele>909.8</ele></trkpt>
      <trkpt lat="-33.440119" lon="23.874568"><ele>909.8</ele></trkpt>
      <trkpt lat="-33.440437" lon="23.874679"><ele>909.8</ele></trkpt>
      <trkpt lat="-33.440756" lon="23.874790"><ele>909.7</ele></trkpt>
      <trkpt lat="-33.441075" lon="23.874901"><ele>909.7</ele></trkpt>
      <trkpt lat="-33.441395" lon="23.875011"><ele>909.6</ele></trkpt>
      <trkpt lat="-33.441716" lon="23.875120"><ele>909.6</ele></trkpt>
      <trkpt lat="-33.442038" lon="23.875229"><ele>909.5</ele></trkpt>
      <trkpt lat="-33.442361" lon="23.875338"><ele>909.5</ele></trkpt>
      <trkpt lat="-33.442684" lon="23.875446"><ele>909.4</ele></trkpt>
      <trkpt lat="-33.443008" lon="23.875554"><ele>909.3</ele></trkpt>
      <trkpt lat="-33.443333" lon="23.875661"><ele>909.3</ele></trkpt>
      <trkpt lat="-33.443659" lon="23.875768"><ele>909.2</ele></trkpt>
      <trkpt lat="-33.443986" lon="23.875874"><ele>909.1</ele></trkpt>
      <trkpt lat="-33.444313" lon="23.875980"><ele>909.0</ele></trkpt>
      <trkpt lat="-33.444641" lon="23.876086"><ele>908.9</ele></trkpt>
      <trkpt lat="-33.444971" lon="23.876191"><ele>908.8</ele></trkpt>
      <trkpt lat="-33.445300" lon="23.876296"><ele>908.7</ele></trkpt>
      <trkpt lat="-33.445631" lon="23.876400"><ele>908.6</ele></trkpt>
      <trkpt lat="-33.445963" lon="23.876504"><ele>908.5</ele></trkpt>
      <trkpt lat="-33.446295" lon="23.876608"><ele>908.4</ele></trkpt>
      <trkpt lat="-33.446628" lon="23.876711"><ele>908.3</ele></trkpt>
      <trkpt lat="-33.446962" lon="23.876814"><ele>908.2</ele></trkpt>
      <trkpt lat="-33.447297" lon="23.876916"><ele>908.1</ele></trkpt>
      <trkpt lat="-33.447633" lon="23.877018"><ele>908.0</ele></trkpt>
      <trkpt lat="-33.447970" lon="23.877119"><ele>907.9</ele></trkpt>
      <trkpt lat="-33.448307" lon="23.877220"><ele>907.7</ele></trkpt>
      <trkpt lat="-33.448646" lon="23.877321"><ele>907.6</ele></trkpt>
      <trkpt lat="-33.448985" lon="23.877421"><ele>907.5</ele></trkpt>
      <trkpt lat="-33.449325" lon="23.877520"><ele>907.3</ele></trkpt>
      <trkpt lat="-33.449666" lon="23.877620"><ele>907.2</ele></trkpt>
      <trkpt lat="-33.450008" lon="23.877719"><ele>907.1</ele></trkpt>
      <trkpt lat="-33.450351" lon="23.877817"><ele>906.9</ele></trkpt>
      <trkpt lat="-33.450694" lon="23.877915"><ele>906.8</ele></trkpt>
      <trkpt lat="-33.451039" lon="23.878013"><ele>906.6</ele></trkpt>
      <trkpt lat="-33.451384" lon="23.878110"><ele>906.4</ele></trkpt>
      <trkpt lat="-33.451731" lon="23.878207"><ele>906.3</ele></trkpt>
      <trkpt lat="-33.452078" lon="23.878304"><ele>906.1</ele></trkpt>
      <trkpt lat="-33.452426" lon="23.878400"><ele>905.9</ele></trkpt>
      <trkpt lat="-33.452775" lon="23.878495"><ele>905.8</ele></trkpt>
      <trkpt lat="-33.453125" lon="23.878590"><ele>905.6</ele></trkpt>
      <trkpt lat="-33.453476" lon="23.878685"><ele>905.4</ele></trkpt>
      <trkpt lat="-33.453828" lon="23.878780"><ele>905.2</ele></trkpt>
      <trkpt lat="-33.454180" lon="23.878874"><ele>905.0</ele></trkpt>
      <trkpt lat="-33.454534" lon="23.878967"><ele>904.9</ele></trkpt>
      <trkpt lat="-33.454889" lon="23.879061"><ele>904.7</ele></trkpt>
      <trkpt lat="-33.455244" lon="23.879153"><ele>904.5</ele></trkpt>
      <trkpt lat="-33.455601" lon="23.879246"><ele>904.3</ele></trkpt>
      <trkpt lat="-33.455958" lon="23.879338"><ele>904.1</ele></trkpt>
      <trkpt lat="-33.456317" lon="23.879430"><ele>903.8</ele></trkpt>
      <trkpt lat="-33.456676" lon="23.879521"><ele>903.6</ele></trkpt>
      <trkpt lat="-33.457036" lon="23.879612"><ele>903.4</ele></trkpt>
      <trkpt lat="-33.457397" lon="23.879702"><ele>903.2</ele></trkpt>
      <trkpt lat="-33.457760" lon="23.879792"><ele>903.0</ele></trkpt>
      <trkpt lat="-33.458123" lon="23.879882"><ele>902.7</ele></trkpt>
      <trkpt lat="-33.458487" lon="23.879971"><ele>902.5</ele></trkpt>
      <trkpt lat="-33.458852" lon="23.880060"><ele>902.3</ele></trkpt>
      <trkpt lat="-33.459218" lon="23.880149"><ele>902.0</ele></trkpt>
      <trkpt lat="-33.459585" lon="23.880237"><ele>901.8</ele></trkpt>
      <trkpt lat="-33.459953" lon="23.880325"><ele>901.5</ele></trkpt>
      <trkpt lat="-33.460322" lon="23.880412"><ele>901.3</ele></trkpt>
      <trkpt lat="-33.460692" lon="23.880499"><ele>901.0</ele></trkpt>
      <trkpt lat="-33.461063" lon="23.880586"><ele>900.8</ele></trkpt>
      <trkpt lat="-33.461435" lon="23.880672"><ele>900.5</ele></trkpt>
      <trkpt lat="-33.461808" lon="23.880758"><ele>900.3</ele></trkpt>
      <trkpt lat="-33.462182" lon="23.880843"><ele>900.0</ele></trkpt>
      <trkpt lat="-33.462558" lon="23.880928"><ele>899.7</ele></trkpt>
      <trkpt lat="-33.462934" lon="23.881013"><ele>899.5</ele></trkpt>
      <trkpt lat="-33.463311" lon="23.881097"><ele>899.2</ele></trkpt>
      <trkpt lat="-33.463689" lon="23.881181"><ele>898.9</ele></trkpt>
      <trkpt lat="-33.464068" lon="23.881265"><ele>898.6</ele></trkpt>
      <trkpt lat="-33.464448" lon="23.881348"><ele>898.3</ele></trkpt>
      <trkpt lat="-33.464829" lon="23.881431"><ele>898.0</ele></trkpt>
      <trkpt lat="-33.465211" lon="23.881513"><ele>897.7</ele></trkpt>
      <trkpt lat="-33.465594" lon="23.881595"><ele>897.4</ele></trkpt>
      <trkpt lat="-33.465979" lon="23.881677"><ele>897.1</ele></trkpt>
      <trkpt lat="-33.466364" lon="23.881759"><ele>896.8</ele></trkpt>
      <trkpt lat="-33.466750" lon="23.881840"><ele>896.5</ele></trkpt>
      <trkpt lat="-33.467137" lon="23.881920"><ele>896.2</ele></trkpt>
      <trkpt lat="-33.467526" lon="23.882001"><ele>895.9</ele></trkpt>
      <trkpt lat="-33.467915" lon="23.882081"><ele>895.6</ele></trkpt>
      <trkpt lat="-33.468306" lon="23.882160"><ele>895.3</ele></trkpt>
      <trkpt lat="-33.468697" lon="23.882239"><ele>894.9</ele></trkpt>
      <trkpt lat="-33.469090" lon="23.882318"><ele>894.6</ele></trkpt>
      <trkpt lat="-33.469483" lon="23.882397"><ele>894.3</ele></trkpt>
      <trkpt lat="-33.469878" lon="23.882475"><ele>893.9</ele></trkpt>
      <trkpt lat="-33.470274" lon="23.882553"><ele>893.6</ele></trkpt>
      <trkpt lat="-33.470671" lon="23.882630"><ele>893.2</ele></trkpt>
      <trkpt lat="-33.471069" lon="23.882707"><ele>892.9</ele></trkpt>
      <trkpt lat="-33.471468" lon="23.882784"><ele>892.5</ele></trkpt>
      <trkpt lat="-33.471868" lon="23.882861"><ele>892.2</ele></trkpt>
      <trkpt lat="-33.472269" lon="23.882937"><ele>891.8</ele></trkpt>
      <trkpt lat="-33.472671" lon="23.883013"><ele>891.5</ele></trkpt>
      <trkpt lat="-33.473075" lon="23.883088"><ele>891.1</ele></trkpt>
      <trkpt lat="-33.473479" lon="23.883163"><ele>890.8</ele></trkpt>
      <trkpt lat="-33.473884" lon="23.883238"><ele>890.4</ele></trkpt>
      <trkpt lat="-33.474291" lon="23.883312"><ele>890.0</ele></trkpt>
      <trkpt lat="-33.474699" lon="23.883386"><ele>889.6</ele></trkpt>
      <trkpt lat="-33.475108" lon="23.883460"><ele>889.3</ele></trkpt>
      <trkpt lat="-33.475517" lon="23.883533"><ele>888.9</ele></trkpt>
      <trkpt lat="-33.475928" lon="23.883606"><ele>888.5</ele></trkpt>
      <trkpt lat="-33.476341" lon="23.883679"><ele>888.1</ele></trkpt>
      <trkpt lat="-33.476754" lon="23.883751"><ele>887.7</ele></trkpt>
      <trkpt lat="-33.477168" lon="23.883824"><ele>887.3</ele></trkpt>
      <trkpt lat="-33.477583" lon="23.883895"><ele>886.9</ele></trkpt>
      <trkpt lat="-33.478000" lon="23.883967"><ele>886.5</ele></trkpt>
      <trkpt lat="-33.478418" lon="23.884038"><ele>886.1</ele></trkpt>
      <trkpt lat="-33.478836" lon="23.884109"><ele>885.7</ele></trkpt>
      <trkpt lat="-33.479256" lon="23.884179"><ele>885.3</ele></trkpt>
      <trkpt lat="-33.479677" lon="23.884249"><ele>884.9</ele></trkpt>
      <trkpt lat="-33.480099" lon="23.884319"><ele>884.5</ele></trkpt>
      <trkpt lat="-33.480523" lon="23.884389"><ele>884.0</ele></trkpt>
      <trkpt lat="-33.480947" lon="23.884458"><ele>883.6</ele></trkpt>
      <trkpt lat="-33.481373" lon="23.884527"><ele>883.2</ele></trkpt>
      <trkpt lat="-33.481799" lon="23.884595"><ele>882.8</ele></trkpt>
      <trkpt lat="-33.482227" lon="23.884663"><ele>882.3</ele></trkpt>
      <trkpt lat="-33.482656" lon="23.884731"><ele>881.9</ele></trkpt>
      <trkpt lat="-33.483086" lon="23.884799"><ele>881.5</ele></trkpt>
      <trkpt lat="-33.483517" lon="23.884866"><ele>881.0</ele></trkpt>
      <trkpt lat="-33.483950" lon="23.884933"><ele>880.6</ele></trkpt>
      <trkpt lat="-33.484383" lon="23.885000"><ele>880.2</ele></trkpt>
      <trkpt lat="-33.484818" lon="23.885067"><ele>879.7</ele></trkpt>
      <trkpt lat="-33.485254" lon="23.885133"><ele>879.3</ele></trkpt>
      <trkpt lat="-33.485691" lon="23.885199"><ele>878.8</ele></trkpt>
      <trkpt lat="-33.486129" lon="23.885264"><ele>878.4</ele></trkpt>
      <trkpt lat="-33.486568" lon="23.885329"><ele>877.9</ele></trkpt>
      <trkpt lat="-33.487009" lon="23.885394"><ele>877.4</ele></trkpt>
      <trkpt lat="-33.487450" lon="23.885459"><ele>877.0</ele></trkpt>
      <trkpt lat="-33.487893" lon="23.885523"><ele>876.5</ele></trkpt>
      <trkpt lat="-33.488337" lon="23.885587"><ele>876.0</ele></trkpt>
      <trkpt lat="-33.488782" lon="23.885651"><ele>875.6</ele></trkpt>
      <trkpt lat="-33.489228" lon="23.885715"><ele>875.1</ele></trkpt>
      <trkpt lat="-33.489676" lon="23.885778"><ele>874.6</ele></trkpt>
      <trkpt lat="-33.490124" lon="23.885841"><ele>874.2</ele></trkpt>
      <trkpt lat="-33.490574" lon="23.885904"><ele>873.7</ele></trkpt>
      <trkpt lat="-33.491025" lon="23.885966"><ele>873.2</ele></trkpt>
      <trkpt lat="-33.491477" lon="23.886028"><ele>872.7</ele></trkpt>
      <trkpt lat="-33.491931" lon="23.886090"><ele>872.2</ele></trkpt>
      <trkpt lat="-33.492385" lon="23.886152"><ele>871.8</ele></trkpt>
      <trkpt lat="-33.492841" lon="23.886213"><ele>871.3</ele></trkpt>
      <trkpt lat="-33.493298" lon="23.886274"><ele>870.8</ele></trkpt>
      <trkpt lat="-33.493756" lon="23.886335"><ele>870.3</ele></trkpt>
      <trkpt lat="-33.494215" lon="23.886395"><ele>869.8</ele></trkpt>
      <trkpt lat="-33.494675" lon="23.886456"><ele>869.3</ele></trkpt>
      <trkpt lat="-33.495137" lon="23.886516"><ele>868.8</ele></trkpt>
      <trkpt lat="-33.495600" lon="23.886575"><ele>868.3</ele></trkpt>
      <trkpt lat="-33.496063" lon="23.886635"><ele>867.8</ele></trkpt>
      <trkpt lat="-33.496529" lon="23.886694"><ele>867.3</ele></trkpt>
      <trkpt lat="-33.496995" lon="23.886753"><ele>866.8</ele></trkpt>
      <trkpt lat="-33.497463" lon="23.886812"><ele>866.3</ele></trkpt>
      <trkpt lat="-33.497931" lon="23.886870"><ele>865.8</ele></trkpt>
      <trkpt lat="-33.498401" lon="23.886928"><ele>865.3</ele></trkpt>
      <trkpt lat="-33.498872" lon="23.886986"><ele>864.8</ele></trkpt>
      <trkpt lat="-33.499345" lon="23.887044"><ele>864.3</ele></trkpt>
      <trkpt lat="-33.499818" lon="23.887101"><ele>863.8</ele></trkpt>
      <trkpt lat="-33.500293" lon="23.887159"><ele>863.3</ele></trkpt>
      <trkpt lat="-33.500769" lon="23.887216"><ele>862.7</ele></trkpt>
      <trkpt lat="-33.501246" lon="23.887272"><ele>862.2</ele></trkpt>
      <trkpt lat="-33.501724" lon="23.887329"><ele>861.7</ele></trkpt>
      <trkpt lat="-33.502204" lon="23.887385"><ele>861.2</ele></trkpt>
      <trkpt lat="-33.502684" lon="23.887441"><ele>860.7</ele></trkpt>
      <trkpt lat="-33.503166" lon="23.887497"><ele>860.2</ele></trkpt>
      <trkpt lat="-33.503650" lon="23.887553"><ele>859.6</ele></trkpt>
      <trkpt lat="-33.504134" lon="23.887608"><ele>859.1</ele></trkpt>
      <trkpt lat="-33.504619" lon="23.887663"><ele>858.6</ele></trkpt>
      <trkpt lat="-33.505106" lon="23.887718"><ele>858.1</ele></trkpt>
      <trkpt lat="-33.505594" lon="23.887773"><ele>857.6</ele></trkpt>
      <trkpt lat="-33.506083" lon="23.887827"><ele>857.1</ele></trkpt>
      <trkpt lat="-33.506574" lon="23.887881"><ele>856.5</ele></trkpt>
      <trkpt lat="-33.507065" lon="23.887935"><ele>856.0</ele></trkpt>
      <trkpt lat="-33.507558" lon="23.887989"><ele>855.5</ele></trkpt>
      <trkpt lat="-33.508052" lon="23.888043"><ele>855.0</ele></trkpt>
      <trkpt lat="-33.508548" lon="23.888096"><ele>854.4</ele></trkpt>
      <trkpt lat="-33.509044" lon="23.888149"><ele>853.9</ele></trkpt>
      <trkpt lat="-33.509542" lon="23.888202"><ele>853.4</ele></trkpt>
      <trkpt lat="-33.510041" lon="23.888255"><ele>852.9</ele></trkpt>
      <trkpt lat="-33.510541" lon="23.888308"><ele>852.4</ele></trkpt>
      <trkpt lat="-33.511042" lon="23.888360"><ele>851.8</ele></trkpt>
      <trkpt lat="-33.511545" lon="23.888412"><ele>851.3</ele></trkpt>
      <trkpt lat="-33.512048" lon="23.888464"><ele>850.8</ele></trkpt>
      <trkpt lat="-33.512553" lon="23.888516"><ele>850.3</ele></trkpt>
      <trkpt lat="-33.513059" lon="23.888568"><ele>849.8</ele></trkpt>
      <trkpt lat="-33.513567" lon="23.888619"><ele>849.3</ele></trkpt>
      <trkpt lat="-33.514076" lon="23.888670"><ele>848.7</ele></trkpt>
      <trkpt lat="-33.514585" lon="23.888721"><ele>848.2</ele></trkpt>
      <trkpt lat="-33.515096" lon="23.888772"><ele>847.7</ele></trkpt>
      <trkpt lat="-33.515609" lon="23.888823"><ele>847.2</ele></trkpt>
      <trkpt lat="-33.516122" lon="23.888873"><ele>846.7</ele></trkpt>
      <trkpt lat="-33.516637" lon="23.888924"><ele>846.2</ele></trkpt>
      <trkpt lat="-33.517153" lon="23.888974"><ele>845.7</ele></trkpt>
      <trkpt lat="-33.517670" lon="23.889024"><ele>845.2</ele></trkpt>
      <trkpt lat="-33.518188" lon="23.889073"><ele>844.7</ele></trkpt>
      <trkpt lat="-33.518708" lon="23.889123"><ele>844.2</ele></trkpt>
      <trkpt lat="-33.519229" lon="23.889172"><ele>843.7</ele></trkpt>
      <trkpt lat="-33.519751" lon="23.889222"><ele>843.2</ele></trkpt>
      <trkpt lat="-33.520274" lon="23.889271"><ele>842.7</ele></trkpt>
      <trkpt lat="-33.520798" lon="23.889320"><ele>842.2</ele></trkpt>
      <trkpt lat="-33.521324" lon="23.889369"><ele>841.7</ele></trkpt>
      <trkpt lat="-33.521851" lon="23.889417"><ele>841.2</ele></trkpt>
      <trkpt lat="-33.522379" lon="23.889466"><ele>840.7</ele></trkpt>
      <trkpt lat="-33.522909" lon="23.889514"><ele>840.2</ele></trkpt>
      <trkpt lat="-33.523439" lon="23.889562"><ele>839.7</ele></trkpt>
      <trkpt lat="-33.523971" lon="23.889610"><ele>839.2</ele></trkpt>
      <trkpt lat="-33.524504" lon="23.889658"><ele>838.8</ele></trkpt>
      <trkpt lat="-33.525038" lon="23.889706"><ele>838.3</ele></trkpt>
      <trkpt lat="-33.525573" lon="23.889753"><ele>837.8</ele></trkpt>
      <trkpt lat="-33.526110" lon="23.889801"><ele>837.4</ele></trkpt>
      <trkpt lat="-33.526648" lon="23.889848"><ele>836.9</ele></trkpt>
      <trkpt lat="-33.527187" lon="23.889895"><ele>836.4</ele></trkpt>
      <trkpt lat="-33.527727" lon="23.889942"><ele>836.0</ele></trkpt>
      <trkpt lat="-33.528269" lon="23.889989"><ele>835.5</ele></trkpt>
      <trkpt lat="-33.528811" lon="23.890036"><ele>835.1</ele></trkpt>
      <trkpt lat="-33.529355" lon="23.890082"><ele>834.6</ele></trkpt>
      <trkpt lat="-33.529900" lon="23.890129"><ele>834.2</ele></trkpt>
      <trkpt lat="-33.530447" lon="23.890175"><ele>833.7</ele></trkpt>
      <trkpt lat="-33.530994" lon="23.890221"><ele>833.3</ele></trkpt>
      <trkpt lat="-33.531543" lon="23.890268"><ele>832.9</ele></trkpt>
      <trkpt lat="-33.532093" lon="23.890314"><ele>832.4</ele></trkpt>
      <trkpt lat="-33.532644" lon="23.890360"><ele>832.0</ele></trkpt>
      <trkpt lat="-33.533197" lon="23.890405"><ele>831.6</ele></trkpt>
      <trkpt lat="-33.533750" lon="23.890451"><ele>831.2</ele></trkpt>
      <trkpt lat="-33.534305" lon="23.890497"><ele>830.8</ele></trkpt>
      <trkpt lat="-33.534861" lon="23.890542"><ele>830.4</ele></trkpt>
      <trkpt lat="-33.535418" lon="23.890587"><ele>830.0</ele></trkpt>
      <trkpt lat="-33.535977" lon="23.890633"><ele>829.6</ele></trkpt>
      <trkpt lat="-33.536536" lon="23.890678"><ele>829.2</ele></trkpt>
      <trkpt lat="-33.537097" lon="23.890723"><ele>828.8</ele></trkpt>
      <trkpt lat="-33.537659" lon="23.890768"><ele>828.5</ele></trkpt>
      <trkpt lat="-33.538222" lon="23.890813"><ele>828.1</ele></trkpt>
      <trkpt lat="-33.538787" lon="23.890857"><ele>827.7</ele></trkpt>
      <trkpt lat="-33.539352" lon="23.890902"><ele>827.4</ele></trkpt>
      <trkpt lat="-33.539919" lon="23.890947"><ele>827.0</ele></trkpt>
      <trkpt lat="-33.540487" lon="23.890991"><ele>826.7</ele></trkpt>
      <trkpt lat="-33.541056" lon="23.891035"><ele>826.3</ele></trkpt>
      <trkpt lat="-33.541626" lon="23.891080"><ele>826.0</ele></trkpt>
      <trkpt lat="-33.542198" lon="23.891124"><ele>825.7</ele></trkpt>
      <trkpt lat="-33.542771" lon="23.891168"><ele>825.4</ele></trkpt>
      <trkpt lat="-33.543345" lon="23.891212"><ele>825.1</ele></trkpt>
      <trkpt lat="-33.543920" lon="23.891256"><ele>824.8</ele></trkpt>
      <trkpt lat="-33.544496" lon="23.891300"><ele>824.5</ele></trkpt>
      <trkpt lat="-33.545073" lon="23.891344"><ele>824.2</ele></trkpt>
      <trkpt lat="-33.545652" lon="23.891388"><ele>823.9</ele></trkpt>
      <trkpt lat="-33.546232" lon="23.891432"><ele>823.6</ele></trkpt>
      <trkpt lat="-33.546813" lon="23.891476"><ele>823.4</ele></trkpt>
      <trkpt lat="-33.547395" lon="23.891519"><ele>823.1</ele></trkpt>
      <trkpt lat="-33.547979" lon="23.891563"><ele>822.9</ele></trkpt>
      <trkpt lat="-33.548563" lon="23.891606"><ele>822.6</ele></trkpt>
      <trkpt lat="-33.549149" lon="23.891650"><ele>822.4</ele></trkpt>
      <trkpt lat="-33.549736" lon="23.891693"><ele>822.2</ele></trkpt>
      <trkpt lat="-33.550324" lon="23.891737"><ele>822.0</ele></trkpt>
      <trkpt lat="-33.550913" lon="23.891780"><ele>821.8</ele></trkpt>
      <trkpt lat="-33.551503" lon="23.891823"><ele>821.6</ele></trkpt>
      <trkpt lat="-33.552095" lon="23.891867"><ele>821.4</ele></trkpt>
      <trkpt lat="-33.552688" lon="23.891910"><ele>821.3</ele></trkpt>
      <trkpt lat="-33.553281" lon="23.891953"><ele>821.1</ele></trkpt>
      <trkpt lat="-33.553876" lon="23.891996"><ele>820.9</ele></trkpt>
      <trkpt lat="-33.554473" lon="23.892039"><ele>820.8</ele></trkpt>
      <trkpt lat="-33.555070" lon="23.892083"><ele>820.7</ele></trkpt>
      <trkpt lat="-33.555668" lon="23.892126"><ele>820.6</ele></trkpt>
      <trkpt lat="-33.556268" lon="23.892169"><ele>820.4</ele></trkpt>
      <trkpt lat="-33.556869" lon="23.892212"><ele>820.3</ele></trkpt>
      <trkpt lat="-33.557471" lon="23.892255"><ele>820.3</ele></trkpt>
      <trkpt lat="-33.558074" lon="23.892298"><ele>820.2</ele></trkpt>
      <trkpt lat="-33.558678" lon="23.892341"><ele>820.1</ele></trkpt>
      <trkpt lat="-33.559283" lon="23.892384"><ele>820.1</ele></trkpt>
      <trkpt lat="-33.559890" lon="23.892427"><ele>820.0</ele></trkpt>
      <trkpt lat="-33.560497" lon="23.892470"><ele>820.0</ele></trkpt>
      <trkpt lat="-33.561106" lon="23.892513"><ele>820.0</ele></trkpt>
      <trkpt lat="-33.561716" lon="23.892556"><ele>820.0</ele></trkpt>
      <trkpt lat="-33.562327" lon="23.892599"><ele>820.0</ele></trkpt>
      <trkpt lat="-33.562939" lon="23.892642"><ele>819.9</ele></trkpt>
      <trkpt lat="-33.563552" lon="23.892685"><ele>819.9</ele></trkpt>
      <trkpt lat="-33.564167" lon="23.892728"><ele>819.8</ele></trkpt>
      <trkpt lat="-33.564782" lon="23.892771"><ele>819.6</ele></trkpt>
      <trkpt lat="-33.565399" lon="23.892814"><ele>819.5</ele></trkpt>
      <trkpt lat="-33.566016" lon="23.892857"><ele>819.3</ele></trkpt>
      <trkpt lat="-33.566635" lon="23.892900"><ele>819.1</ele></trkpt>
      <trkpt lat="-33.567255" lon="23.892943"><ele>818.9</ele></trkpt>
      <trkpt lat="-33.567876" lon="23.892986"><ele>818.6</ele></trkpt>
      <trkpt lat="-33.568498" lon="23.893029"><ele>818.4</ele></trkpt>
      <trkpt lat="-33.569121" lon="23.893072"><ele>818.1</ele></trkpt>
      <trkpt lat="-33.569746" lon="23.893115"><ele>817.7</ele></trkpt>
      <trkpt lat="-33.570371" lon="23.893158"><ele>817.4</ele></trkpt>
      <trkpt lat="-33.570998" lon="23.893202"><ele>817.0</ele></trkpt>
      <trkpt lat="-33.571625" lon="23.893245"><ele>816.6</ele></trkpt>
      <trkpt lat="-33.572254" lon="23.893288"><ele>816.2</ele></trkpt>
      <trkpt lat="-33.572884" lon="23.893332"><ele>815.8</ele></trkpt>
      <trkpt lat="-33.573514" lon="23.893375"><ele>815.3</ele></trkpt>
      <trkpt lat="-33.574146" lon="23.893418"><ele>814.9</ele></trkpt>
      <trkpt lat="-33.574779" lon="23.893462"><ele>814.4</ele></trkpt>
      <trkpt lat="-33.575413" lon="23.893506"><ele>813.8</ele></trkpt>
      <trkpt lat="-33.576048" lon="23.893549"><ele>813.3</ele></trkpt>
      <trkpt lat="-33.576685" lon="23.893593"><ele>812.7</ele></trkpt>
      <trkpt lat="-33.577322" lon="23.893637"><ele>812.1</ele></trkpt>
      <trkpt lat="-33.577960" lon="23.893680"><ele>811.5</ele></trkpt>
      <trkpt lat="-33.578600" lon="23.893724"><ele>810.9</ele></trkpt>
      <trkpt lat="-33.579240" lon="23.893768"><ele>810.2</ele></trkpt>
      <trkpt lat="-33.579881" lon="23.893812"><ele>809.5</ele></trkpt>
      <trkpt lat="-33.580524" lon="23.893856"><ele>808.8</ele></trkpt>
      <trkpt lat="-33.581167" lon="23.893900"><ele>808.1</ele></trkpt>
      <trkpt lat="-33.581812" lon="23.893945"><ele>807.4</ele></trkpt>
      <trkpt lat="-33.582458" lon="23.893989"><ele>806.6</ele></trkpt>
      <trkpt lat="-33.583104" lon="23.894033"><ele>805.8</ele></trkpt>
      <trkpt lat="-33.583752" lon="23.894078"><ele>805.0</ele></trkpt>
      <trkpt lat="-33.584401" lon="23.894122"><ele>804.2</ele></trkpt>
      <trkpt lat="-33.585050" lon="23.894167"><ele>803.3</ele></trkpt>
      <trkpt lat="-33.585701" lon="23.894212"><ele>802.5</ele></trkpt>
      <trkpt lat="-33.586353" lon="23.894256"><ele>801.6</ele></trkpt>
      <trkpt lat="-33.587006" lon="23.894301"><ele>800.7</ele></trkpt>
      <trkpt lat="-33.587660" lon="23.894346"><ele>799.8</ele></trkpt>
      <trkpt lat="-33.588314" lon="23.894391"><ele>798.8</ele></trkpt>
      <trkpt lat="-33.588970" lon="23.894437"><ele>797.9</ele></trkpt>
      <trkpt lat="-33.589627" lon="23.894482"><ele>796.9</ele></trkpt>
      <trkpt lat="-33.590285" lon="23.894528"><ele>795.9</ele></trkpt>
      <trkpt lat="-33.590943" lon="23.894573"><ele>794.9</ele></trkpt>
      <trkpt lat="-33.591603" lon="23.894619"><ele>793.9</ele></trkpt>
      <trkpt lat="-33.592264" lon="23.894665"><ele>792.8</ele></trkpt>
      <trkpt lat="-33.592926" lon="23.894710"><ele>791.8</ele></trkpt>
      <trkpt lat="-33.593588" lon="23.894757"><ele>790.7</ele></trkpt>
      <trkpt lat="-33.594252" lon="23.894803"><ele>789.6</ele></trkpt>
      <trkpt lat="-33.594917" lon="23.894849"><ele>788.5</ele></trkpt>
      <trkpt lat="-33.595582" lon="23.894895"><ele>787.4</ele></trkpt>
      <trkpt lat="-33.596249" lon="23.894942"><ele>786.2</ele></trkpt>
      <trkpt lat="-33.596916" lon="23.894989"><ele>785.1</ele></trkpt>
      <trkpt lat="-33.597585" lon="23.895035"><ele>783.9</ele></trkpt>
      <trkpt lat="-33.598254" lon="23.895082"><ele>782.7</ele></trkpt>
      <trkpt lat="-33.598925" lon="23.895130"><ele>781.5</ele></trkpt>
      <trkpt lat="-33.599596" lon="23.895177"><ele>780.3</ele></trkpt>
      <trkpt lat="-33.600268" lon="23.895224"><ele>779.1</ele></trkpt>
      <trkpt lat="-33.600941" lon="23.895272"><ele>777.9</ele></trkpt>
      <trkpt lat="-33.601616" lon="23.895320"><ele>776.6</ele></trkpt>
      <trkpt lat="-33.602291" lon="23.895367"><ele>775.3</ele></trkpt>
      <trkpt lat="-33.602967" lon="23.895415"><ele>774.1</ele></trkpt>
      <trkpt lat="-33.603643" lon="23.895464"><ele>772.8</ele></trkpt>
      <trkpt lat="-33.604321" lon="23.895512"><ele>771.5</ele></trkpt>
      <trkpt lat="-33.605000" lon="23.895561"><ele>770.1</ele></trkpt>
      <trkpt lat="-33.605679" lon="23.895609"><ele>768.8</ele></trkpt>
      <trkpt lat="-33.606360" lon="23.895658"><ele>767.5</ele></trkpt>
      <trkpt lat="-33.607041" lon="23.895707"><ele>766.1</ele></trkpt>
      <trkpt lat="-33.607724" lon="23.895756"><ele>764.8</ele></trkpt>
      <trkpt lat="-33.608407" lon="23.895806"><ele>763.4</ele></trkpt>
      <trkpt lat="-33.609091" lon="23.895855"><ele>762.0</ele></trkpt>
      <trkpt lat="-33.609776" lon="23.895905"><ele>760.6</ele></trkpt>
      <trkpt lat="-33.610461" lon="23.895955"><ele>759.2</ele></trkpt>
      <trkpt lat="-33.611148" lon="23.896005"><ele>757.8</ele></trkpt>
      <trkpt lat="-33.611836" lon="23.896056"><ele>756.4</ele></trkpt>
      <trkpt lat="-33.612524" lon="23.896106"><ele>755.0</ele></trkpt>
      <trkpt lat="-33.613213" lon="23.896157"><ele>753.6</ele></trkpt>
      <trkpt lat="-33.613903" lon="23.896208"><ele>752.1</ele></trkpt>
      <trkpt lat="-33.614594" lon="23.896259"><ele>750.7</ele></trkpt>
      <trkpt lat="-33.615286" lon="23.896310"><ele>749.2</ele></trkpt>
      <trkpt lat="-33.615978" lon="23.896362"><ele>747.8</ele></trkpt>
      <trkpt lat="-33.616672" lon="23.896414"><ele>746.3</ele></trkpt>
      <trkpt lat="-33.617366" lon="23.896466"><ele>744.8</ele></trkpt>
      <trkpt lat="-33.618061" lon="23.896518"><ele>743.3</ele></trkpt>
      <trkpt lat="-33.618757" lon="23.896570"><ele>741.9</ele></trkpt>
      <trkpt lat="-33.619454" lon="23.896623"><ele>740.4</ele></trkpt>
      <trkpt lat="-33.620151" lon="23.896676"><ele>738.9</ele></trkpt>
      <trkpt lat="-33.620850" lon="23.896729"><ele>737.4</ele></trkpt>
      <trkpt lat="-33.621549" lon="23.896782"><ele>735.9</ele></trkpt>
      <trkpt lat="-33.622249" lon="23.896836"><ele>734.4</ele></trkpt>
      <trkpt lat="-33.622949" lon="23.896889"><ele>732.9</ele></trkpt>
      <trkpt lat="-33.623651" lon="23.896944"><ele>731.4</ele></trkpt>
      <trkpt lat="-33.624353" lon="23.896998"><ele>729.9</ele></trkpt>
      <trkpt lat="-33.625056" lon="23.897052"><ele>728.4</ele></trkpt>
      <trkpt lat="-33.625760" lon="23.897107"><ele>726.8</ele></trkpt>
      <trkpt lat="-33.626464" lon="23.897162"><ele>725.3</ele></trkpt>
      <trkpt lat="-33.627170" lon="23.897217"><ele>723.8</ele></trkpt>
      <trkpt lat="-33.627876" lon="23.897273"><ele>722.3</ele></trkpt>
      <trkpt lat="-33.628583" lon="23.897329"><ele>720.8</ele></trkpt>
      <trkpt lat="-33.629290" lon="23.897385"><ele>719.3</ele></trkpt>
      <trkpt lat="-33.629998" lon="23.897441"><ele>717.8</ele></trkpt>
      <trkpt lat="-33.630707" lon="23.897497"><ele>716.3</ele></trkpt>
      <trkpt lat="-33.631417" lon="23.897554"><ele>714.7</ele></trkpt>
      <trkpt lat="-33.632128" lon="23.897611"><ele>713.2</ele></trkpt>
      <trkpt lat="-33.632839" lon="23.897669"><ele>711.7</ele></trkpt>
      <trkpt lat="-33.633551" lon="23.897726"><ele>710.2</ele></trkpt>
      <trkpt lat="-33.634263" lon="23.897784"><ele>708.7</ele></trkpt>
      <trkpt lat="-33.634976" lon="23.897842"><ele>707.3</ele></trkpt>
      <trkpt lat="-33.635690" lon="23.897901"><ele>705.8</ele></trkpt>
      <trkpt lat="-33.636405" lon="23.897960"><ele>704.3</ele></trkpt>
      <trkpt lat="-33.637120" lon="23.898019"><ele>702.8</ele></trkpt>
      <trkpt lat="-33.637836" lon="23.898078"><ele>701.3</ele></trkpt>
      <trkpt lat="-33.638553" lon="23.898138"><ele>699.9</ele></trkpt>
      <trkpt lat="-33.639271" lon="23.898198"><ele>698.4</ele></trkpt>
      <trkpt lat="-33.639989" lon="23.898258"><ele>697.0</ele></trkpt>
      <trkpt lat="-33.640707" lon="23.898318"><ele>695.5</ele></trkpt>
      <trkpt lat="-33.641427" lon="23.898379"><ele>694.1</ele></trkpt>
      <trkpt lat="-33.642147" lon="23.898440"><ele>692.7</ele></trkpt>
      <trkpt lat="-33.642867" lon="23.898502"><ele>691.2</ele></trkpt>
      <trkpt lat="-33.643588" lon="23.898564"><ele>689.8</ele></trkpt>
      <trkpt lat="-33.644310" lon="23.898626"><ele>688.4</ele></trkpt>
      <trkpt lat="-33.645033" lon="23.898688"><ele>687.0</ele></trkpt>
      <trkpt lat="-33.645756" lon="23.898751"><ele>685.7</ele></trkpt>
      <trkpt lat="-33.646480" lon="23.898814"><ele>684.3</ele></trkpt>
      <trkpt lat="-33.647204" lon="23.898877"><ele>682.9</ele></trkpt>
      <trkpt lat="-33.647929" lon="23.898941"><ele>681.6</ele></trkpt>
      <trkpt lat="-33.648654" lon="23.899005"><ele>680.3</ele></trkpt>
      <trkpt lat="-33.649381" lon="23.899069"><ele>678.9</ele></trkpt>
      <trkpt lat="-33.650107" lon="23.899134"><ele>677.6</ele></trkpt>
      <trkpt lat="-33.650835" lon="23.899199"><ele>676.3</ele></trkpt>
      <trkpt lat="-33.651562" lon="23.899264"><ele>675.1</ele></trkpt>
      <trkpt lat="-33.652291" lon="23.899330"><ele>673.8</ele></trkpt>
      <trkpt lat="-33.653020" lon="23.899396"><ele>672.5</ele></trkpt>
      <trkpt lat="-33.653749" lon="23.899463"><ele>671.3</ele></trkpt>
      <trkpt lat="-33.654479" lon="23.899529"><ele>670.1</ele></trkpt>
      <trkpt lat="-33.655210" lon="23.899597"><ele>668.9</ele></trkpt>
      <trkpt lat="-33.655941" lon="23.899664"><ele>667.7</ele></trkpt>
      <trkpt lat="-33.656673" lon="23.899732"><ele>666.6</ele></trkpt>
      <trkpt lat="-33.657405" lon="23.899800"><ele>665.4</ele></trkpt>
      <trkpt lat="-33.658138" lon="23.899869"><ele>664.3</ele></trkpt>
      <trkpt lat="-33.658871" lon="23.899938"><ele>663.2</ele></trkpt>
      <trkpt lat="-33.659605" lon="23.900007"><ele>662.1</ele></trkpt>
      <trkpt lat="-33.660339" lon="23.900077"><ele>661.0</ele></trkpt>
      <trkpt lat="-33.661073" lon="23.900147"><ele>660.0</ele></trkpt>
      <trkpt lat="-33.661809" lon="23.900217"><ele>658.9</ele></trkpt>
      <trkpt lat="-33.662544" lon="23.900288"><ele>657.9</ele></trkpt>
      <trkpt lat="-33.663280" lon="23.900359"><ele>656.9</ele></trkpt>
      <trkpt lat="-33.664017" lon="23.900431"><ele>656.0</ele></trkpt>
      <trkpt lat="-33.664754" lon="23.900503"><ele>655.0</ele></trkpt>
      <trkpt lat="-33.665492" lon="23.900575"><ele>654.1</ele></trkpt>
      <trkpt lat="-33.666230" lon="23.900648"><ele>653.2</ele></trkpt>
      <trkpt lat="-33.666968" lon="23.900721"><ele>652.4</ele></trkpt>
      <trkpt lat="-33.667707" lon="23.900795"><ele>651.5</ele></trkpt>
      <trkpt lat="-33.668446" lon="23.900869"><ele>650.7</ele></trkpt>
      <trkpt lat="-33.669186" lon="23.900943"><ele>649.9</ele></trkpt>
      <trkpt lat="-33.669926" lon="23.901018"><ele>649.2</ele></trkpt>
      <trkpt lat="-33.670667" lon="23.901093"><ele>648.4</ele></trkpt>
      <trkpt lat="-33.671407" lon="23.901169"><ele>647.7</ele></trkpt>
      <trkpt lat="-33.672149" lon="23.901245"><ele>647.0</ele></trkpt>
      <trkpt lat="-33.672891" lon="23.901321"><ele>646.4</ele></trkpt>
      <trkpt lat="-33.673633" lon="23.901398"><ele>645.7</ele></trkpt>
      <trkpt lat="-33.674375" lon="23.901475"><ele>645.1</ele></trkpt>
      <trkpt lat="-33.675118" lon="23.901553"><ele>644.6</ele></trkpt>
      <trkpt lat="-33.675861" lon="23.901631"><ele>644.0</ele></trkpt>
      <trkpt lat="-33.676605" lon="23.901710"><ele>643.5</ele></trkpt>
      <trkpt lat="-33.677349" lon="23.901789"><ele>643.1</ele></trkpt>
      <trkpt lat="-33.678093" lon="23.901868"><ele>642.6</ele></trkpt>
      <trkpt lat="-33.678838" lon="23.901948"><ele>642.2</ele></trkpt>
      <trkpt lat="-33.679583" lon="23.902028"><ele>641.8</ele></trkpt>
      <trkpt lat="-33.680328" lon="23.902109"><ele>641.5</ele></trkpt>
      <trkpt lat="-33.681073" lon="23.902190"><ele>641.2</ele></trkpt>
      <trkpt lat="-33.681819" lon="23.902272"><ele>640.9</ele></trkpt>
      <trkpt lat="-33.682565" lon="23.902354"><ele>640.7</ele></trkpt>
      <trkpt lat="-33.683312" lon="23.902437"><ele>640.5</ele></trkpt>
      <trkpt lat="-33.684059" lon="23.902520"><ele>640.3</ele></trkpt>
      <trkpt lat="-33.684806" lon="23.902603"><ele>640.2</ele></trkpt>
      <trkpt lat="-33.685553" lon="23.902687"><ele>640.1</ele></trkpt>
      <trkpt lat="-33.686301" lon="23.902772"><ele>640.0</ele></trkpt>
      <trkpt lat="-33.687049" lon="23.902857"><ele>640.0</ele></trkpt>
      <trkpt lat="-33.687797" lon="23.902942"><ele>640.0</ele></trkpt>
      <trkpt lat="-33.688545" lon="23.903028"><ele>640.0</ele></trkpt>
      <trkpt lat="-33.689294" lon="23.903114"><ele>639.9</ele></trkpt>
      <trkpt lat="-33.690043" lon="23.903201"><ele>639.9</ele></trkpt>
      <trkpt lat="-33.690792" lon="23.903288"><ele>639.8</ele></trkpt>
      <trkpt lat="-33.691541" lon="23.903376"><ele>639.7</ele></trkpt>
      <trkpt lat="-33.692291" lon="23.903464"><ele>639.7</ele></trkpt>
      <trkpt lat="-33.693041" lon="23.903553"><ele>639.6</ele></trkpt>
      <trkpt lat="-33.693791" lon="23.903642"><ele>639.4</ele></trkpt>
      <trkpt lat="-33.694541" lon="23.903732"><ele>639.3</ele></trkpt>
      <trkpt lat="-33.695291" lon="23.903822"><ele>639.2</ele></trkpt>
      <trkpt lat="-33.696042" lon="23.903913"><ele>639.0</ele></trkpt>
      <trkpt lat="-33.696792" lon="23.904004"><ele>638.8</ele></trkpt>
      <trkpt lat="-33.697543" lon="23.904096"><ele>638.6</ele></trkpt>
      <trkpt lat="-33.698294" lon="23.904188"><ele>638.5</ele></trkpt>
      <trkpt lat="-33.699045" lon="23.904281"><ele>638.2</ele></trkpt>
      <trkpt lat="-33.699797" lon="23.904375"><ele>638.0</ele></trkpt>
      <trkpt lat="-33.700548" lon="23.904468"><ele>637.8</ele></trkpt>
      <trkpt lat="-33.701300" lon="23.904563"><ele>637.5</ele></trkpt>
      <trkpt lat="-33.702052" lon="23.904658"><ele>637.3</ele></trkpt>
      <trkpt lat="-33.702803" lon="23.904753"><ele>637.0</ele></trkpt>
      <trkpt lat="-33.703555" lon="23.904849"><ele>636.7</ele></trkpt>
      <trkpt lat="-33.704308" lon="23.904945"><ele>636.4</ele></trkpt>
      <trkpt lat="-33.705060" lon="23.905042"><ele>636.1</ele></trkpt>
      <trkpt lat="-33.705812" lon="23.905140"><ele>635.8</ele></trkpt>
      <trkpt lat="-33.706564" lon="23.905238"><ele>635.5</ele></trkpt>
      <trkpt lat="-33.707317" lon="23.905336"><ele>635.2</ele></trkpt>
      <trkpt lat="-33.708069" lon="23.905435"><ele>634.8</ele></trkpt>
      <trkpt lat="-33.708822" lon="23.905535"><ele>634.5</ele></trkpt>
      <trkpt lat="-33.709574" lon="23.905635"><ele>634.1</ele></trkpt>
      <trkpt lat="-33.710327" lon="23.905736"><ele>633.7</ele></trkpt>
      <trkpt lat="-33.711080" lon="23.905837"><ele>633.3</ele></trkpt>
      <trkpt lat="-33.711832" lon="23.905939"><ele>632.9</ele></trkpt>
      <trkpt lat="-33.712585" lon="23.906042"><ele>632.5</ele></trkpt>
      <trkpt lat="-33.713338" lon="23.906145"><ele>632.1</ele></trkpt>
      <trkpt lat="-33.714091" lon="23.906248"><ele>631.7</ele></trkpt>
      <trkpt lat="-33.714844" lon="23.906352"><ele>631.2</ele></trkpt>
      <trkpt lat="-33.715596" lon="23.906457"><ele>630.8</ele></trkpt>
      <trkpt lat="-33.716349" lon="23.906562"><ele>630.3</ele></trkpt>
      <trkpt lat="-33.717102" lon="23.906668"><ele>629.8</ele></trkpt>
      <trkpt lat="-33.717855" lon="23.906775"><ele>629.4</ele></trkpt>
      <trkpt lat="-33.718607" lon="23.906882"><ele>628.9</ele></trkpt>
      <trkpt lat="-33.719360" lon="23.906989"><ele>628.4</ele></trkpt>
      <trkpt lat="-33.720113" lon="23.907097"><ele>627.9</ele></trkpt>
      <trkpt lat="-33.720865" lon="23.907206"><ele>627.4</ele></trkpt>
      <trkpt lat="-33.721618" lon="23.907315"><ele>626.8</ele></trkpt>
      <trkpt lat="-33.722370" lon="23.907425"><ele>626.3</ele></trkpt>
      <trkpt lat="-33.723122" lon="23.907536"><ele>625.8</ele></trkpt>
      <trkpt lat="-33.723875" lon="23.907647"><ele>625.2</ele></trkpt>
      <trkpt lat="-33.724627" lon="23.907759"><ele>624.7</ele></trkpt>
      <trkpt lat="-33.725379" lon="23.907871"><ele>624.1</ele></trkpt>
      <trkpt lat="-33.726131" lon="23.907984"><ele>623.5</ele></trkpt>
      <trkpt lat="-33.726883" lon="23.908097"><ele>623.0</ele></trkpt>
      <trkpt lat="-33.727634" lon="23.908212"><ele>622.4</ele></trkpt>
      <trkpt lat="-33.728386" lon="23.908326"><ele>621.8</ele></trkpt>
      <trkpt lat="-33.729138" lon="23.908442"><ele>621.2</ele></trkpt>
      <trkpt lat="-33.729889" lon="23.908558"><ele>620.6</ele></trkpt>
      <trkpt lat="-33.730640" lon="23.908674"><ele>620.0</ele></trkpt>
      <trkpt lat="-33.731391" lon="23.908791"><ele>619.4</ele></trkpt>
      <trkpt lat="-33.732142" lon="23.908909"><ele>618.7</ele></trkpt>
      <trkpt lat="-33.732893" lon="23.909028"><ele>618.1</ele></trkpt>
      <trkpt lat="-33.733643" lon="23.909147"><ele>617.5</ele></trkpt>
      <trkpt lat="-33.734393" lon="23.909267"><ele>616.8</ele></trkpt>
      <trkpt lat="-33.735143" lon="23.909387"><ele>616.2</ele></trkpt>
      <trkpt lat="-33.735893" lon="23.909508"><ele>615.5</ele></trkpt>
      <trkpt lat="-33.736643" lon="23.909630"><ele>614.8</ele></trkpt>
      <trkpt lat="-33.737393" lon="23.909752"><ele>614.2</ele></trkpt>
      <trkpt lat="-33.738142" lon="23.909875"><ele>613.5</ele></trkpt>
      <trkpt lat="-33.738891" lon="23.909998"><ele>612.8</ele></trkpt>
      <trkpt lat="-33.739640" lon="23.910123"><ele>612.1</ele></trkpt>
      <trkpt lat="-33.740388" lon="23.910247"><ele>611.5</ele></trkpt>
      <trkpt lat="-33.741136" lon="23.910373"><ele>610.8</ele></trkpt>
      <trkpt lat="-33.741884" lon="23.910499"><ele>610.1</ele></trkpt>
      <trkpt lat="-33.742632" lon="23.910626"><ele>609.4</ele></trkpt>
      <trkpt lat="-33.743379" lon="23.910753"><ele>608.7</ele></trkpt>
      <trkpt lat="-33.744127" lon="23.910882"><ele>608.0</ele></trkpt>
      <trkpt lat="-33.744874" lon="23.911010"><ele>607.2</ele></trkpt>
      <trkpt lat="-33.745620" lon="23.911140"><ele>606.5</ele></trkpt>
      <trkpt lat="-33.746366" lon="23.911270"><ele>605.8</ele></trkpt>
      <trkpt lat="-33.747112" lon="23.911401"><ele>605.1</ele></trkpt>
      <trkpt lat="-33.747858" lon="23.911532"><ele>604.4</ele></trkpt>
      <trkpt lat="-33.748603" lon="23.911665"><ele>603.6</ele></trkpt>
      <trkpt lat="-33.749348" lon="23.911798"><ele>602.9</ele></trkpt>
      <trkpt lat="-33.750093" lon="23.911931"><ele>602.2</ele></trkpt>
      <trkpt lat="-33.750837" lon="23.912065"><ele>601.4</ele></trkpt>
      <trkpt lat="-33.751581" lon="23.912200"><ele>600.7</ele></trkpt>
      <trkpt lat="-33.752324" lon="23.912336"><ele>599.9</ele></trkpt>
      <trkpt lat="-33.753067" lon="23.912472"><ele>599.2</ele></trkpt>
      <trkpt lat="-33.753810" lon="23.912609"><ele>598.4</ele></trkpt>
      <trkpt lat="-33.754552" lon="23.912747"><ele>597.7</ele></trkpt>
      <trkpt lat="-33.755294" lon="23.912885"><ele>596.9</ele></trkpt>
      <trkpt lat="-33.756036" lon="23.913024"><ele>596.2</ele></trkpt>
      <trkpt lat="-33.756777" lon="23.913164"><ele>595.4</ele></trkpt>
      <trkpt lat="-33.757518" lon="23.913305"><ele>594.7</ele></trkpt>
      <trkpt lat="-33.758258" lon="23.913446"><ele>593.9</ele></trkpt>
      <trkpt lat="-33.758998" lon="23.913588"><ele>593.1</ele></trkpt>
      <trkpt lat="-33.759737" lon="23.913731"><ele>592.4</ele></trkpt>
      <trkpt lat="-33.760476" lon="23.913874"><ele>591.6</ele></trkpt>
      <trkpt lat="-33.761215" lon="23.914018"><ele>590.8</ele></trkpt>
      <trkpt lat="-33.761953" lon="23.914163"><ele>590.1</ele></trkpt>
      <trkpt lat="-33.762690" lon="23.914308"><ele>589.3</ele></trkpt>
      <trkpt lat="-33.763427" lon="23.914455"><ele>588.5</ele></trkpt>
      <trkpt lat="-33.764164" lon="23.914602"><ele>587.8</ele></trkpt>
      <trkpt lat="-33.764900" lon="23.914749"><ele>587.0</ele></trkpt>
      <trkpt lat="-33.765635" lon="23.914898"><ele>586.2</ele></trkpt>
      <trkpt lat="-33.766370" lon="23.915047"><ele>585.5</ele></trkpt>
      <trkpt lat="-33.767105" lon="23.915197"><ele>584.7</ele></trkpt>
      <trkpt lat="-33.767838" lon="23.915348"><ele>584.0</ele></trkpt>
      <trkpt lat="-33.768572" lon="23.915499"><ele>583.2</ele></trkpt>
      <trkpt lat="-33.769305" lon="23.915651"><ele>582.4</ele></trkpt>
      <trkpt lat="-33.770037" lon="23.915804"><ele>581.7</ele></trkpt>
      <trkpt lat="-33.770769" lon="23.915958"><ele>580.9</ele></trkpt>
      <trkpt lat="-33.771500" lon="23.916112"><ele>580.1</ele></trkpt>
      <trkpt lat="-33.772231" lon="23.916267"><ele>579.4</ele></trkpt>
      <trkpt lat="-33.772961" lon="23.916423"><ele>578.6</ele></trkpt>
      <trkpt lat="-33.773690" lon="23.916580"><ele>577.9</ele></trkpt>
      <trkpt lat="-33.774419" lon="23.916737"><ele>577.1</ele></trkpt>
      <trkpt lat="-33.775147" lon="23.916896"><ele>576.3</ele></trkpt>
      <trkpt lat="-33.775874" lon="23.917054"><ele>575.6</ele></trkpt>
      <trkpt lat="-33.776601" lon="23.917214"><ele>574.8</ele></trkpt>
      <trkpt lat="-33.777328" lon="23.917375"><ele>574.1</ele></trkpt>
      <trkpt lat="-33.778053" lon="23.917536"><ele>573.3</ele></trkpt>
      <trkpt lat="-33.778778" lon="23.917698"><ele>572.6</ele></trkpt>
      <trkpt lat="-33.779503" lon="23.917861"><ele>571.9</ele></trkpt>
      <trkpt lat="-33.780227" lon="23.918024"><ele>571.1</ele></trkpt>
      <trkpt lat="-33.780950" lon="23.918189"><ele>570.4</ele></trkpt>
      <trkpt lat="-33.781672" lon="23.918354"><ele>569.7</ele></trkpt>
      <trkpt lat="-33.782394" lon="23.918520"><ele>568.9</ele></trkpt>
      <trkpt lat="-33.783115" lon="23.918687"><ele>568.2</ele></trkpt>
      <trkpt lat="-33.783835" lon="23.918854"><ele>567.5</ele></trkpt>
      <trkpt lat="-33.784555" lon="23.919022"><ele>566.8</ele></trkpt>
      <trkpt lat="-33.785273" lon="23.919192"><ele>566.0</ele></trkpt>
      <trkpt lat="-33.785992" lon="23.919361"><ele>565.3</ele></trkpt>
      <trkpt lat="-33.786709" lon="23.919532"><ele>564.6</ele></trkpt>
      <trkpt lat="-33.787426" lon="23.919704"><ele>563.9</ele></trkpt>
      <trkpt lat="-33.788142" lon="23.919876"><ele>563.2</ele></trkpt>
      <trkpt lat="-33.788857" lon="23.920049"><ele>562.5</ele></trkpt>
      <trkpt lat="-33.789571" lon="23.920223"><ele>561.8</ele></trkpt>
      <trkpt lat="-33.790285" lon="23.920398"><ele>561.1</ele></trkpt>
      <trkpt lat="-33.790998" lon="23.920573"><ele>560.4</ele></trkpt>
      <trkpt lat="-33.791710" lon="23.920750"><ele>559.8</ele></trkpt>
      <trkpt lat="-33.792421" lon="23.920927"><ele>559.1</ele></trkpt>
      <trkpt lat="-33.793131" lon="23.921105"><ele>558.4</ele></trkpt>
      <trkpt lat="-33.793841" lon="23.921283"><ele>557.8</ele></trkpt>
      <trkpt lat="-33.794550" lon="23.921463"><ele>557.1</ele></trkpt>
      <trkpt lat="-33.795258" lon="23.921644"><ele>556.4</ele></trkpt>
      <trkpt lat="-33.795965" lon="23.921825"><ele>555.8</ele></trkpt>
      <trkpt lat="-33.796671" lon="23.922007"><ele>555.1</ele></trkpt>
      <trkpt lat="-33.797377" lon="23.922190"><ele>554.5</ele></trkpt>
      <trkpt lat="-33.798082" lon="23.922374"><ele>553.9</ele></trkpt>
      <trkpt lat="-33.798785" lon="23.922558"><ele>553.2</ele></trkpt>
      <trkpt lat="-33.799488" lon="23.922744"><ele>552.6</ele></trkpt>
      <trkpt lat="-33.800190" lon="23.922930"><ele>552.0</ele></trkpt>
      <trkpt lat="-33.800892" lon="23.923117"><ele>551.4</ele></trkpt>
      <trkpt lat="-33.801592" lon="23.923305"><ele>550.8</ele></trkpt>
      <trkpt lat="-33.802291" lon="23.923494"><ele>550.2</ele></trkpt>
      <trkpt lat="-33.802990" lon="23.923683"><ele>549.6</ele></trkpt>
      <trkpt lat="-33.803687" lon="23.923874"><ele>549.0</ele></trkpt>
      <trkpt lat="-33.804384" lon="23.924065"><ele>548.5</ele></trkpt>
      <trkpt lat="-33.805080" lon="23.924257"><ele>547.9</ele></trkpt>
      <trkpt lat="-33.805774" lon="23.924450"><ele>547.3</ele></trkpt>
      <trkpt lat="-33.806468" lon="23.924644"><ele>546.8</ele></trkpt>
      <trkpt lat="-33.807161" lon="23.924839"><ele>546.2</ele></trkpt>
      <trkpt lat="-33.807853" lon="23.925035"><ele>545.7</ele></trkpt>
      <trkpt lat="-33.808544" lon="23.925231"><ele>545.1</ele></trkpt>
      <trkpt lat="-33.809234" lon="23.925429"><ele>544.6</ele></trkpt>
      <trkpt lat="-33.809923" lon="23.925627"><ele>544.1</ele></trkpt>
      <trkpt lat="-33.810611" lon="23.925826"><ele>543.6</ele></trkpt>
      <trkpt lat="-33.811298" lon="23.926026"><ele>543.1</ele></trkpt>
      <trkpt lat="-33.811984" lon="23.926227"><ele>542.6</ele></trkpt>
      <trkpt lat="-33.812669" lon="23.926428"><ele>542.1</ele></trkpt>
      <trkpt lat="-33.813353" lon="23.926631"><ele>541.6</ele></trkpt>
      <trkpt lat="-33.814036" lon="23.926834"><ele>541.1</ele></trkpt>
      <trkpt lat="-33.814718" lon="23.927039"><ele>540.6</ele></trkpt>
      <trkpt lat="-33.815399" lon="23.927244"><ele>540.2</ele></trkpt>
      <trkpt lat="-33.816079" lon="23.927450"><ele>539.7</ele></trkpt>
      <trkpt lat="-33.816757" lon="23.927657"><ele>539.3</ele></trkpt>
      <trkpt lat="-33.817435" lon="23.927865"><ele>538.8</ele></trkpt>
      <trkpt lat="-33.818112" lon="23.928074"><ele>538.4</ele></trkpt>
      <trkpt lat="-33.818787" lon="23.928284"><ele>538.0</ele></trkpt>
      <trkpt lat="-33.819462" lon="23.928494"><ele>537.6</ele></trkpt>
      <trkpt lat="-33.820135" lon="23.928706"><ele>537.2</ele></trkpt>
      <trkpt lat="-33.820808" lon="23.928918"><ele>536.8</ele></trkpt>
      <trkpt lat="-33.821479" lon="23.929131"><ele>536.4</ele></trkpt>
      <trkpt lat="-33.822149" lon="23.929345"><ele>536.0</ele></trkpt>
      <trkpt lat="-33.822818" lon="23.929560"><ele>535.7</ele></trkpt>
      <trkpt lat="-33.823486" lon="23.929776"><ele>535.3</ele></trkpt>
      <trkpt lat="-33.824152" lon="23.929993"><ele>535.0</ele></trkpt>
      <trkpt lat="-33.824818" lon="23.930211"><ele>534.6</ele></trkpt>
      <trkpt lat="-33.825482" lon="23.930430"><ele>534.3</ele></trkpt>
      <trkpt lat="-33.826145" lon="23.930649"><ele>534.0</ele></trkpt>
      <trkpt lat="-33.826808" lon="23.930870"><ele>533.7</ele></trkpt>
      <trkpt lat="-33.827468" lon="23.931091"><ele>533.4</ele></trkpt>
      <trkpt lat="-33.828128" lon="23.931314"><ele>533.1</ele></trkpt>
      <trkpt lat="-33.828787" lon="23.931537"><ele>532.8</ele></trkpt>
      <trkpt lat="-33.829444" lon="23.931761"><ele>532.5</ele></trkpt>
      <trkpt lat="-33.830100" lon="23.931986"><ele>532.3</ele></trkpt>
      <trkpt lat="-33.830755" lon="23.932212"><ele>532.0</ele></trkpt>
      <trkpt lat="-33.831409" lon="23.932439"><ele>531.8</ele></trkpt>
      <trkpt lat="-33.832061" lon="23.932667"><ele>531.5</ele></trkpt>
      <trkpt lat="-33.832713" lon="23.932896"><ele>531.3</ele></trkpt>
      <trkpt lat="-33.833363" lon="23.933126"><ele>531.1</ele></trkpt>
      <trkpt lat="-33.834011" lon="23.933357"><ele>530.9</ele></trkpt>
      <trkpt lat="-33.834659" lon="23.933588"><ele>530.7</ele></trkpt>
      <trkpt lat="-33.835305" lon="23.933821"><ele>530.5</ele></trkpt>
      <trkpt lat="-33.835950" lon="23.934054"><ele>530.3</ele></trkpt>
      <trkpt lat="-33.836594" lon="23.934289"><ele>530.2</ele></trkpt>
      <trkpt lat="-33.837237" lon="23.934524"><ele>530.0</ele></trkpt>
      <trkpt lat="-33.837878" lon="23.934761"><ele>529.9</ele></trkpt>
      <trkpt lat="-33.838518" lon="23.934998"><ele>529.8</ele></trkpt>
      <trkpt lat="-33.839156" lon="23.935236"><ele>529.6</ele></trkpt>
      <trkpt lat="-33.839794" lon="23.935475"><ele>529.5</ele></trkpt>
      <trkpt lat="-33.840430" lon="23.935715"><ele>529.4</ele></trkpt>
      <trkpt lat="-33.841064" lon="23.935957"><ele>529.3</ele></trkpt>
      <trkpt lat="-33.841698" lon="23.936199"><ele>529.3</ele></trkpt>
      <trkpt lat="-33.842330" lon="23.936442"><ele>529.2</ele></trkpt>
      <trkpt lat="-33.842960" lon="23.936686"><ele>529.1</ele></trkpt>
      <trkpt lat="-33.843590" lon="23.936930"><ele>529.1</ele></trkpt>
      <trkpt lat="-33.844218" lon="23.937176"><ele>529.0</ele></trkpt>
      <trkpt lat="-33.844844" lon="23.937423"><ele>529.0</ele></trkpt>
      <trkpt lat="-33.845469" lon="23.937671"><ele>529.0</ele></trkpt>
      <trkpt lat="-33.846093" lon="23.937920"><ele>529.0</ele></trkpt>
      <trkpt lat="-33.846716" lon="23.938170"><ele>529.0</ele></trkpt>
      <trkpt lat="-33.847337" lon="23.938420"><ele>529.0</ele></trkpt>
      <trkpt lat="-33.847957" lon="23.938672"><ele>529.1</ele></trkpt>
      <trkpt lat="-33.848575" lon="23.938925"><ele>529.1</ele></trkpt>
      <trkpt lat="-33.849192" lon="23.939178"><ele>529.2</ele></trkpt>
      <trkpt lat="-33.849807" lon="23.939433"><ele>529.2</ele></trkpt>
      <trkpt lat="-33.850421" lon="23.939688"><ele>529.3</ele></trkpt>
      <trkpt lat="-33.851034" lon="23.939945"><ele>529.4</ele></trkpt>
      <trkpt lat="-33.851645" lon="23.940203"><ele>529.5</ele></trkpt>
      <trkpt lat="-33.852255" lon="23.940461"><ele>529.6</ele></trkpt>
      <trkpt lat="-33.852863" lon="23.940721"><ele>529.7</ele></trkpt>
      <trkpt lat="-33.853470" lon="23.940981"><ele>529.8</ele></trkpt>
      <trkpt lat="-33.854076" lon="23.941243"><ele>529.9</ele></trkpt>
      <trkpt lat="-33.854680" lon="23.941505"><ele>530.1</ele></trkpt>
      <trkpt lat="-33.855282" lon="23.941769"><ele>530.2</ele></trkpt>
      <trkpt lat="-33.855883" lon="23.942033"><ele>530.4</ele></trkpt>
      <trkpt lat="-33.856483" lon="23.942299"><ele>530.6</ele></trkpt>
      <trkpt lat="-33.857081" lon="23.942565"><ele>530.7</ele></trkpt>
      <trkpt lat="-33.857677" lon="23.942832"><ele>530.9</ele></trkpt>
      <trkpt lat="-33.858272" lon="23.943101"><ele>531.1</ele></trkpt>
      <trkpt lat="-33.858866" lon="23.943370"><ele>531.3</ele></trkpt>
      <trkpt lat="-33.859458" lon="23.943641"><ele>531.5</ele></trkpt>
      <trkpt lat="-33.860048" lon="23.943912"><ele>531.8</ele></trkpt>
      <trkpt lat="-33.860637" lon="23.944185"><ele>532.0</ele></trkpt>
      <trkpt lat="-33.861225" lon="23.944458"><ele>532.2</ele></trkpt>
      <trkpt lat="-33.861810" lon="23.944732"><ele>532.5</ele></trkpt>
      <trkpt lat="-33.862395" lon="23.945008"><ele>532.7</ele></trkpt>
      <trkpt lat="-33.862977" lon="23.945284"><ele>533.0</ele></trkpt>
      <trkpt lat="-33.863559" lon="23.945562"><ele>533.2</ele></trkpt>
      <trkpt lat="-33.864138" lon="23.945840"><ele>533.5</ele></trkpt>
      <trkpt lat="-33.864716" lon="23.946120"><ele>533.8</ele></trkpt>
      <trkpt lat="-33.865293" lon="23.946400"><ele>534.1</ele></trkpt>
      <trkpt lat="-33.865868" lon="23.946682"><ele>534.4</ele></trkpt>
      <trkpt lat="-33.866441" lon="23.946964"><ele>534.7</ele></trkpt>
      <trkpt lat="-33.867013" lon="23.947248"><ele>535.0</ele></trkpt>
      <trkpt lat="-33.867583" lon="23.947533"><ele>535.3</ele></trkpt>
      <trkpt lat="-33.868151" lon="23.947818"><ele>535.6</ele></trkpt>
      <trkpt lat="-33.868718" lon="23.948105"><ele>535.9</ele></trkpt>
      <trkpt lat="-33.869283" lon="23.948392"><ele>536.3</ele></trkpt>
      <trkpt lat="-33.869847" lon="23.948681"><ele>536.6</ele></trkpt>
      <trkpt lat="-33.870409" lon="23.948971"><ele>536.9</ele></trkpt>
      <trkpt lat="-33.870969" lon="23.949262"><ele>537.3</ele></trkpt>
      <trkpt lat="-33.871528" lon="23.949553"><ele>537.6</ele></trkpt>
      <trkpt lat="-33.872085" lon="23.949846"><ele>538.0</ele></trkpt>
      <trkpt lat="-33.872640" lon="23.950140"><ele>538.4</ele></trkpt>
      <trkpt lat="-33.873194" lon="23.950435"><ele>538.7</ele></trkpt>
      <trkpt lat="-33.873746" lon="23.950731"><ele>539.1</ele></trkpt>
      <trkpt lat="-33.874296" lon="23.951028"><ele>539.5</ele></trkpt>
      <trkpt lat="-33.874845" lon="23.951325"><ele>539.9</ele></trkpt>
      <trkpt lat="-33.875392" lon="23.951624"><ele>540.2</ele></trkpt>
      <trkpt lat="-33.875937" lon="23.951924"><ele>540.6</ele></trkpt>
      <trkpt lat="-33.876481" lon="23.952226"><ele>541.0</ele></trkpt>
      <trkpt lat="-33.877023" lon="23.952528"><ele>541.4</ele></trkpt>
      <trkpt lat="-33.877563" lon="23.952831"><ele>541.8</ele></trkpt>
      <trkpt lat="-33.878102" lon="23.953135"><ele>542.2</ele></trkpt>
      <trkpt lat="-33.878638" lon="23.953440"><ele>542.6</ele></trkpt>
      <trkpt lat="-33.879173" lon="23.953746"><ele>543.1</ele></trkpt>
      <trkpt lat="-33.879707" lon="23.954054"><ele>543.5</ele></trkpt>
      <trkpt lat="-33.880238" lon="23.954362"><ele>543.9</ele></trkpt>
      <trkpt lat="-33.880768" lon="23.954672"><ele>544.3</ele></trkpt>
      <trkpt lat="-33.881296" lon="23.954982"><ele>544.7</ele></trkpt>
      <trkpt lat="-33.881823" lon="23.955294"><ele>545.2</ele></trkpt>
      <trkpt lat="-33.882347" lon="23.955606"><ele>545.6</ele></trkpt>
      <trkpt lat="-33.882870" lon="23.955920"><ele>546.0</ele></trkpt>
      <trkpt lat="-33.883391" lon="23.956234"><ele>546.5</ele></trkpt>
      <trkpt lat="-33.883910" lon="23.956550"><ele>546.9</ele></trkpt>
      <trkpt lat="-33.884428" lon="23.956867"><ele>547.4</ele></trkpt>
      <trkpt lat="-33.884943" lon="23.957185"><ele>547.8</ele></trkpt>
      <trkpt lat="-33.885457" lon="23.957504"><ele>548.3</ele></trkpt>
      <trkpt lat="-33.885969" lon="23.957824"><ele>548.7</ele></trkpt>
      <trkpt lat="-33.886480" lon="23.958145"><ele>549.2</ele></trkpt>
      <trkpt lat="-33.886988" lon="23.958467"><ele>549.6</ele></trkpt>
      <trkpt lat="-33.887495" lon="23.958790"><ele>550.1</ele></trkpt>
      <trkpt lat="-33.888000" lon="23.959114"><ele>550.5</ele></trkpt>
      <trkpt lat="-33.888503" lon="23.959439"><ele>551.0</ele></trkpt>
      <trkpt lat="-33.889004" lon="23.959766"><ele>551.5</ele></trkpt>
      <trkpt lat="-33.889503" lon="23.960093"><ele>551.9</ele></trkpt>
      <trkpt lat="-33.890001" lon="23.960422"><ele>552.4</ele></trkpt>
      <trkpt lat="-33.890496" lon="23.960751"><ele>552.9</ele></trkpt>
      <trkpt lat="-33.890990" lon="23.961082"><ele>553.3</ele></trkpt>
      <trkpt lat="-33.891482" lon="23.961414"><ele>553.8</ele></trkpt>
      <trkpt lat="-33.891972" lon="23.961746"><ele>554.3</ele></trkpt>
      <trkpt lat="-33.892461" lon="23.962080"><ele>554.8</ele></trkpt>
      <trkpt lat="-33.892947" lon="23.962415"><ele>555.2</ele></trkpt>
      <trkpt lat="-33.893432" lon="23.962751"><ele>555.7</ele></trkpt>
      <trkpt lat="-33.893914" lon="23.963088"><ele>556.2</ele></trkpt>
      <trkpt lat="-33.894395" lon="23.963426"><ele>556.7</ele></trkpt>
      <trkpt lat="-33.894874" lon="23.963765"><ele>557.1</ele></trkpt>
      <trkpt lat="-33.895351" lon="23.964106"><ele>557.6</ele></trkpt>
      <trkpt lat="-33.895826" lon="23.964447"><ele>558.1</ele></trkpt>
      <trkpt lat="-33.896299" lon="23.964789"><ele>558.6</ele></trkpt>
      <trkpt lat="-33.896770" lon="23.965133"><ele>559.1</ele></trkpt>
      <trkpt lat="-33.897240" lon="23.965478"><ele>559.5</ele></trkpt>
      <trkpt lat="-33.897707" lon="23.965823"><ele>560.0</ele></trkpt>
      <trkpt lat="-33.898173" lon="23.966170"><ele>560.5</ele></trkpt>
      <trkpt lat="-33.898636" lon="23.966518"><ele>561.0</ele></trkpt>
      <trkpt lat="-33.899098" lon="23.966867"><ele>561.5</ele></trkpt>
      <trkpt lat="-33.899558" lon="23.967217"><ele>562.0</ele></trkpt>
      <trkpt lat="-33.900015" lon="23.967568"><ele>562.4</ele></trkpt>
      <trkpt lat="-33.900471" lon="23.967920"><ele>562.9</ele></trkpt>
      <trkpt lat="-33.900925" lon="23.968273"><ele>563.4</ele></trkpt>
      <trkpt lat="-33.901377" lon="23.968628"><ele>563.9</ele></trkpt>
      <trkpt lat="-33.901827" lon="23.968983"><ele>564.4</ele></trkpt>
      <trkpt lat="-33.902275" lon="23.969340"><ele>564.8</ele></trkpt>
      <trkpt lat="-33.902721" lon="23.969697"><ele>565.3</ele></trkpt>
      <trkpt lat="-33.903165" lon="23.970056"><ele>565.8</ele></trkpt>
      <trkpt lat="-33.903608" lon="23.970416"><ele>566.3</ele></trkpt>
      <trkpt lat="-33.904048" lon="23.970777"><ele>566.8</ele></trkpt>
      <trkpt lat="-33.904486" lon="23.971139"><ele>567.2</ele></trkpt>
      <trkpt lat="-33.904922" lon="23.971502"><ele>567.7</ele></trkpt>
      <trkpt lat="-33.905356" lon="23.971866"><ele>568.2</ele></trkpt>
      <trkpt lat="-33.905788" lon="23.972231"><ele>568.7</ele></trkpt>
      <trkpt lat="-33.906219" lon="23.972598"><ele>569.1</ele></trkpt>
      <trkpt lat="-33.906647" lon="23.972965"><ele>569.6</ele></trkpt>
      <trkpt lat="-33.907073" lon="23.973334"><ele>570.1</ele></trkpt>
      <trkpt lat="-33.907497" lon="23.973704"><ele>570.6</ele></trkpt>
      <trkpt lat="-33.907919" lon="23.974074"><ele>571.0</ele></trkpt>
      <trkpt lat="-33.908340" lon="23.974446"><ele>571.5</ele></trkpt>
      <trkpt lat="-33.908758" lon="23.974819"><ele>572.0</ele></trkpt>
      <trkpt lat="-33.909174" lon="23.975193"><ele>572.4</ele></trkpt>
      <trkpt lat="-33.909588" lon="23.975568"><ele>572.9</ele></trkpt>
      <trkpt lat="-33.910000" lon="23.975945"><ele>573.4</ele></trkpt>
      <trkpt lat="-33.910410" lon="23.976322"><ele>573.8</ele></trkpt>
      <trkpt lat="-33.910818" lon="23.976701"><ele>574.3</ele></trkpt>
      <trkpt lat="-33.911224" lon="23.977080"><ele>574.7</ele></trkpt>
      <trkpt lat="-33.911628" lon="23.977461"><ele>575.2</ele></trkpt>
      <trkpt lat="-33.912030" lon="23.977843"><ele>575.7</ele></trkpt>
      <trkpt lat="-33.912429" lon="23.978225"><ele>576.1</ele></trkpt>
      <trkpt lat="-33.912827" lon="23.978609"><ele>576.6</ele></trkpt>
      <trkpt lat="-33.913223" lon="23.978995"><ele>577.0</ele></trkpt>
      <trkpt lat="-33.913616" lon="23.979381"><ele>577.5</ele></trkpt>
      <trkpt lat="-33.914008" lon="23.979768"><ele>577.9</ele></trkpt>
      <trkpt lat="-33.914397" lon="23.980156"><ele>578.4</ele></trkpt>
      <trkpt lat="-33.914784" lon="23.980546"><ele>578.8</ele></trkpt>
      <trkpt lat="-33.915170" lon="23.980937"><ele>579.2</ele></trkpt>
      <trkpt lat="-33.915553" lon="23.981328"><ele>579.7</ele></trkpt>
      <trkpt lat="-33.915934" lon="23.981721"><ele>580.1</ele></trkpt>
      <trkpt lat="-33.916313" lon="23.982115"><ele>580.6</ele></trkpt>
      <trkpt lat="-33.916690" lon="23.982510"><ele>581.0</ele></trkpt>
      <trkpt lat="-33.917065" lon="23.982906"><ele>581.4</ele></trkpt>
      <trkpt lat="-33.917437" lon="23.983304"><ele>581.9</ele></trkpt>
      <trkpt lat="-33.917808" lon="23.983702"><ele>582.3</ele></trkpt>
      <trkpt lat="-33.918177" lon="23.984102"><ele>582.7</ele></trkpt>
      <trkpt lat="-33.918543" lon="23.984502"><ele>583.1</ele></trkpt>
      <trkpt lat="-33.918907" lon="23.984904"><ele>583.6</ele></trkpt>
      <trkpt lat="-33.919269" lon="23.985307"><ele>584.0</ele></trkpt>
      <trkpt lat="-33.919629" lon="23.985711"><ele>584.4</ele></trkpt>
      <trkpt lat="-33.919987" lon="23.986116"><ele>584.8</ele></trkpt>
      <trkpt lat="-33.920343" lon="23.986522"><ele>585.2</ele></trkpt>
      <trkpt lat="-33.920697" lon="23.986929"><ele>585.6</ele></trkpt>
      <trkpt lat="-33.921048" lon="23.987338"><ele>586.0</ele></trkpt>
      <trkpt lat="-33.921398" lon="23.987747"><ele>586.4</ele></trkpt>
      <trkpt lat="-33.921745" lon="23.988158"><ele>586.8</ele></trkpt>
      <trkpt lat="-33.922090" lon="23.988570"><ele>587.2</ele></trkpt>
      <trkpt lat="-33.922433" lon="23.988982"><ele>587.6</ele></trkpt>
      <trkpt lat="-33.922774" lon="23.989396"><ele>588.0</ele></trkpt>
      <trkpt lat="-33.923113" lon="23.989812"><ele>588.4</ele></trkpt>
      <trkpt lat="-33.923449" lon="23.990228"><ele>588.8</ele></trkpt>
      <trkpt lat="-33.923784" lon="23.990645"><ele>589.2</ele></trkpt>
      <trkpt lat="-33.924116" lon="23.991064"><ele>589.6</ele></trkpt>
      <trkpt lat="-33.924446" lon="23.991483"><ele>589.9</ele></trkpt>
      <trkpt lat="-33.924774" lon="23.991904"><ele>590.3</ele></trkpt>
      <trkpt lat="-33.925100" lon="23.992326"><ele>590.7</ele></trkpt>
      <trkpt lat="-33.925423" lon="23.992748"><ele>591.1</ele></trkpt>
      <trkpt lat="-33.925745" lon="23.993172"><ele>591.4</ele></trkpt>
      <trkpt lat="-33.926064" lon="23.993598"><ele>591.8</ele></trkpt>
      <trkpt lat="-33.926381" lon="23.994024"><ele>592.2</ele></trkpt>
      <trkpt lat="-33.926696" lon="23.994451"><ele>592.5</ele></trkpt>
      <trkpt lat="-33.927008" lon="23.994880"><ele>592.9</ele></trkpt>
      <trkpt lat="-33.927319" lon="23.995309"><ele>593.2</ele></trkpt>
      <trkpt lat="-33.927627" lon="23.995740"><ele>593.6</ele></trkpt>
      <trkpt lat="-33.927934" lon="23.996172"><ele>593.9</ele></trkpt>
      <trkpt lat="-33.928238" lon="23.996605"><ele>594.3</ele></trkpt>
      <trkpt lat="-33.928539" lon="23.997039"><ele>594.6</ele></trkpt>
      <trkpt lat="-33.928839" lon="23.997474"><ele>595.0</ele></trkpt>
      <trkpt lat="-33.929136" lon="23.997910"><ele>595.3</ele></trkpt>
      <trkpt lat="-33.929432" lon="23.998348"><ele>595.6</ele></trkpt>
      <trkpt lat="-33.929725" lon="23.998786"><ele>596.0</ele></trkpt>
      <trkpt lat="-33.930015" lon="23.999226"><ele>596.3</ele></trkpt>
      <trkpt lat="-33.930304" lon="23.999667"><ele>596.6</ele></trkpt>
      <trkpt lat="-33.930590" lon="24.000109"><ele>596.9</ele></trkpt>
      <trkpt lat="-33.930875" lon="24.000552"><ele>597.2</ele></trkpt>
      <trkpt lat="-33.931157" lon="24.000996"><ele>597.6</ele></trkpt>
      <trkpt lat="-33.931436" lon="24.001441"><ele>597.9</ele></trkpt>
      <trkpt lat="-33.931714" lon="24.001888"><ele>598.2</ele></trkpt>
      <trkpt lat="-33.931989" lon="24.002335"><ele>598.5</ele></trkpt>
      <trkpt lat="-33.932262" lon="24.002784"><ele>598.8</ele></trkpt>
      <trkpt lat="-33.932533" lon="24.003233"><ele>599.1</ele></trkpt>
      <trkpt lat="-33.932802" lon="24.003684"><ele>599.4</ele></trkpt>
      <trkpt lat="-33.933069" lon="24.004136"><ele>599.7</ele></trkpt>
      <trkpt lat="-33.933333" lon="24.004589"><ele>599.9</ele></trkpt>
      <trkpt lat="-33.933595" lon="24.005043"><ele>600.2</ele></trkpt>
      <trkpt lat="-33.933855" lon="24.005499"><ele>600.5</ele></trkpt>
      <trkpt lat="-33.934112" lon="24.005955"><ele>600.8</ele></trkpt>
      <trkpt lat="-33.934368" lon="24.006413"><ele>601.0</ele></trkpt>
      <trkpt lat="-33.934621" lon="24.006871"><ele>601.3</ele></trkpt>
      <trkpt lat="-33.934872" lon="24.007331"><ele>601.6</ele></trkpt>
      <trkpt lat="-33.935121" lon="24.007792"><ele>601.8</ele></trkpt>
      <trkpt lat="-33.935367" lon="24.008254"><ele>602.1</ele></trkpt>
      <trkpt lat="-33.935611" lon="24.008717"><ele>602.4</ele></trkpt>
      <trkpt lat="-33.935853" lon="24.009181"><ele>602.6</ele></trkpt>
      <trkpt lat="-33.936093" lon="24.009647"><ele>602.8</ele></trkpt>
      <trkpt lat="-33.936331" lon="24.010113"><ele>603.1</ele></trkpt>
      <trkpt lat="-33.936566" lon="24.010581"><ele>603.3</ele></trkpt>
      <trkpt lat="-33.936799" lon="24.011049"><ele>603.6</ele></trkpt>
      <trkpt lat="-33.937030" lon="24.011519"><ele>603.8</ele></trkpt>
      <trkpt lat="-33.937258" lon="24.011990"><ele>604.0</ele></trkpt>
      <trkpt lat="-33.937485" lon="24.012462"><ele>604.3</ele></trkpt>
      <trkpt lat="-33.937709" lon="24.012935"><ele>604.5</ele></trkpt>
      <trkpt lat="-33.937931" lon="24.013409"><ele>604.7</ele></trkpt>
      <trkpt lat="-33.938150" lon="24.013885"><ele>604.9</ele></trkpt>
      <trkpt lat="-33.938367" lon="24.014361"><ele>605.1</ele></trkpt>
      <trkpt lat="-33.938583" lon="24.014839"><ele>605.3</ele></trkpt>
      <trkpt lat="-33.938795" lon="24.015318"><ele>605.5</ele></trkpt>
      <trkpt lat="-33.939006" lon="24.015797"><ele>605.7</ele></trkpt>
      <trkpt lat="-33.939214" lon="24.016278"><ele>605.9</ele></trkpt>
      <trkpt lat="-33.939420" lon="24.016760"><ele>606.1</ele></trkpt>
      <trkpt lat="-33.939624" lon="24.017244"><ele>606.3</ele></trkpt>
      <trkpt lat="-33.939826" lon="24.017728"><ele>606.5</ele></trkpt>
      <trkpt lat="-33.940025" lon="24.018213"><ele>606.6</ele></trkpt>
      <trkpt lat="-33.940222" lon="24.018700"><ele>606.8</ele></trkpt>
      <trkpt lat="-33.940417" lon="24.019187"><ele>607.0</ele></trkpt>
      <trkpt lat="-33.940610" lon="24.019676"><ele>607.1</ele></trkpt>
      <trkpt lat="-33.940800" lon="24.020166"><ele>607.3</ele></trkpt>
      <trkpt lat="-33.940988" lon="24.020657"><ele>607.5</ele></trkpt>
      <trkpt lat="-33.941174" lon="24.021149"><ele>607.6</ele></trkpt>
      <trkpt lat="-33.941358" lon="24.021642"><ele>607.8</ele></trkpt>
      <trkpt lat="-33.941539" lon="24.022136"><ele>607.9</ele></trkpt>
      <trkpt lat="-33.941718" lon="24.022631"><ele>608.0</ele></trkpt>
      <trkpt lat="-33.941895" lon="24.023128"><ele>608.2</ele></trkpt>
      <trkpt lat="-33.942069" lon="24.023625"><ele>608.3</ele></trkpt>
      <trkpt lat="-33.942242" lon="24.024124"><ele>608.4</ele></trkpt>
      <trkpt lat="-33.942412" lon="24.024624"><ele>608.5</ele></trkpt>
      <trkpt lat="-33.942580" lon="24.025125"><ele>608.7</ele></trkpt>
      <trkpt lat="-33.942745" lon="24.025627"><ele>608.8</ele></trkpt>
      <trkpt lat="-33.942908" lon="24.026130"><ele>608.9</ele></trkpt>
      <trkpt lat="-33.943070" lon="24.026634"><ele>609.0</ele></trkpt>
      <trkpt lat="-33.943228" lon="24.027139"><ele>609.1</ele></trkpt>
      <trkpt lat="-33.943385" lon="24.027645"><ele>609.2</ele></trkpt>
      <trkpt lat="-33.943539" lon="24.028153"><ele>609.3</ele></trkpt>
      <trkpt lat="-33.943691" lon="24.028661"><ele>609.3</ele></trkpt>
      <trkpt lat="-33.943841" lon="24.029171"><ele>609.4</ele></trkpt>
      <trkpt lat="-33.943988" lon="24.029682"><ele>609.5</ele></trkpt>
      <trkpt lat="-33.944134" lon="24.030194"><ele>609.6</ele></trkpt>
      <trkpt lat="-33.944277" lon="24.030707"><ele>609.6</ele></trkpt>
      <trkpt lat="-33.944417" lon="24.031221"><ele>609.7</ele></trkpt>
      <trkpt lat="-33.944556" lon="24.031736"><ele>609.7</ele></trkpt>
      <trkpt lat="-33.944692" lon="24.032252"><ele>609.8</ele></trkpt>
      <trkpt lat="-33.944826" lon="24.032769"><ele>609.8</ele></trkpt>
      <trkpt lat="-33.944958" lon="24.033288"><ele>609.9</ele></trkpt>
      <trkpt lat="-33.945087" lon="24.033807"><ele>609.9</ele></trkpt>
      <trkpt lat="-33.945214" lon="24.034328"><ele>609.9</ele></trkpt>
      <trkpt lat="-33.945339" lon="24.034850"><ele>610.0</ele></trkpt>
      <trkpt lat="-33.945462" lon="24.035372"><ele>610.0</ele></trkpt>
      <trkpt lat="-33.945583" lon="24.035896"><ele>610.0</ele></trkpt>
      <trkpt lat="-33.945701" lon="24.036421"><ele>610.0</ele></trkpt>
      <trkpt lat="-33.945817" lon="24.036947"><ele>610.0</ele></trkpt>
      <trkpt lat="-33.945930" lon="24.037474"><ele>610.0</ele></trkpt>
      <trkpt lat="-33.946042" lon="24.038003"><ele>610.0</ele></trkpt>
      <trkpt lat="-33.946151" lon="24.038532"><ele>610.0</ele></trkpt>
      <trkpt lat="-33.946258" lon="24.039062"><ele>610.0</ele></trkpt>
      <trkpt lat="-33.946363" lon="24.039594"><ele>610.0</ele></trkpt>
      <trkpt lat="-33.946465" lon="24.040126"><ele>610.0</ele></trkpt>
      <trkpt lat="-33.946566" lon="24.040660"><ele>609.9</ele></trkpt>
      <trkpt lat="-33.946664" lon="24.041195"><ele>609.9</ele></trkpt>
      <trkpt lat="-33.946759" lon="24.041730"><ele>609.9</ele></trkpt>
      <trkpt lat="-33.946853" lon="24.042267"><ele>609.9</ele></trkpt>
      <trkpt lat="-33.946944" lon="24.042805"><ele>609.9</ele></trkpt>
      <trkpt lat="-33.947033" lon="24.043344"><ele>609.8</ele></trkpt>
      <trkpt lat="-33.947120" lon="24.043884"><ele>609.8</ele></trkpt>
      <trkpt lat="-33.947205" lon="24.044426"><ele>609.8</ele></trkpt>
      <trkpt lat="-33.947287" lon="24.044968"><ele>609.7</ele></trkpt>
      <trkpt lat="-33.947367" lon="24.045511"><ele>609.7</ele></trkpt>
      <trkpt lat="-33.947445" lon="24.046056"><ele>609.7</ele></trkpt>
      <trkpt lat="-33.947521" lon="24.046601"><ele>609.6</ele></trkpt>
      <trkpt lat="-33.947594" lon="24.047148"><ele>609.6</ele></trkpt>
      <trkpt lat="-33.947666" lon="24.047695"><ele>609.6</ele></trkpt>
      <trkpt lat="-33.947734" lon="24.048244"><ele>609.5</ele></trkpt>
      <trkpt lat="-33.947801" lon="24.048794"><ele>609.5</ele></trkpt>
      <trkpt lat="-33.947866" lon="24.049345"><ele>609.4</ele></trkpt>
      <trkpt lat="-33.947928" lon="24.049896"><ele>609.4</ele></trkpt>
      <trkpt lat="-33.947988" lon="24.050449"><ele>609.3</ele></trkpt>
      <trkpt lat="-33.948046" lon="24.051003"><ele>609.3</ele></trkpt>
      <trkpt lat="-33.948102" lon="24.051559"><ele>609.2</ele></trkpt>
      <trkpt lat="-33.948155" lon="24.052115"><ele>609.1</ele></trkpt>
      <trkpt lat="-33.948206" lon="24.052672"><ele>609.1</ele></trkpt>
      <trkpt lat="-33.948256" lon="24.053230"><ele>609.0</ele></trkpt>
      <trkpt lat="-33.948302" lon="24.053790"><ele>608.9</ele></trkpt>
      <trkpt lat="-33.948347" lon="24.054350"><ele>608.9</ele></trkpt>
      <trkpt lat="-33.948389" lon="24.054911"><ele>608.8</ele></trkpt>
      <trkpt lat="-33.948430" lon="24.055474"><ele>608.7</ele></trkpt>
      <trkpt lat="-33.948468" lon="24.056037"><ele>608.7</ele></trkpt>
      <trkpt lat="-33.948503" lon="24.056602"><ele>608.6</ele></trkpt>
      <trkpt lat="-33.948537" lon="24.057168"><ele>608.5</ele></trkpt>
      <trkpt lat="-33.948568" lon="24.057734"><ele>608.4</ele></trkpt>
      <trkpt lat="-33.948598" lon="24.058302"><ele>608.4</ele></trkpt>
      <trkpt lat="-33.948625" lon="24.058871"><ele>608.3</ele></trkpt>
      <trkpt lat="-33.948650" lon="24.059441"><ele>608.2</ele></trkpt>
      <trkpt lat="-33.948672" lon="24.060012"><ele>608.1</ele></trkpt>
      <trkpt lat="-33.948693" lon="24.060584"><ele>608.0</ele></trkpt>
      <trkpt lat="-33.948711" lon="24.061157"><ele>607.9</ele></trkpt>
      <trkpt lat="-33.948727" lon="24.061731"><ele>607.8</ele></trkpt>
      <trkpt lat="-33.948741" lon="24.062306"><ele>607.7</ele></trkpt>
      <trkpt lat="-33.948753" lon="24.062882"><ele>607.6</ele></trkpt>
      <trkpt lat="-33.948762" lon="24.063459"><ele>607.5</ele></trkpt>
      <trkpt lat="-33.948770" lon="24.064037"><ele>607.4</ele></trkpt>
      <trkpt lat="-33.948775" lon="24.064617"><ele>607.3</ele></trkpt>
      <trkpt lat="-33.948778" lon="24.065197"><ele>607.2</ele></trkpt>
      <trkpt lat="-33.948779" lon="24.065778"><ele>607.1</ele></trkpt>
      <trkpt lat="-33.948778" lon="24.066361"><ele>607.0</ele></trkpt>
      <trkpt lat="-33.948774" lon="24.066944"><ele>606.9</ele></trkpt>
      <trkpt lat="-33.948769" lon="24.067528"><ele>606.8</ele></trkpt>
      <trkpt lat="-33.948761" lon="24.068114"><ele>606.6</ele></trkpt>
      <trkpt lat="-33.948751" lon="24.068700"><ele>606.5</ele></trkpt>
      <trkpt lat="-33.948739" lon="24.069288"><ele>606.4</ele></trkpt>
      <trkpt lat="-33.948725" lon="24.069876"><ele>606.3</ele></trkpt>
      <trkpt lat="-33.948709" lon="24.070466"><ele>606.2</ele></trkpt>
      <trkpt lat="-33.948690" lon="24.071057"><ele>606.0</ele></trkpt>
      <trkpt lat="-33.948670" lon="24.071648"><ele>605.9</ele></trkpt>
      <trkpt lat="-33.948647" lon="24.072241"><ele>605.8</ele></trkpt>
      <trkpt lat="-33.948622" lon="24.072834"><ele>605.6</ele></trkpt>
      <trkpt lat="-33.948595" lon="24.073429"><ele>605.5</ele></trkpt>
      <trkpt lat="-33.948566" lon="24.074025"><ele>605.4</ele></trkpt>
      <trkpt lat="-33.948535" lon="24.074621"><ele>605.2</ele></trkpt>
      <trkpt lat="-33.948502" lon="24.075219"><ele>605.1</ele></trkpt>
      <trkpt lat="-33.948466" lon="24.075818"><ele>605.0</ele></trkpt>
      <trkpt lat="-33.948429" lon="24.076417"><ele>604.8</ele></trkpt>
      <trkpt lat="-33.948389" lon="24.077018"><ele>604.7</ele></trkpt>
      <trkpt lat="-33.948347" lon="24.077620"><ele>604.5</ele></trkpt>
      <trkpt lat="-33.948303" lon="24.078223"><ele>604.4</ele></trkpt>
      <trkpt lat="-33.948257" lon="24.078826"><ele>604.2</ele></trkpt>
      <trkpt lat="-33.948209" lon="24.079431"><ele>604.1</ele></trkpt>
      <trkpt lat="-33.948159" lon="24.080037"><ele>603.9</ele></trkpt>
      <trkpt lat="-33.948107" lon="24.080644"><ele>603.8</ele></trkpt>
      <trkpt lat="-33.948052" lon="24.081251"><ele>603.6</ele></trkpt>
      <trkpt lat="-33.947996" lon="24.081860"><ele>603.4</ele></trkpt>
      <trkpt lat="-33.947937" lon="24.082470"><ele>603.3</ele></trkpt>
      <trkpt lat="-33.947877" lon="24.083080"><ele>603.1</ele></trkpt>
      <trkpt lat="-33.947814" lon="24.083692"><ele>602.9</ele></trkpt>
      <trkpt lat="-33.947749" lon="24.084305"><ele>602.8</ele></trkpt>
      <trkpt lat="-33.947683" lon="24.084919"><ele>602.6</ele></trkpt>
      <trkpt lat="-33.947614" lon="24.085533"><ele>602.4</ele></trkpt>
      <trkpt lat="-33.947543" lon="24.086149"><ele>602.3</ele></trkpt>
      <trkpt lat="-33.947470" lon="24.086766"><ele>602.1</ele></trkpt>
      <trkpt lat="-33.947395" lon="24.087383"><ele>601.9</ele></trkpt>
      <trkpt lat="-33.947318" lon="24.088002"><ele>601.7</ele></trkpt>
      <trkpt lat="-33.947238" lon="24.088621"><ele>601.6</ele></trkpt>
      <trkpt lat="-33.947157" lon="24.089242"><ele>601.4</ele></trkpt>
      <trkpt lat="-33.947074" lon="24.089863"><ele>601.2</ele></trkpt>
      <trkpt lat="-33.946989" lon="24.090486"><ele>601.0</ele></trkpt>
      <trkpt lat="-33.946902" lon="24.091109"><ele>600.8</ele></trkpt>
      <trkpt lat="-33.946812" lon="24.091734"><ele>600.6</ele></trkpt>
      <trkpt lat="-33.946721" lon="24.092359"><ele>600.4</ele></trkpt>
      <trkpt lat="-33.946628" lon="24.092986"><ele>600.2</ele></trkpt>
      <trkpt lat="-33.946532" lon="24.093613"><ele>600.0</ele></trkpt>
      <trkpt lat="-33.946435" lon="24.094241"><ele>599.9</ele></trkpt>
      <trkpt lat="-33.946335" lon="24.094871"><ele>599.7</ele></trkpt>
      <trkpt lat="-33.946234" lon="24.095501"><ele>599.5</ele></trkpt>
      <trkpt lat="-33.946131" lon="24.096132"><ele>599.3</ele></trkpt>
      <trkpt lat="-33.946025" lon="24.096764"><ele>599.1</ele></trkpt>
      <trkpt lat="-33.945918" lon="24.097398"><ele>598.8</ele></trkpt>
      <trkpt lat="-33.945809" lon="24.098032"><ele>598.6</ele></trkpt>
      <trkpt lat="-33.945697" lon="24.098667"><ele>598.4</ele></trkpt>
      <trkpt lat="-33.945584" lon="24.099303"><ele>598.2</ele></trkpt>
      <trkpt lat="-33.945469" lon="24.099940"><ele>598.0</ele></trkpt>
      <trkpt lat="-33.945351" lon="24.100577"><ele>597.8</ele></trkpt>
      <trkpt lat="-33.945232" lon="24.101216"><ele>597.6</ele></trkpt>
      <trkpt lat="-33.945111" lon="24.101856"><ele>597.4</ele></trkpt>
      <trkpt lat="-33.944988" lon="24.102497"><ele>597.2</ele></trkpt>
      <trkpt lat="-33.944863" lon="24.103138"><ele>596.9</ele></trkpt>
      <trkpt lat="-33.944736" lon="24.103781"><ele>596.7</ele></trkpt>
      <trkpt lat="-33.944607" lon="24.104424"><ele>596.5</ele></trkpt>
      <trkpt lat="-33.944476" lon="24.105069"><ele>596.3</ele></trkpt>
      <trkpt lat="-33.944343" lon="24.105714"><ele>596.0</ele></trkpt>
      <trkpt lat="-33.944208" lon="24.106361"><ele>595.8</ele></trkpt>
      <trkpt lat="-33.944072" lon="24.107008"><ele>595.6</ele></trkpt>
      <trkpt lat="-33.943933" lon="24.107656"><ele>595.4</ele></trkpt>
      <trkpt lat="-33.943792" lon="24.108305"><ele>595.1</ele></trkpt>
      <trkpt lat="-33.943650" lon="24.108955"><ele>594.9</ele></trkpt>
      <trkpt lat="-33.943506" lon="24.109606"><ele>594.7</ele></trkpt>
      <trkpt lat="-33.943359" lon="24.110258"><ele>594.4</ele></trkpt>
      <trkpt lat="-33.943211" lon="24.110911"><ele>594.2</ele></trkpt>
      <trkpt lat="-33.943061" lon="24.111564"><ele>594.0</ele></trkpt>
      <trkpt lat="-33.942909" lon="24.112219"><ele>593.7</ele></trkpt>
      <trkpt lat="-33.942755" lon="24.112874"><ele>593.5</ele></trkpt>
      <trkpt lat="-33.942600" lon="24.113531"><ele>593.2</ele></trkpt>
      <trkpt lat="-33.942442" lon="24.114188"><ele>593.0</ele></trkpt>
      <trkpt lat="-33.942283" lon="24.114846"><ele>592.8</ele></trkpt>
      <trkpt lat="-33.942121" lon="24.115505"><ele>592.5</ele></trkpt>
      <trkpt lat="-33.941958" lon="24.116165"><ele>592.3</ele></trkpt>
      <trkpt lat="-33.941793" lon="24.116826"><ele>592.0</ele></trkpt>
      <trkpt lat="-33.941626" lon="24.117488"><ele>591.8</ele></trkpt>
      <trkpt lat="-33.941458" lon="24.118151"><ele>591.5</ele></trkpt>
      <trkpt lat="-33.941287" lon="24.118815"><ele>591.3</ele></trkpt>
      <trkpt lat="-33.941115" lon="24.119479"><ele>591.0</ele></trkpt>
      <trkpt lat="-33.940941" lon="24.120144"><ele>590.8</ele></trkpt>
      <trkpt lat="-33.940765" lon="24.120811"><ele>590.5</ele></trkpt>
      <trkpt lat="-33.940587" lon="24.121478"><ele>590.3</ele></trkpt>
      <trkpt lat="-33.940407" lon="24.122146"><ele>590.0</ele></trkpt>
      <trkpt lat="-33.940226" lon="24.122815"><ele>589.7</ele></trkpt>
      <trkpt lat="-33.940042" lon="24.123485"><ele>589.5</ele></trkpt>
      <trkpt lat="-33.939857" lon="24.124155"><ele>589.2</ele></trkpt>
      <trkpt lat="-33.939670" lon="24.124827"><ele>589.0</ele></trkpt>
      <trkpt lat="-33.939482" lon="24.125499"><ele>588.7</ele></trkpt>
      <trkpt lat="-33.939291" lon="24.126173"><ele>588.4</ele></trkpt>
      <trkpt lat="-33.939099" lon="24.126847"><ele>588.2</ele></trkpt>
      <trkpt lat="-33.938905" lon="24.127522"><ele>587.9</ele></trkpt>
      <trkpt lat="-33.938709" lon="24.128198"><ele>587.7</ele></trkpt>
      <trkpt lat="-33.938512" lon="24.128874"><ele>587.4</ele></trkpt>
      <trkpt lat="-33.938313" lon="24.129552"><ele>587.1</ele></trkpt>
      <trkpt lat="-33.938112" lon="24.130230"><ele>586.9</ele></trkpt>
      <trkpt lat="-33.937909" lon="24.130910"><ele>586.6</ele></trkpt>
      <trkpt lat="-33.937705" lon="24.131590"><ele>586.3</ele></trkpt>
      <trkpt lat="-33.937498" lon="24.132271"><ele>586.1</ele></trkpt>
      <trkpt lat="-33.937290" lon="24.132953"><ele>585.8</ele></trkpt>
      <trkpt lat="-33.937081" lon="24.133636"><ele>585.5</ele></trkpt>
      <trkpt lat="-33.936869" lon="24.134319"><ele>585.3</ele></trkpt>
      <trkpt lat="-33.936656" lon="24.135003"><ele>585.0</ele></trkpt>
      <trkpt lat="-33.936441" lon="24.135689"><ele>584.7</ele></trkpt>
      <trkpt lat="-33.936225" lon="24.136375"><ele>584.4</ele></trkpt>
      <trkpt lat="-33.936007" lon="24.137062"><ele>584.2</ele></trkpt>
      <trkpt lat="-33.935787" lon="24.137749"><ele>583.9</ele></trkpt>
      <trkpt lat="-33.935565" lon="24.138438"><ele>583.6</ele></trkpt>
      <trkpt lat="-33.935342" lon="24.139127"><ele>583.4</ele></trkpt>
      <trkpt lat="-33.935117" lon="24.139818"><ele>583.1</ele></trkpt>
      <trkpt lat="-33.934891" lon="24.140509"><ele>582.8</ele></trkpt>
      <trkpt lat="-33.934663" lon="24.141201"><ele>582.5</ele></trkpt>
      <trkpt lat="-33.934433" lon="24.141893"><ele>582.3</ele></trkpt>
      <trkpt lat="-33.934201" lon="24.142587"><ele>582.0</ele></trkpt>
      <trkpt lat="-33.933968" lon="24.143281"><ele>581.7</ele></trkpt>
      <trkpt lat="-33.933733" lon="24.143976"><ele>581.5</ele></trkpt>
      <trkpt lat="-33.933497" lon="24.144672"><ele>581.2</ele></trkpt>
      <trkpt lat="-33.933259" lon="24.145369"><ele>580.9</ele></trkpt>
      <trkpt lat="-33.933019" lon="24.146066"><ele>580.6</ele></trkpt>
      <trkpt lat="-33.932778" lon="24.146765"><ele>580.4</ele></trkpt>
      <trkpt lat="-33.932535" lon="24.147464"><ele>580.1</ele></trkpt>
      <trkpt lat="-33.932291" lon="24.148164"><ele>579.8</ele></trkpt>
      <trkpt lat="-33.932044" lon="24.148864"><ele>579.5</ele></trkpt>
      <trkpt lat="-33.931797" lon="24.149566"><ele>579.3</ele></trkpt>
      <trkpt lat="-33.931548" lon="24.150268"><ele>579.0</ele></trkpt>
      <trkpt lat="-33.931297" lon="24.150971"><ele>578.7</ele></trkpt>
      <trkpt lat="-33.931044" lon="24.151675"><ele>578.5</ele></trkpt>
      <trkpt lat="-33.930791" lon="24.152380"><ele>578.2</ele></trkpt>
      <trkpt lat="-33.930535" lon="24.153085"><ele>577.9</ele></trkpt>
      <trkpt lat="-33.930278" lon="24.153792"><ele>577.7</ele></trkpt>
      <trkpt lat="-33.930019" lon="24.154499"><ele>577.4</ele></trkpt>
      <trkpt lat="-33.929759" lon="24.155206"><ele>577.1</ele></trkpt>
      <trkpt lat="-33.929498" lon="24.155915"><ele>576.8</ele></trkpt>
      <trkpt lat="-33.929235" lon="24.156624"><ele>576.6</ele></trkpt>
      <trkpt lat="-33.928970" lon="24.157334"><ele>576.3</ele></trkpt>
      <trkpt lat="-33.928704" lon="24.158045"><ele>576.1</ele></trkpt>
      <trkpt lat="-33.928436" lon="24.158757"><ele>575.8</ele></trkpt>
      <trkpt lat="-33.928167" lon="24.159469"><ele>575.5</ele></trkpt>
      <trkpt lat="-33.927896" lon="24.160182"><ele>575.3</ele></trkpt>
      <trkpt lat="-33.927624" lon="24.160896"><ele>575.0</ele></trkpt>
      <trkpt lat="-33.927350" lon="24.161611"><ele>574.7</ele></trkpt>
      <trkpt lat="-33.927075" lon="24.162326"><ele>574.5</ele></trkpt>
      <trkpt lat="-33.926799" lon="24.163042"><ele>574.2</ele></trkpt>
      <trkpt lat="-33.926520" lon="24.163759"><ele>574.0</ele></trkpt>
      <trkpt lat="-33.926241" lon="24.164477"><ele>573.7</ele></trkpt>
      <trkpt lat="-33.925960" lon="24.165195"><ele>573.5</ele></trkpt>
      <trkpt lat="-33.925678" lon="24.165914"><ele>573.2</ele></trkpt>
      <trkpt lat="-33.925394" lon="24.166634"><ele>572.9</ele></trkpt>
      <trkpt lat="-33.925109" lon="24.167354"><ele>572.7</ele></trkpt>
      <trkpt lat="-33.924822" lon="24.168076"><ele>572.4</ele></trkpt>
      <trkpt lat="-33.924534" lon="24.168798"><ele>572.2</ele></trkpt>
      <trkpt lat="-33.924244" lon="24.169520"><ele>572.0</ele></trkpt>
      <trkpt lat="-33.923953" lon="24.170244"><ele>571.7</ele></trkpt>
      <trkpt lat="-33.923661" lon="24.170968"><ele>571.5</ele></trkpt>
      <trkpt lat="-33.923367" lon="24.171693"><ele>571.2</ele></trkpt>
      <trkpt lat="-33.923072" lon="24.172418"><ele>571.0</ele></trkpt>
      <trkpt lat="-33.922776" lon="24.173145"><ele>570.7</ele></trkpt>
      <trkpt lat="-33.922478" lon="24.173872"><ele>570.5</ele></trkpt>
      <trkpt lat="-33.922179" lon="24.174599"><ele>570.3</ele></trkpt>
      <trkpt lat="-33.921879" lon="24.175328"><ele>570.0</ele></trkpt>
      <trkpt lat="-33.921577" lon="24.176057"><ele>569.8</ele></trkpt>
      <trkpt lat="-33.921274" lon="24.176787"><ele>569.6</ele></trkpt>
      <trkpt lat="-33.920969" lon="24.177517"><ele>569.4</ele></trkpt>
      <trkpt lat="-33.920663" lon="24.178248"><ele>569.1</ele></trkpt>
      <trkpt lat="-33.920356" lon="24.178980"><ele>568.9</ele></trkpt>
      <trkpt lat="-33.920048" lon="24.179713"><ele>568.7</ele></trkpt>
      <trkpt lat="-33.919738" lon="24.180446"><ele>568.5</ele></trkpt>
      <trkpt lat="-33.919427" lon="24.181180"><ele>568.3</ele></trkpt>
      <trkpt lat="-33.919114" lon="24.181914"><ele>568.0</ele></trkpt>
      <trkpt lat="-33.918801" lon="24.182650"><ele>567.8</ele></trkpt>
      <trkpt lat="-33.918486" lon="24.183385"><ele>567.6</ele></trkpt>
      <trkpt lat="-33.918169" lon="24.184122"><ele>567.4</ele></trkpt>
      <trkpt lat="-33.917852" lon="24.184859"><ele>567.2</ele></trkpt>
      <trkpt lat="-33.917533" lon="24.185597"><ele>567.0</ele></trkpt>
      <trkpt lat="-33.917213" lon="24.186336"><ele>566.8</ele></trkpt>
      <trkpt lat="-33.916892" lon="24.187075"><ele>566.6</ele></trkpt>
      <trkpt lat="-33.916570" lon="24.187815"><ele>566.4</ele></trkpt>
      <trkpt lat="-33.916246" lon="24.188555"><ele>566.3</ele></trkpt>
      <trkpt lat="-33.915921" lon="24.189297"><ele>566.1</ele></trkpt>
      <trkpt lat="-33.915595" lon="24.190038"><ele>565.9</ele></trkpt>
      <trkpt lat="-33.915268" lon="24.190781"><ele>565.7</ele></trkpt>
      <trkpt lat="-33.914939" lon="24.191524"><ele>565.5</ele></trkpt>
      <trkpt lat="-33.914609" lon="24.192268"><ele>565.4</ele></trkpt>
      <trkpt lat="-33.914278" lon="24.193012"><ele>565.2</ele></trkpt>
      <trkpt lat="-33.913946" lon="24.193757"><ele>565.0</ele></trkpt>
      <trkpt lat="-33.913613" lon="24.194503"><ele>564.9</ele></trkpt>
      <trkpt lat="-33.913279" lon="24.195249"><ele>564.7</ele></trkpt>
      <trkpt lat="-33.912943" lon="24.195996"><ele>564.6</ele></trkpt>
      <trkpt lat="-33.912606" lon="24.196744"><ele>564.4</ele></trkpt>
      <trkpt lat="-33.912269" lon="24.197492"><ele>564.3</ele></trkpt>
      <trkpt lat="-33.911930" lon="24.198241"><ele>564.1</ele></trkpt>
      <trkpt lat="-33.911589" lon="24.198990"><ele>564.0</ele></trkpt>
      <trkpt lat="-33.911248" lon="24.199740"><ele>563.9</ele></trkpt>
      <trkpt lat="-33.910906" lon="24.200491"><ele>563.7</ele></trkpt>
      <trkpt lat="-33.910562" lon="24.201242"><ele>563.6</ele></trkpt>
      <trkpt lat="-33.910218" lon="24.201993"><ele>563.5</ele></trkpt>
      <trkpt lat="-33.909872" lon="24.202746"><ele>563.4</ele></trkpt>
      <trkpt lat="-33.909525" lon="24.203499"><ele>563.3</ele></trkpt>
      <trkpt lat="-33.909178" lon="24.204252"><ele>563.1</ele></trkpt>
      <trkpt lat="-33.908829" lon="24.205007"><ele>563.0</ele></trkpt>
      <trkpt lat="-33.908479" lon="24.205761"><ele>562.9</ele></trkpt>
      <trkpt lat="-33.908128" lon="24.206517"><ele>562.8</ele></trkpt>
      <trkpt lat="-33.907776" lon="24.207273"><ele>562.8</ele></trkpt>
      <trkpt lat="-33.907423" lon="24.208029"><ele>562.7</ele></trkpt>
      <trkpt lat="-33.907068" lon="24.208786"><ele>562.6</ele></trkpt>
      <trkpt lat="-33.906713" lon="24.209544"><ele>562.5</ele></trkpt>
      <trkpt lat="-33.906357" lon="24.210302"><ele>562.4</ele></trkpt>
      <trkpt lat="-33.906000" lon="24.211061"><ele>562.4</ele></trkpt>
      <trkpt lat="-33.905642" lon="24.211820"><ele>562.3</ele></trkpt>
      <trkpt lat="-33.905283" lon="24.212580"><ele>562.3</ele></trkpt>
      <trkpt lat="-33.904922" lon="24.213341"><ele>562.2</ele></trkpt>
      <trkpt lat="-33.904561" lon="24.214102"><ele>562.2</ele></trkpt>
      <trkpt lat="-33.904199" lon="24.214863"><ele>562.1</ele></trkpt>
      <trkpt lat="-33.903836" lon="24.215625"><ele>562.1</ele></trkpt>
      <trkpt lat="-33.903472" lon="24.216388"><ele>562.1</ele></trkpt>
      <trkpt lat="-33.903107" lon="24.217151"><ele>562.0</ele></trkpt>
      <trkpt lat="-33.902741" lon="24.217915"><ele>562.0</ele></trkpt>
      <trkpt lat="-33.902374" lon="24.218679"><ele>562.0</ele></trkpt>
      <trkpt lat="-33.902006" lon="24.219444"><ele>562.0</ele></trkpt>
      <trkpt lat="-33.901638" lon="24.220209"><ele>562.0</ele></trkpt>
      <trkpt lat="-33.901268" lon="24.220975"><ele>562.1</ele></trkpt>
      <trkpt lat="-33.900897" lon="24.221742"><ele>562.2</ele></trkpt>
      <trkpt lat="-33.900526" lon="24.222508"><ele>562.4</ele></trkpt>
      <trkpt lat="-33.900154" lon="24.223276"><ele>562.6</ele></trkpt>
      <trkpt lat="-33.899780" lon="24.224044"><ele>562.9</ele></trkpt>
      <trkpt lat="-33.899406" lon="24.224812"><ele>563.3</ele></trkpt>
      <trkpt lat="-33.899031" lon="24.225581"><ele>563.7</ele></trkpt>
      <trkpt lat="-33.898655" lon="24.226351"><ele>564.2</ele></trkpt>
      <trkpt lat="-33.898279" lon="24.227121"><ele>564.7</ele></trkpt>
      <trkpt lat="-33.897901" lon="24.227891"><ele>565.3</ele></trkpt>
      <trkpt lat="-33.897523" lon="24.228662"><ele>565.9</ele></trkpt>
      <trkpt lat="-33.897144" lon="24.229434"><ele>566.6</ele></trkpt>
      <trkpt lat="-33.896764" lon="24.230206"><ele>567.3</ele></trkpt>
      <trkpt lat="-33.896383" lon="24.230978"><ele>568.1</ele></trkpt>
      <trkpt lat="-33.896001" lon="24.231751"><ele>569.0</ele></trkpt>
      <trkpt lat="-33.895619" lon="24.232524"><ele>569.8</ele></trkpt>
      <trkpt lat="-33.895235" lon="24.233298"><ele>570.8</ele></trkpt>
      <trkpt lat="-33.894851" lon="24.234073"><ele>571.7</ele></trkpt>
      <trkpt lat="-33.894467" lon="24.234847"><ele>572.8</ele></trkpt>
      <trkpt lat="-33.894081" lon="24.235623"><ele>573.8</ele></trkpt>
      <trkpt lat="-33.893695" lon="24.236399"><ele>574.9</ele></trkpt>
      <trkpt lat="-33.893308" lon="24.237175"><ele>576.1</ele></trkpt>
      <trkpt lat="-33.892920" lon="24.237951"><ele>577.3</ele></trkpt>
      <trkpt lat="-33.892531" lon="24.238729"><ele>578.5</ele></trkpt>
      <trkpt lat="-33.892142" lon="24.239506"><ele>579.8</ele></trkpt>
      <trkpt lat="-33.891752" lon="24.240284"><ele>581.1</ele></trkpt>
      <trkpt lat="-33.891361" lon="24.241063"><ele>582.4</ele></trkpt>
      <trkpt lat="-33.890970" lon="24.241842"><ele>583.8</ele></trkpt>
      <trkpt lat="-33.890577" lon="24.242621"><ele>585.2</ele></trkpt>
      <trkpt lat="-33.890185" lon="24.243401"><ele>586.6</ele></trkpt>
      <trkpt lat="-33.889791" lon="24.244181"><ele>588.1</ele></trkpt>
      <trkpt lat="-33.889397" lon="24.244962"><ele>589.6</ele></trkpt>
      <trkpt lat="-33.889002" lon="24.245743"><ele>591.1</ele></trkpt>
      <trkpt lat="-33.888606" lon="24.246524"><ele>592.7</ele></trkpt>
      <trkpt lat="-33.888210" lon="24.247306"><ele>594.2</ele></trkpt>
      <trkpt lat="-33.887813" lon="24.248089"><ele>595.8</ele></trkpt>
      <trkpt lat="-33.887416" lon="24.248872"><ele>597.5</ele></trkpt>
      <trkpt lat="-33.887018" lon="24.249655"><ele>599.1</ele></trkpt>
      <trkpt lat="-33.886619" lon="24.250438"><ele>600.8</ele></trkpt>
      <trkpt lat="-33.886220" lon="24.251222"><ele>602.5</ele></trkpt>
      <trkpt lat="-33.885820" lon="24.252007"><ele>604.2</ele></trkpt>
      <trkpt lat="-33.885419" lon="24.252792"><ele>605.9</ele></trkpt>
      <trkpt lat="-33.885018" lon="24.253577"><ele>607.6</ele></trkpt>
      <trkpt lat="-33.884616" lon="24.254363"><ele>609.4</ele></trkpt>
      <trkpt lat="-33.884214" lon="24.255149"><ele>611.2</ele></trkpt>
      <trkpt lat="-33.883811" lon="24.255935"><ele>612.9</ele></trkpt>
      <trkpt lat="-33.883407" lon="24.256722"><ele>614.7</ele></trkpt>
      <trkpt lat="-33.883003" lon="24.257509"><ele>616.5</ele></trkpt>
      <trkpt lat="-33.882599" lon="24.258296"><ele>618.3</ele></trkpt>
      <trkpt lat="-33.882194" lon="24.259084"><ele>620.2</ele></trkpt>
      <trkpt lat="-33.881788" lon="24.259873"><ele>622.0</ele></trkpt>
      <trkpt lat="-33.881382" lon="24.260661"><ele>623.8</ele></trkpt>
      <trkpt lat="-33.880975" lon="24.261450"><ele>625.6</ele></trkpt>
      <trkpt lat="-33.880568" lon="24.262240"><ele>627.5</ele></trkpt>
      <trkpt lat="-33.880160" lon="24.263029"><ele>629.3</ele></trkpt>
      <trkpt lat="-33.879752" lon="24.263819"><ele>631.1</ele></trkpt>
      <trkpt lat="-33.879343" lon="24.264610"><ele>633.0</ele></trkpt>
      <trkpt lat="-33.878934" lon="24.265401"><ele>634.8</ele></trkpt>
      <trkpt lat="-33.878525" lon="24.266192"><ele>636.6</ele></trkpt>
      <trkpt lat="-33.878115" lon="24.266983"><ele>638.4</ele></trkpt>
      <trkpt lat="-33.877704" lon="24.267775"><ele>640.2</ele></trkpt>
      <trkpt lat="-33.877293" lon="24.268567"><ele>642.0</ele></trkpt>
      <trkpt lat="-33.876882" lon="24.269360"><ele>643.8</ele></trkpt>
      <trkpt lat="-33.876470" lon="24.270152"><ele>645.6</ele></trkpt>
      <trkpt lat="-33.876057" lon="24.270945"><ele>647.3</ele></trkpt>
      <trkpt lat="-33.875645" lon="24.271739"><ele>649.1</ele></trkpt>
      <trkpt lat="-33.875232" lon="24.272533"><ele>650.8</ele></trkpt>
      <trkpt lat="-33.874818" lon="24.273327"><ele>652.5</ele></trkpt>
      <trkpt lat="-33.874404" lon="24.274121"><ele>654.2</ele></trkpt>
      <trkpt lat="-33.873990" lon="24.274916"><ele>655.8</ele></trkpt>
      <trkpt lat="-33.873575" lon="24.275711"><ele>657.5</ele></trkpt>
      <trkpt lat="-33.873160" lon="24.276506"><ele>659.1</ele></trkpt>
      <trkpt lat="-33.872745" lon="24.277302"><ele>660.7</ele></trkpt>
      <trkpt lat="-33.872329" lon="24.278098"><ele>662.3</ele></trkpt>
      <trkpt lat="-33.871913" lon="24.278894"><ele>663.8</ele></trkpt>
      <trkpt lat="-33.871496" lon="24.279690"><ele>665.3</ele></trkpt>
      <trkpt lat="-33.871080" lon="24.280487"><ele>666.8</ele></trkpt>
      <trkpt lat="-33.870663" lon="24.281284"><ele>668.3</ele></trkpt>
      <trkpt lat="-33.870245" lon="24.282081"><ele>669.7</ele></trkpt>
      <trkpt lat="-33.869827" lon="24.282879"><ele>671.1</ele></trkpt>
      <trkpt lat="-33.869409" lon="24.283677"><ele>672.4</ele></trkpt>
      <trkpt lat="-33.868991" lon="24.284475"><ele>673.7</ele></trkpt>
      <trkpt lat="-33.868572" lon="24.285273"><ele>675.0</ele></trkpt>
      <trkpt lat="-33.868154" lon="24.286072"><ele>676.2</ele></trkpt>
      <trkpt lat="-33.867734" lon="24.286871"><ele>677.4</ele></trkpt>
      <trkpt lat="-33.867315" lon="24.287670"><ele>678.6</ele></trkpt>
      <trkpt lat="-33.866895" lon="24.288470"><ele>679.7</ele></trkpt>
      <trkpt lat="-33.866475" lon="24.289269"><ele>680.7</ele></trkpt>
      <trkpt lat="-33.866055" lon="24.290069"><ele>681.7</ele></trkpt>
      <trkpt lat="-33.865635" lon="24.290869"><ele>682.7</ele></trkpt>
      <trkpt lat="-33.865214" lon="24.291670"><ele>683.6</ele></trkpt>
      <trkpt lat="-33.864793" lon="24.292470"><ele>684.4</ele></trkpt>
      <trkpt lat="-33.864372" lon="24.293271"><ele>685.2</ele></trkpt>
      <trkpt lat="-33.863951" lon="24.294072"><ele>685.9</ele></trkpt>
      <trkpt lat="-33.863529" lon="24.294874"><ele>686.6</ele></trkpt>
      <trkpt lat="-33.863108" lon="24.295675"><ele>687.3</ele></trkpt>
      <trkpt lat="-33.862686" lon="24.296477"><ele>687.8</ele></trkpt>
      <trkpt lat="-33.862264" lon="24.297279"><ele>688.3</ele></trkpt>
      <trkpt lat="-33.861842" lon="24.298081"><ele>688.8</ele></trkpt>
      <trkpt lat="-33.861419" lon="24.298884"><ele>689.1</ele></trkpt>
      <trkpt lat="-33.860997" lon="24.299686"><ele>689.4</ele></trkpt>
      <trkpt lat="-33.860574" lon="24.300489"><ele>689.7</ele></trkpt>
      <trkpt lat="-33.860151" lon="24.301292"><ele>689.9</ele></trkpt>
      <trkpt lat="-33.859728" lon="24.302095"><ele>690.0</ele></trkpt>
      <trkpt lat="-33.859305" lon="24.302899"><ele>690.0</ele></trkpt>
      <trkpt lat="-33.858882" lon="24.303702"><ele>690.0</ele></trkpt>
      <trkpt lat="-33.858459" lon="24.304506"><ele>690.1</ele></trkpt>
      <trkpt lat="-33.858036" lon="24.305310"><ele>690.2</ele></trkpt>
      <trkpt lat="-33.857612" lon="24.306114"><ele>690.3</ele></trkpt>
      <trkpt lat="-33.857189" lon="24.306918"><ele>690.5</ele></trkpt>
      <trkpt lat="-33.856765" lon="24.307723"><ele>690.7</ele></trkpt>
      <trkpt lat="-33.856341" lon="24.308527"><ele>690.9</ele></trkpt>
      <trkpt lat="-33.855918" lon="24.309332"><ele>691.1</ele></trkpt>
      <trkpt lat="-33.855494" lon="24.310137"><ele>691.4</ele></trkpt>
      <trkpt lat="-33.855070" lon="24.310942"><ele>691.8</ele></trkpt>
      <trkpt lat="-33.854646" lon="24.311747"><ele>692.1</ele></trkpt>
      <trkpt lat="-33.854222" lon="24.312553"><ele>692.5</ele></trkpt>
      <trkpt lat="-33.853798" lon="24.313358"><ele>692.9</ele></trkpt>
      <trkpt lat="-33.853374" lon="24.314164"><ele>693.4</ele></trkpt>
      <trkpt lat="-33.852951" lon="24.314970"><ele>693.8</ele></trkpt>
      <trkpt lat="-33.852527" lon="24.315776"><ele>694.3</ele></trkpt>
      <trkpt lat="-33.852103" lon="24.316582"><ele>694.9</ele></trkpt>
      <trkpt lat="-33.851679" lon="24.317388"><ele>695.4</ele></trkpt>
      <trkpt lat="-33.851255" lon="24.318195"><ele>696.0</ele></trkpt>
      <trkpt lat="-33.850831" lon="24.319001"><ele>696.6</ele></trkpt>
      <trkpt lat="-33.850407" lon="24.319808"><ele>697.2</ele></trkpt>
      <trkpt lat="-33.849983" lon="24.320615"><ele>697.9</ele></trkpt>
      <trkpt lat="-33.849559" lon="24.321421"><ele>698.6</ele></trkpt>
      <trkpt lat="-33.849136" lon="24.322228"><ele>699.2</ele></trkpt>
      <trkpt lat="-33.848712" lon="24.323036"><ele>700.0</ele></trkpt>
      <trkpt lat="-33.848288" lon="24.323843"><ele>700.7</ele></trkpt>
      <trkpt lat="-33.847865" lon="24.324650"><ele>701.5</ele></trkpt>
      <trkpt lat="-33.847441" lon="24.325457"><ele>702.2</ele></trkpt>
      <trkpt lat="-33.847018" lon="24.326265"><ele>703.0</ele></trkpt>
      <trkpt lat="-33.846595" lon="24.327072"><ele>703.9</ele></trkpt>
      <trkpt lat="-33.846172" lon="24.327880"><ele>704.7</ele></trkpt>
      <trkpt lat="-33.845749" lon="24.328688"><ele>705.5</ele></trkpt>
      <trkpt lat="-33.845326" lon="24.329495"><ele>706.4</ele></trkpt>
      <trkpt lat="-33.844903" lon="24.330303"><ele>707.3</ele></trkpt>
      <trkpt lat="-33.844480" lon="24.331111"><ele>708.2</ele></trkpt>
      <trkpt lat="-33.844058" lon="24.331919"><ele>709.1</ele></trkpt>
      <trkpt lat="-33.843635" lon="24.332727"><ele>710.0</ele></trkpt>
      <trkpt lat="-33.843213" lon="24.333536"><ele>710.9</ele></trkpt>
      <trkpt lat="-33.842791" lon="24.334344"><ele>711.9</ele></trkpt>
      <trkpt lat="-33.842369" lon="24.335152"><ele>712.9</ele></trkpt>
      <trkpt lat="-33.841948" lon="24.335960"><ele>713.8</ele></trkpt>
      <trkpt lat="-33.841526" lon="24.336769"><ele>714.8</ele></trkpt>
      <trkpt lat="-33.841105" lon="24.337577"><ele>715.8</ele></trkpt>
      <trkpt lat="-33.840683" lon="24.338385"><ele>716.8</ele></trkpt>
      <trkpt lat="-33.840263" lon="24.339194"><ele>717.8</ele></trkpt>
      <trkpt lat="-33.839842" lon="24.340002"><ele>718.8</ele></trkpt>
      <trkpt lat="-33.839421" lon="24.340811"><ele>719.9</ele></trkpt>
      <trkpt lat="-33.839001" lon="24.341620"><ele>720.9</ele></trkpt>
      <trkpt lat="-33.838581" lon="24.342428"><ele>721.9</ele></trkpt>
      <trkpt lat="-33.838161" lon="24.343237"><ele>723.0</ele></trkpt>
      <trkpt lat="-33.837742" lon="24.344045"><ele>724.0</ele></trkpt>
      <trkpt lat="-33.837322" lon="24.344854"><ele>725.0</ele></trkpt>
      <trkpt lat="-33.836903" lon="24.345663"><ele>726.1</ele></trkpt>
      <trkpt lat="-33.836484" lon="24.346471"><ele>727.2</ele></trkpt>
      <trkpt lat="-33.836066" lon="24.347280"><ele>728.2</ele></trkpt>
      <trkpt lat="-33.835648" lon="24.348089"><ele>729.3</ele></trkpt>
      <trkpt lat="-33.835230" lon="24.348897"><ele>730.3</ele></trkpt>
      <trkpt lat="-33.834812" lon="24.349706"><ele>731.4</ele></trkpt>
      <trkpt lat="-33.834395" lon="24.350515"><ele>732.4</ele></trkpt>
      <trkpt lat="-33.833977" lon="24.351323"><ele>733.5</ele></trkpt>
      <trkpt lat="-33.833561" lon="24.352132"><ele>734.5</ele></trkpt>
      <trkpt lat="-33.833144" lon="24.352940"><ele>735.6</ele></trkpt>
      <trkpt lat="-33.832728" lon="24.353749"><ele>736.6</ele></trkpt>
      <trkpt lat="-33.832312" lon="24.354558"><ele>737.7</ele></trkpt>
      <trkpt lat="-33.831897" lon="24.355366"><ele>738.7</ele></trkpt>
      <trkpt lat="-33.831482" lon="24.356175"><ele>739.7</ele></trkpt>
      <trkpt lat="-33.831067" lon="24.356983"><ele>740.7</ele></trkpt>
      <trkpt lat="-33.830653" lon="24.357791"><ele>741.8</ele></trkpt>
      <trkpt lat="-33.830239" lon="24.358600"><ele>742.8</ele></trkpt>
      <trkpt lat="-33.829825" lon="24.359408"><ele>743.8</ele></trkpt>
      <trkpt lat="-33.829412" lon="24.360216"><ele>744.8</ele></trkpt>
      <trkpt lat="-33.828999" lon="24.361024"><ele>745.7</ele></trkpt>
      <trkpt lat="-33.828586" lon="24.361833"><ele>746.7</ele></trkpt>
      <trkpt lat="-33.828174" lon="24.362641"><ele>747.7</ele></trkpt>
      <trkpt lat="-33.827763" lon="24.363449"><ele>748.6</ele></trkpt>
      <trkpt lat="-33.827351" lon="24.364257"><ele>749.5</ele></trkpt>
      <trkpt lat="-33.826940" lon="24.365065"><ele>750.5</ele></trkpt>
      <trkpt lat="-33.826530" lon="24.365872"><ele>751.4</ele></trkpt>
      <trkpt lat="-33.826120" lon="24.366680"><ele>752.3</ele></trkpt>
      <trkpt lat="-33.825710" lon="24.367488"><ele>753.2</ele></trkpt>
      <trkpt lat="-33.825301" lon="24.368295"><ele>754.0</ele></trkpt>
      <trkpt lat="-33.824892" lon="24.369103"><ele>754.9</ele></trkpt>
      <trkpt lat="-33.824484" lon="24.369910"><ele>755.7</ele></trkpt>
      <trkpt lat="-33.824076" lon="24.370717"><ele>756.5</ele></trkpt>
      <trkpt lat="-33.823669" lon="24.371524"><ele>757.3</ele></trkpt>
      <trkpt lat="-33.823262" lon="24.372332"><ele>758.1</ele></trkpt>
      <trkpt lat="-33.822856" lon="24.373139"><ele>758.9</ele></trkpt>
      <trkpt lat="-33.822450" lon="24.373945"><ele>759.6</ele></trkpt>
      <trkpt lat="-33.822045" lon="24.374752"><ele>760.3</ele></trkpt>
      <trkpt lat="-33.821640" lon="24.375559"><ele>761.0</ele></trkpt>
      <trkpt lat="-33.821235" lon="24.376365"><ele>761.7</ele></trkpt>
      <trkpt lat="-33.820831" lon="24.377172"><ele>762.4</ele></trkpt>
      <trkpt lat="-33.820428" lon="24.377978"><ele>763.0</ele></trkpt>
      <trkpt lat="-33.820025" lon="24.378784"><ele>763.6</ele></trkpt>
      <trkpt lat="-33.819623" lon="24.379590"><ele>764.2</ele></trkpt>
      <trkpt lat="-33.819221" lon="24.380396"><ele>764.8</ele></trkpt>
      <trkpt lat="-33.818820" lon="24.381202"><ele>765.3</ele></trkpt>
      <trkpt lat="-33.818419" lon="24.382007"><ele>765.8</ele></trkpt>
      <trkpt lat="-33.818019" lon="24.382813"><ele>766.3</ele></trkpt>
      <trkpt lat="-33.817620" lon="24.383618"><ele>766.7</ele></trkpt>
      <trkpt lat="-33.817221" lon="24.384423"><ele>767.2</ele></trkpt>
      <trkpt lat="-33.816822" lon="24.385228"><ele>767.6</ele></trkpt>
      <trkpt lat="-33.816424" lon="24.386033"><ele>767.9</ele></trkpt>
      <trkpt lat="-33.816027" lon="24.386837"><ele>768.3</ele></trkpt>
      <trkpt lat="-33.815630" lon="24.387642"><ele>768.6</ele></trkpt>
      <trkpt lat="-33.815234" lon="24.388446"><ele>768.9</ele></trkpt>
      <trkpt lat="-33.814839" lon="24.389250"><ele>769.1</ele></trkpt>
      <trkpt lat="-33.814444" lon="24.390054"><ele>769.4</ele></trkpt>
      <trkpt lat="-33.814049" lon="24.390858"><ele>769.6</ele></trkpt>
      <trkpt lat="-33.813656" lon="24.391661"><ele>769.7</ele></trkpt>
      <trkpt lat="-33.813263" lon="24.392465"><ele>769.8</ele></trkpt>
      <trkpt lat="-33.812870" lon="24.393268"><ele>769.9</ele></trkpt>
      <trkpt lat="-33.812478" lon="24.394071"><ele>770.0</ele></trkpt>
      <trkpt lat="-33.812087" lon="24.394874"><ele>770.0</ele></trkpt>
      <trkpt lat="-33.811697" lon="24.395676"><ele>770.0</ele></trkpt>
      <trkpt lat="-33.811307" lon="24.396479"><ele>770.0</ele></trkpt>
      <trkpt lat="-33.810918" lon="24.397281"><ele>770.1</ele></trkpt>
      <trkpt lat="-33.810529" lon="24.398083"><ele>770.2</ele></trkpt>
      <trkpt lat="-33.810141" lon="24.398885"><ele>770.3</ele></trkpt>
      <trkpt lat="-33.809754" lon="24.399686"><ele>770.5</ele></trkpt>
      <trkpt lat="-33.809368" lon="24.400488"><ele>770.6</ele></trkpt>
      <trkpt lat="-33.808982" lon="24.401289"><ele>770.8</ele></trkpt>
      <trkpt lat="-33.808597" lon="24.402090"><ele>771.0</ele></trkpt>
      <trkpt lat="-33.808212" lon="24.402890"><ele>771.3</ele></trkpt>
      <trkpt lat="-33.807828" lon="24.403691"><ele>771.5</ele></trkpt>
      <trkpt lat="-33.807445" lon="24.404491"><ele>771.8</ele></trkpt>
      <trkpt lat="-33.807063" lon="24.405291"><ele>772.1</ele></trkpt>
      <trkpt lat="-33.806681" lon="24.406090"><ele>772.4</ele></trkpt>
      <trkpt lat="-33.806300" lon="24.406890"><ele>772.7</ele></trkpt>
      <trkpt lat="-33.805920" lon="24.407689"><ele>773.1</ele></trkpt>
      <trkpt lat="-33.805541" lon="24.408488"><ele>773.5</ele></trkpt>
      <trkpt lat="-33.805162" lon="24.409287"><ele>773.8</ele></trkpt>
      <trkpt lat="-33.804784" lon="24.410085"><ele>774.3</ele></trkpt>
      <trkpt lat="-33.804407" lon="24.410883"><ele>774.7</ele></trkpt>
      <trkpt lat="-33.804030" lon="24.411681"><ele>775.1</ele></trkpt>
      <trkpt lat="-33.803655" lon="24.412479"><ele>775.6</ele></trkpt>
      <trkpt lat="-33.803280" lon="24.413276"><ele>776.1</ele></trkpt>
      <trkpt lat="-33.802906" lon="24.414073"><ele>776.5</ele></trkpt>
      <trkpt lat="-33.802532" lon="24.414870"><ele>777.0</ele></trkpt>
      <trkpt lat="-33.802160" lon="24.415666"><ele>777.6</ele></trkpt>
      <trkpt lat="-33.801788" lon="24.416462"><ele>778.1</ele></trkpt>
      <trkpt lat="-33.801417" lon="24.417258"><ele>778.6</ele></trkpt>
      <trkpt lat="-33.801046" lon="24.418054"><ele>779.2</ele></trkpt>
      <trkpt lat="-33.800677" lon="24.418849"><ele>779.7</ele></trkpt>
      <trkpt lat="-33.800308" lon="24.419644"><ele>780.3</ele></trkpt>
      <trkpt lat="-33.799940" lon="24.420439"><ele>780.9</ele></trkpt>
      <trkpt lat="-33.799573" lon="24.421233"><ele>781.5</ele></trkpt>
      <trkpt lat="-33.799207" lon="24.422027"><ele>782.1</ele></trkpt>
      <trkpt lat="-33.798842" lon="24.422821"><ele>782.7</ele></trkpt>
      <trkpt lat="-33.798477" lon="24.423615"><ele>783.3</ele></trkpt>
      <trkpt lat="-33.798113" lon="24.424408"><ele>784.0</ele></trkpt>
      <trkpt lat="-33.797750" lon="24.425200"><ele>784.6</ele></trkpt>
      <trkpt lat="-33.797388" lon="24.425993"><ele>785.2</ele></trkpt>
      <trkpt lat="-33.797027" lon="24.426785"><ele>785.9</ele></trkpt>
      <trkpt lat="-33.796667" lon="24.427577"><ele>786.5</ele></trkpt>
      <trkpt lat="-33.796307" lon="24.428368"><ele>787.2</ele></trkpt>
      <trkpt lat="-33.795948" lon="24.429159"><ele>787.9</ele></trkpt>
      <trkpt lat="-33.795590" lon="24.429950"><ele>788.5</ele></trkpt>
      <trkpt lat="-33.795234" lon="24.430741"><ele>789.2</ele></trkpt>
      <trkpt lat="-33.794877" lon="24.431531"><ele>789.9</ele></trkpt>
      <trkpt lat="-33.794522" lon="24.432320"><ele>790.6</ele></trkpt>
      <trkpt lat="-33.794168" lon="24.433110"><ele>791.3</ele></trkpt>
      <trkpt lat="-33.793814" lon="24.433899"><ele>791.9</ele></trkpt>
      <trkpt lat="-33.793462" lon="24.434687"><ele>792.6</ele></trkpt>
      <trkpt lat="-33.793110" lon="24.435476"><ele>793.3</ele></trkpt>
      <trkpt lat="-33.792760" lon="24.436264"><ele>794.0</ele></trkpt>
      <trkpt lat="-33.792410" lon="24.437051"><ele>794.7</ele></trkpt>
      <trkpt lat="-33.792061" lon="24.437838"><ele>795.4</ele></trkpt>
      <trkpt lat="-33.791713" lon="24.438625"><ele>796.1</ele></trkpt>
      <trkpt lat="-33.791366" lon="24.439411"><ele>796.7</ele></trkpt>
      <trkpt lat="-33.791019" lon="24.440197"><ele>797.4</ele></trkpt>
      <trkpt lat="-33.790674" lon="24.440983"><ele>798.1</ele></trkpt>
      <trkpt lat="-33.790330" lon="24.441768"><ele>798.8</ele></trkpt>
      <trkpt lat="-33.789986" lon="24.442553"><ele>799.5</ele></trkpt>
      <trkpt lat="-33.789644" lon="24.443338"><ele>800.1</ele></trkpt>
      <trkpt lat="-33.789302" lon="24.444122"><ele>800.8</ele></trkpt>
      <trkpt lat="-33.788962" lon="24.444905"><ele>801.5</ele></trkpt>
      <trkpt lat="-33.788622" lon="24.445688"><ele>802.1</ele></trkpt>
      <trkpt lat="-33.788283" lon="24.446471"><ele>802.8</ele></trkpt>
      <trkpt lat="-33.787946" lon="24.447254"><ele>803.4</ele></trkpt>
      <trkpt lat="-33.787609" lon="24.448036"><ele>804.1</ele></trkpt>
      <trkpt lat="-33.787273" lon="24.448817"><ele>804.7</ele></trkpt>
      <trkpt lat="-33.786938" lon="24.449598"><ele>805.3</ele></trkpt>
      <trkpt lat="-33.786604" lon="24.450379"><ele>805.9</ele></trkpt>
      <trkpt lat="-33.786271" lon="24.451159"><ele>806.5</ele></trkpt>
      <trkpt lat="-33.785939" lon="24.451939"><ele>807.1</ele></trkpt>
      <trkpt lat="-33.785609" lon="24.452718"><ele>807.7</ele></trkpt>
      <trkpt lat="-33.785279" lon="24.453497"><ele>808.3</ele></trkpt>
      <trkpt lat="-33.784950" lon="24.454276"><ele>808.9</ele></trkpt>
      <trkpt lat="-33.784622" lon="24.455054"><ele>809.5</ele></trkpt>
      <trkpt lat="-33.784295" lon="24.455831"><ele>810.0</ele></trkpt>
      <trkpt lat="-33.783969" lon="24.456609"><ele>810.6</ele></trkpt>
      <trkpt lat="-33.783644" lon="24.457385"><ele>811.1</ele></trkpt>
      <trkpt lat="-33.783320" lon="24.458161"><ele>811.6</ele></trkpt>
      <trkpt lat="-33.782997" lon="24.458937"><ele>812.1</ele></trkpt>
      <trkpt lat="-33.782675" lon="24.459713"><ele>812.6</ele></trkpt>
      <trkpt lat="-33.782354" lon="24.460487"><ele>813.1</ele></trkpt>
      <trkpt lat="-33.782034" lon="24.461262"><ele>813.6</ele></trkpt>
      <trkpt lat="-33.781715" lon="24.462036"><ele>814.0</ele></trkpt>
      <trkpt lat="-33.781397" lon="24.462809"><ele>814.5</ele></trkpt>
      <trkpt lat="-33.781081" lon="24.463582"><ele>814.9</ele></trkpt>
      <trkpt lat="-33.780765" lon="24.464354"><ele>815.3</ele></trkpt>
      <trkpt lat="-33.780450" lon="24.465126"><ele>815.7</ele></trkpt>
      <trkpt lat="-33.780137" lon="24.465898"><ele>816.1</ele></trkpt>
      <trkpt lat="-33.779824" lon="24.466669"><ele>816.5</ele></trkpt>
      <trkpt lat="-33.779512" lon="24.467439"><ele>816.8</ele></trkpt>
      <trkpt lat="-33.779202" lon="24.468209"><ele>817.2</ele></trkpt>
      <trkpt lat="-33.778892" lon="24.468979"><ele>817.5</ele></trkpt>
      <trkpt lat="-33.778584" lon="24.469748"><ele>817.8</ele></trkpt>
      <trkpt lat="-33.778276" lon="24.470516"><ele>818.1</ele></trkpt>
      <trkpt lat="-33.777970" lon="24.471284"><ele>818.3</ele></trkpt>
      <trkpt lat="-33.777665" lon="24.472052"><ele>818.6</ele></trkpt>
      <trkpt lat="-33.777361" lon="24.472818"><ele>818.8</ele></trkpt>
      <trkpt lat="-33.777058" lon="24.473585"><ele>819.0</ele></trkpt>
      <trkpt lat="-33.776756" lon="24.474351"><ele>819.2</ele></trkpt>
      <trkpt lat="-33.776455" lon="24.475116"><ele>819.4</ele></trkpt>
      <trkpt lat="-33.776155" lon="24.475881"><ele>819.5</ele></trkpt>
      <trkpt lat="-33.775856" lon="24.476645"><ele>819.7</ele></trkpt>
      <trkpt lat="-33.775559" lon="24.477409"><ele>819.8</ele></trkpt>
      <trkpt lat="-33.775262" lon="24.478172"><ele>819.9</ele></trkpt>
      <trkpt lat="-33.774966" lon="24.478935"><ele>819.9</ele></trkpt>
      <trkpt lat="-33.774672" lon="24.479697"><ele>820.0</ele></trkpt>
      <trkpt lat="-33.774379" lon="24.480458"><ele>820.0</ele></trkpt>
      <trkpt lat="-33.774087" lon="24.481219"><ele>820.0</ele></trkpt>
      <trkpt lat="-33.773796" lon="24.481980"><ele>819.9</ele></trkpt>
      <trkpt lat="-33.773506" lon="24.482740"><ele>819.6</ele></trkpt>
      <trkpt lat="-33.773217" lon="24.483499"><ele>819.3</ele></trkpt>
      <trkpt lat="-33.772929" lon="24.484258"><ele>818.8</ele></trkpt>
      <trkpt lat="-33.772642" lon="24.485016"><ele>818.2</ele></trkpt>
      <trkpt lat="-33.772357" lon="24.485774"><ele>817.5</ele></trkpt>
      <trkpt lat="-33.772072" lon="24.486531"><ele>816.6</ele></trkpt>
      <trkpt lat="-33.771789" lon="24.487287"><ele>815.6</ele></trkpt>
      <trkpt lat="-33.771507" lon="24.488043"><ele>814.6</ele></trkpt>
      <trkpt lat="-33.771226" lon="24.488799"><ele>813.4</ele></trkpt>
      <trkpt lat="-33.770946" lon="24.489553"><ele>812.1</ele></trkpt>
      <trkpt lat="-33.770667" lon="24.490308"><ele>810.7</ele></trkpt>
      <trkpt lat="-33.770390" lon="24.491061"><ele>809.2</ele></trkpt>
      <trkpt lat="-33.770113" lon="24.491814"><ele>807.7</ele></trkpt>
      <trkpt lat="-33.769838" lon="24.492567"><ele>806.0</ele></trkpt>
      <trkpt lat="-33.769563" lon="24.493318"><ele>804.2</ele></trkpt>
      <trkpt lat="-33.769290" lon="24.494069"><ele>802.4</ele></trkpt>
      <trkpt lat="-33.769018" lon="24.494820"><ele>800.4</ele></trkpt>
      <trkpt lat="-33.768748" lon="24.495570"><ele>798.4</ele></trkpt>
      <trkpt lat="-33.768478" lon="24.496319"><ele>796.3</ele></trkpt>
      <trkpt lat="-33.768209" lon="24.497068"><ele>794.1</ele></trkpt>
      <trkpt lat="-33.767942" lon="24.497816"><ele>791.8</ele></trkpt>
      <trkpt lat="-33.767676" lon="24.498564"><ele>789.5</ele></trkpt>
      <trkpt lat="-33.767411" lon="24.499311"><ele>787.0</ele></trkpt>
      <trkpt lat="-33.767147" lon="24.500057"><ele>784.5</ele></trkpt>
      <trkpt lat="-33.766884" lon="24.500803"><ele>782.0</ele></trkpt>
      <trkpt lat="-33.766623" lon="24.501548"><ele>779.4</ele></trkpt>
      <trkpt lat="-33.766362" lon="24.502292"><ele>776.7</ele></trkpt>
      <trkpt lat="-33.766103" lon="24.503036"><ele>773.9</ele></trkpt>
      <trkpt lat="-33.765845" lon="24.503779"><ele>771.1</ele></trkpt>
      <trkpt lat="-33.765588" lon="24.504522"><ele>768.3</ele></trkpt>
      <trkpt lat="-33.765333" lon="24.505263"><ele>765.4</ele></trkpt>
      <trkpt lat="-33.765078" lon="24.506005"><ele>762.4</ele></trkpt>
      <trkpt lat="-33.764825" lon="24.506745"><ele>759.4</ele></trkpt>
      <trkpt lat="-33.764572" lon="24.507485"><ele>756.3</ele></trkpt>
      <trkpt lat="-33.764321" lon="24.508224"><ele>753.2</ele></trkpt>
      <trkpt lat="-33.764072" lon="24.508963"><ele>750.1</ele></trkpt>
      <trkpt lat="-33.763823" lon="24.509701"><ele>746.9</ele></trkpt>
      <trkpt lat="-33.763576" lon="24.510438"><ele>743.6</ele></trkpt>
      <trkpt lat="-33.763329" lon="24.511175"><ele>740.4</ele></trkpt>
      <trkpt lat="-33.763084" lon="24.511910"><ele>737.1</ele></trkpt>
      <trkpt lat="-33.762840" lon="24.512646"><ele>733.7</ele></trkpt>
      <trkpt lat="-33.762598" lon="24.513380"><ele>730.4</ele></trkpt>
      <trkpt lat="-33.762356" lon="24.514114"><ele>727.0</ele></trkpt>
      <trkpt lat="-33.762116" lon="24.514847"><ele>723.6</ele></trkpt>
      <trkpt lat="-33.761877" lon="24.515580"><ele>720.1</ele></trkpt>
      <trkpt lat="-33.761639" lon="24.516312"><ele>716.7</ele></trkpt>
      <trkpt lat="-33.761402" lon="24.517043"><ele>713.2</ele></trkpt>
      <trkpt lat="-33.761166" lon="24.517773"><ele>709.7</ele></trkpt>
      <trkpt lat="-33.760932" lon="24.518503"><ele>706.2</ele></trkpt>
      <trkpt lat="-33.760699" lon="24.519232"><ele>702.7</ele></trkpt>
      <trkpt lat="-33.760467" lon="24.519961"><ele>699.1</ele></trkpt>
      <trkpt lat="-33.760236" lon="24.520688"><ele>695.6</ele></trkpt>
      <trkpt lat="-33.760006" lon="24.521415"><ele>692.0</ele></trkpt>
      <trkpt lat="-33.759778" lon="24.522142"><ele>688.5</ele></trkpt>
      <trkpt lat="-33.759551" lon="24.522867"><ele>684.9</ele></trkpt>
      <trkpt lat="-33.759325" lon="24.523592"><ele>681.3</ele></trkpt>
      <trkpt lat="-33.759100" lon="24.524316"><ele>677.8</ele></trkpt>
      <trkpt lat="-33.758877" lon="24.525040"><ele>674.2</ele></trkpt>
      <trkpt lat="-33.758654" lon="24.525762"><ele>670.7</ele></trkpt>
      <trkpt lat="-33.758433" lon="24.526484"><ele>667.1</ele></trkpt>
      <trkpt lat="-33.758213" lon="24.527206"><ele>663.6</ele></trkpt>
      <trkpt lat="-33.757994" lon="24.527926"><ele>660.0</ele></trkpt>
      <trkpt lat="-33.757777" lon="24.528646"><ele>656.5</ele></trkpt>
      <trkpt lat="-33.757561" lon="24.529365"><ele>653.0</ele></trkpt>
      <trkpt lat="-33.757346" lon="24.530083"><ele>649.5</ele></trkpt>
      <trkpt lat="-33.757132" lon="24.530801"><ele>646.0</ele></trkpt>
      <trkpt lat="-33.756919" lon="24.531518"><ele>642.5</ele></trkpt>
      <trkpt lat="-33.756708" lon="24.532234"><ele>639.0</ele></trkpt>
      <trkpt lat="-33.756497" lon="24.532949"><ele>635.6</ele></trkpt>
      <trkpt lat="-33.756288" lon="24.533664"><ele>632.2</ele></trkpt>
      <trkpt lat="-33.756081" lon="24.534378"><ele>628.8</ele></trkpt>
      <trkpt lat="-33.755874" lon="24.535091"><ele>625.5</ele></trkpt>
      <trkpt lat="-33.755669" lon="24.535803"><ele>622.1</ele></trkpt>
      <trkpt lat="-33.755464" lon="24.536515"><ele>618.8</ele></trkpt>
      <trkpt lat="-33.755261" lon="24.537226"><ele>615.5</ele></trkpt>
      <trkpt lat="-33.755060" lon="24.537936"><ele>612.3</ele></trkpt>
      <trkpt lat="-33.754859" lon="24.538645"><ele>609.1</ele></trkpt>
      <trkpt lat="-33.754660" lon="24.539354"><ele>605.9</ele></trkpt>
      <trkpt lat="-33.754462" lon="24.540061"><ele>602.8</ele></trkpt>
      <trkpt lat="-33.754265" lon="24.540768"><ele>599.7</ele></trkpt>
      <trkpt lat="-33.754069" lon="24.541475"><ele>596.6</ele></trkpt>
      <trkpt lat="-33.753875" lon="24.542180"><ele>593.6</ele></trkpt>
      <trkpt lat="-33.753682" lon="24.542885"><ele>590.6</ele></trkpt>
      <trkpt lat="-33.753490" lon="24.543589"><ele>587.7</ele></trkpt>
      <trkpt lat="-33.753299" lon="24.544292"><ele>584.8</ele></trkpt>
      <trkpt lat="-33.753109" lon="24.544994"><ele>581.9</ele></trkpt>
      <trkpt lat="-33.752921" lon="24.545696"><ele>579.1</ele></trkpt>
      <trkpt lat="-33.752734" lon="24.546396"><ele>576.4</ele></trkpt>
      <trkpt lat="-33.752548" lon="24.547096"><ele>573.7</ele></trkpt>
      <trkpt lat="-33.752363" lon="24.547795"><ele>571.0</ele></trkpt>
      <trkpt lat="-33.752180" lon="24.548494"><ele>568.4</ele></trkpt>
      <trkpt lat="-33.751998" lon="24.549191"><ele>565.9</ele></trkpt>
      <trkpt lat="-33.751817" lon="24.549888"><ele>563.4</ele></trkpt>
      <trkpt lat="-33.751637" lon="24.550584"><ele>561.0</ele></trkpt>
      <trkpt lat="-33.751458" lon="24.551279"><ele>558.6</ele></trkpt>
      <trkpt lat="-33.751281" lon="24.551973"><ele>556.3</ele></trkpt>
      <trkpt lat="-33.751105" lon="24.552667"><ele>554.1</ele></trkpt>
      <trkpt lat="-33.750930" lon="24.553359"><ele>551.9</ele></trkpt>
      <trkpt lat="-33.750756" lon="24.554051"><ele>549.7</ele></trkpt>
      <trkpt lat="-33.750584" lon="24.554742"><ele>547.7</ele></trkpt>
      <trkpt lat="-33.750412" lon="24.555433"><ele>545.7</ele></trkpt>
      <trkpt lat="-33.750242" lon="24.556122"><ele>543.7</ele></trkpt>
      <trkpt lat="-33.750074" lon="24.556811"><ele>541.9</ele></trkpt>
      <trkpt lat="-33.749906" lon="24.557498"><ele>540.1</ele></trkpt>
      <trkpt lat="-33.749739" lon="24.558185"><ele>538.4</ele></trkpt>
      <trkpt lat="-33.749574" lon="24.558871"><ele>536.7</ele></trkpt>
      <trkpt lat="-33.749410" lon="24.559557"><ele>535.1</ele></trkpt>
      <trkpt lat="-33.749247" lon="24.560241"><ele>533.6</ele></trkpt>
      <trkpt lat="-33.749086" lon="24.560924"><ele>532.2</ele></trkpt>
      <trkpt lat="-33.748926" lon="24.561607"><ele>530.8</ele></trkpt>
      <trkpt lat="-33.748766" lon="24.562289"><ele>529.5</ele></trkpt>
      <trkpt lat="-33.748608" lon="24.562970"><ele>528.3</ele></trkpt>
      <trkpt lat="-33.748452" lon="24.563650"><ele>527.2</ele></trkpt>
      <trkpt lat="-33.748296" lon="24.564330"><ele>526.1</ele></trkpt>
      <trkpt lat="-33.748142" lon="24.565008"><ele>525.2</ele></trkpt>
      <trkpt lat="-33.747989" lon="24.565686"><ele>524.3</ele></trkpt>
      <trkpt lat="-33.747837" lon="24.566362"><ele>523.5</ele></trkpt>
      <trkpt lat="-33.747686" lon="24.567038"><ele>522.7</ele></trkpt>
      <trkpt lat="-33.747537" lon="24.567713"><ele>522.1</ele></trkpt>
      <trkpt lat="-33.747388" lon="24.568387"><ele>521.5</ele></trkpt>
      <trkpt lat="-33.747241" lon="24.569061"><ele>521.1</ele></trkpt>
      <trkpt lat="-33.747095" lon="24.569733"><ele>520.7</ele></trkpt>
      <trkpt lat="-33.746951" lon="24.570405"><ele>520.4</ele></trkpt>
      <trkpt lat="-33.746807" lon="24.571075"><ele>520.2</ele></trkpt>
      <trkpt lat="-33.746665" lon="24.571745"><ele>520.0</ele></trkpt>
      <trkpt lat="-33.746524" lon="24.572414"><ele>520.0</ele></trkpt>
      <trkpt lat="-33.746384" lon="24.573082"><ele>519.9</ele></trkpt>
      <trkpt lat="-33.746245" lon="24.573749"><ele>519.7</ele></trkpt>
      <trkpt lat="-33.746108" lon="24.574416"><ele>519.5</ele></trkpt>
      <trkpt lat="-33.745971" lon="24.575081"><ele>519.1</ele></trkpt>
      <trkpt lat="-33.745836" lon="24.575745"><ele>518.6</ele></trkpt>
      <trkpt lat="-33.745702" lon="24.576409"><ele>518.0</ele></trkpt>
      <trkpt lat="-33.745569" lon="24.577072"><ele>517.3</ele></trkpt>
      <trkpt lat="-33.745438" lon="24.577734"><ele>516.5</ele></trkpt>
      <trkpt lat="-33.745308" lon="24.578395"><ele>515.6</ele></trkpt>
      <trkpt lat="-33.745178" lon="24.579055"><ele>514.6</ele></trkpt>
      <trkpt lat="-33.745050" lon="24.579714"><ele>513.5</ele></trkpt>
      <trkpt lat="-33.744923" lon="24.580372"><ele>512.3</ele></trkpt>
      <trkpt lat="-33.744798" lon="24.581029"><ele>511.1</ele></trkpt>
      <trkpt lat="-33.744673" lon="24.581686"><ele>509.7</ele></trkpt>
      <trkpt lat="-33.744550" lon="24.582341"><ele>508.3</ele></trkpt>
      <trkpt lat="-33.744428" lon="24.582996"><ele>506.7</ele></trkpt>
      <trkpt lat="-33.744307" lon="24.583649"><ele>505.1</ele></trkpt>
      <trkpt lat="-33.744187" lon="24.584302"><ele>503.5</ele></trkpt>
      <trkpt lat="-33.744069" lon="24.584954"><ele>501.7</ele></trkpt>
      <trkpt lat="-33.743951" lon="24.585605"><ele>499.9</ele></trkpt>
      <trkpt lat="-33.743835" lon="24.586255"><ele>497.9</ele></trkpt>
      <trkpt lat="-33.743720" lon="24.586904"><ele>496.0</ele></trkpt>
      <trkpt lat="-33.743606" lon="24.587552"><ele>493.9</ele></trkpt>
      <trkpt lat="-33.743493" lon="24.588199"><ele>491.8</ele></trkpt>
      <trkpt lat="-33.743381" lon="24.588846"><ele>489.6</ele></trkpt>
      <trkpt lat="-33.743271" lon="24.589491"><ele>487.3</ele></trkpt>
      <trkpt lat="-33.743162" lon="24.590136"><ele>485.0</ele></trkpt>
      <trkpt lat="-33.743053" lon="24.590779"><ele>482.6</ele></trkpt>
      <trkpt lat="-33.742946" lon="24.591422"><ele>480.2</ele></trkpt>
      <trkpt lat="-33.742841" lon="24.592063"><ele>477.6</ele></trkpt>
      <trkpt lat="-33.742736" lon="24.592704"><ele>475.1</ele></trkpt>
      <trkpt lat="-33.742632" lon="24.593344"><ele>472.4</ele></trkpt>
      <trkpt lat="-33.742530" lon="24.593983"><ele>469.8</ele></trkpt>
      <trkpt lat="-33.742429" lon="24.594620"><ele>467.0</ele></trkpt>
      <trkpt lat="-33.742329" lon="24.595257"><ele>464.2</ele></trkpt>
      <trkpt lat="-33.742230" lon="24.595893"><ele>461.4</ele></trkpt>
      <trkpt lat="-33.742132" lon="24.596528"><ele>458.5</ele></trkpt>
      <trkpt lat="-33.742035" lon="24.597162"><ele>455.6</ele></trkpt>
      <trkpt lat="-33.741939" lon="24.597796"><ele>452.6</ele></trkpt>
      <trkpt lat="-33.741845" lon="24.598428"><ele>449.5</ele></trkpt>
      <trkpt lat="-33.741752" lon="24.599059"><ele>446.5</ele></trkpt>
      <trkpt lat="-33.741660" lon="24.599689"><ele>443.4</ele></trkpt>
      <trkpt lat="-33.741568" lon="24.600319"><ele>440.2</ele></trkpt>
      <trkpt lat="-33.741479" lon="24.600947"><ele>437.0</ele></trkpt>
      <trkpt lat="-33.741390" lon="24.601574"><ele>433.8</ele></trkpt>
      <trkpt lat="-33.741302" lon="24.602201"><ele>430.5</ele></trkpt>
      <trkpt lat="-33.741215" lon="24.602826"><ele>427.2</ele></trkpt>
      <trkpt lat="-33.741130" lon="24.603451"><ele>423.9</ele></trkpt>
      <trkpt lat="-33.741046" lon="24.604074"><ele>420.5</ele></trkpt>
      <trkpt lat="-33.740962" lon="24.604697"><ele>417.1</ele></trkpt>
      <trkpt lat="-33.740880" lon="24.605318"><ele>413.6</ele></trkpt>
      <trkpt lat="-33.740799" lon="24.605939"><ele>410.2</ele></trkpt>
      <trkpt lat="-33.740719" lon="24.606558"><ele>406.7</ele></trkpt>
      <trkpt lat="-33.740640" lon="24.607177"><ele>403.2</ele></trkpt>
      <trkpt lat="-33.740562" lon="24.607794"><ele>399.6</ele></trkpt>
      <trkpt lat="-33.740486" lon="24.608411"><ele>396.1</ele></trkpt>
      <trkpt lat="-33.740410" lon="24.609027"><ele>392.5</ele></trkpt>
      <trkpt lat="-33.740336" lon="24.609641"><ele>388.9</ele></trkpt>
      <trkpt lat="-33.740262" lon="24.610255"><ele>385.2</ele></trkpt>
      <trkpt lat="-33.740190" lon="24.610868"><ele>381.6</ele></trkpt>
      <trkpt lat="-33.740119" lon="24.611480"><ele>377.9</ele></trkpt>
      <trkpt lat="-33.740049" lon="24.612090"><ele>374.2</ele></trkpt>
      <trkpt lat="-33.739979" lon="24.612700"><ele>370.5</ele></trkpt>
      <trkpt lat="-33.739911" lon="24.613309"><ele>366.8</ele></trkpt>
      <trkpt lat="-33.739844" lon="24.613916"><ele>363.1</ele></trkpt>
      <trkpt lat="-33.739779" lon="24.614523"><ele>359.4</ele></trkpt>
      <trkpt lat="-33.739714" lon="24.615129"><ele>355.6</ele></trkpt>
      <trkpt lat="-33.739650" lon="24.615734"><ele>351.8</ele></trkpt>
      <trkpt lat="-33.739587" lon="24.616337"><ele>348.1</ele></trkpt>
      <trkpt lat="-33.739526" lon="24.616940"><ele>344.3</ele></trkpt>
      <trkpt lat="-33.739465" lon="24.617542"><ele>340.5</ele></trkpt>
      <trkpt lat="-33.739405" lon="24.618143"><ele>336.7</ele></trkpt>
      <trkpt lat="-33.739347" lon="24.618742"><ele>332.9</ele></trkpt>
      <trkpt lat="-33.739289" lon="24.619341"><ele>329.1</ele></trkpt>
      <trkpt lat="-33.739233" lon="24.619939"><ele>325.3</ele></trkpt>
      <trkpt lat="-33.739178" lon="24.620535"><ele>321.5</ele></trkpt>
      <trkpt lat="-33.739123" lon="24.621131"><ele>317.7</ele></trkpt>
      <trkpt lat="-33.739070" lon="24.621726"><ele>313.9</ele></trkpt>
      <trkpt lat="-33.739018" lon="24.622319"><ele>310.1</ele></trkpt>
      <trkpt lat="-33.738966" lon="24.622912"><ele>306.3</ele></trkpt>
      <trkpt lat="-33.738916" lon="24.623503"><ele>302.5</ele></trkpt>
      <trkpt lat="-33.738867" lon="24.624094"><ele>298.7</ele></trkpt>
      <trkpt lat="-33.738819" lon="24.624684"><ele>295.0</ele></trkpt>
      <trkpt lat="-33.738771" lon="24.625272"><ele>291.2</ele></trkpt>
      <trkpt lat="-33.738725" lon="24.625860"><ele>287.4</ele></trkpt>
      <trkpt lat="-33.738680" lon="24.626446"><ele>283.6</ele></trkpt>
      <trkpt lat="-33.738636" lon="24.627032"><ele>279.9</ele></trkpt>
      <trkpt lat="-33.738593" lon="24.627616"><ele>276.1</ele></trkpt>
      <trkpt lat="-33.738550" lon="24.628199"><ele>272.4</ele></trkpt>
      <trkpt lat="-33.738509" lon="24.628782"><ele>268.7</ele></trkpt>
      <trkpt lat="-33.738469" lon="24.629363"><ele>265.0</ele></trkpt>
      <trkpt lat="-33.738430" lon="24.629943"><ele>261.3</ele></trkpt>
      <trkpt lat="-33.738392" lon="24.630523"><ele>257.6</ele></trkpt>
      <trkpt lat="-33.738354" lon="24.631101"><ele>253.9</ele></trkpt>
      <trkpt lat="-33.738318" lon="24.631678"><ele>250.2</ele></trkpt>
      <trkpt lat="-33.738283" lon="24.632254"><ele>246.6</ele></trkpt>
      <trkpt lat="-33.738248" lon="24.632829"><ele>243.0</ele></trkpt>
      <trkpt lat="-33.738215" lon="24.633403"><ele>239.4</ele></trkpt>
      <trkpt lat="-33.738183" lon="24.633976"><ele>235.8</ele></trkpt>
      <trkpt lat="-33.738151" lon="24.634548"><ele>232.2</ele></trkpt>
      <trkpt lat="-33.738121" lon="24.635119"><ele>228.7</ele></trkpt>
      <trkpt lat="-33.738091" lon="24.635689"><ele>225.1</ele></trkpt>
      <trkpt lat="-33.738062" lon="24.636258"><ele>221.6</ele></trkpt>
      <trkpt lat="-33.738035" lon="24.636826"><ele>218.1</ele></trkpt>
      <trkpt lat="-33.738008" lon="24.637392"><ele>214.7</ele></trkpt>
      <trkpt lat="-33.737982" lon="24.637958"><ele>211.2</ele></trkpt>
      <trkpt lat="-33.737957" lon="24.638523"><ele>207.8</ele></trkpt>
      <trkpt lat="-33.737933" lon="24.639086"><ele>204.4</ele></trkpt>
      <trkpt lat="-33.737910" lon="24.639649"><ele>201.1</ele></trkpt>
      <trkpt lat="-33.737888" lon="24.640210"><ele>197.7</ele></trkpt>
      <trkpt lat="-33.737867" lon="24.640770"><ele>194.4</ele></trkpt>
      <trkpt lat="-33.737847" lon="24.641330"><ele>191.1</ele></trkpt>
      <trkpt lat="-33.737828" lon="24.641888"><ele>187.9</ele></trkpt>
      <trkpt lat="-33.737809" lon="24.642445"><ele>184.7</ele></trkpt>
      <trkpt lat="-33.737792" lon="24.643001"><ele>181.5</ele></trkpt>
      <trkpt lat="-33.737775" lon="24.643557"><ele>178.3</ele></trkpt>
      <trkpt lat="-33.737759" lon="24.644111"><ele>175.2</ele></trkpt>
      <trkpt lat="-33.737745" lon="24.644664"><ele>172.0</ele></trkpt>
      <trkpt lat="-33.737731" lon="24.645215"><ele>169.0</ele></trkpt>
      <trkpt lat="-33.737718" lon="24.645766"><ele>165.9</ele></trkpt>
      <trkpt lat="-33.737705" lon="24.646316"><ele>162.9</ele></trkpt>
      <trkpt lat="-33.737694" lon="24.646865"><ele>159.9</ele></trkpt>
      <trkpt lat="-33.737684" lon="24.647412"><ele>157.0</ele></trkpt>
      <trkpt lat="-33.737674" lon="24.647959"><ele>154.1</ele></trkpt>
      <trkpt lat="-33.737666" lon="24.648504"><ele>151.2</ele></trkpt>
      <trkpt lat="-33.737658" lon="24.649049"><ele>148.4</ele></trkpt>
      <trkpt lat="-33.737651" lon="24.649592"><ele>145.6</ele></trkpt>
      <trkpt lat="-33.737645" lon="24.650134"><ele>142.8</ele></trkpt>
      <trkpt lat="-33.737639" lon="24.650676"><ele>140.1</ele></trkpt>
      <trkpt lat="-33.737635" lon="24.651216"><ele>137.4</ele></trkpt>
      <trkpt lat="-33.737631" lon="24.651755"><ele>134.8</ele></trkpt>
      <trkpt lat="-33.737629" lon="24.652293"><ele>132.2</ele></trkpt>
      <trkpt lat="-33.737627" lon="24.652830"><ele>129.6</ele></trkpt>
      <trkpt lat="-33.737626" lon="24.653365"><ele>127.0</ele></trkpt>
      <trkpt lat="-33.737626" lon="24.653900"><ele>124.6</ele></trkpt>
      <trkpt lat="-33.737626" lon="24.654434"><ele>122.1</ele></trkpt>
      <trkpt lat="-33.737628" lon="24.654966"><ele>119.7</ele></trkpt>
      <trkpt lat="-33.737630" lon="24.655498"><ele>117.3</ele></trkpt>
      <trkpt lat="-33.737633" lon="24.656028"><ele>115.0</ele></trkpt>
      <trkpt lat="-33.737637" lon="24.656557"><ele>112.7</ele></trkpt>
      <trkpt lat="-33.737641" lon="24.657086"><ele>110.5</ele></trkpt>
      <trkpt lat="-33.737647" lon="24.657613"><ele>108.3</ele></trkpt>
      <trkpt lat="-33.737653" lon="24.658139"><ele>106.1</ele></trkpt>
      <trkpt lat="-33.737660" lon="24.658664"><ele>104.0</ele></trkpt>
      <trkpt lat="-33.737668" lon="24.659188"><ele>101.9</ele></trkpt>
      <trkpt lat="-33.737676" lon="24.659710"><ele>99.9</ele></trkpt>
      <trkpt lat="-33.737686" lon="24.660232"><ele>97.9</ele></trkpt>
      <trkpt lat="-33.737696" lon="24.660753"><ele>96.0</ele></trkpt>
      <trkpt lat="-33.737707" lon="24.661272"><ele>94.1</ele></trkpt>
      <trkpt lat="-33.737718" lon="24.661791"><ele>92.3</ele></trkpt>
      <trkpt lat="-33.737731" lon="24.662308"><ele>90.5</ele></trkpt>
      <trkpt lat="-33.737744" lon="24.662824"><ele>88.7</ele></trkpt>
      <trkpt lat="-33.737758" lon="24.663339"><ele>87.0</ele></trkpt>
      <trkpt lat="-33.737772" lon="24.663853"><ele>85.3</ele></trkpt>
      <trkpt lat="-33.737788" lon="24.664366"><ele>83.7</ele></trkpt>
      <trkpt lat="-33.737804" lon="24.664878"><ele>82.2</ele></trkpt>
      <trkpt lat="-33.737821" lon="24.665389"><ele>80.7</ele></trkpt>
      <trkpt lat="-33.737838" lon="24.665899"><ele>79.2</ele></trkpt>
      <trkpt lat="-33.737857" lon="24.666407"><ele>77.8</ele></trkpt>
      <trkpt lat="-33.737876" lon="24.666915"><ele>76.4</ele></trkpt>
      <trkpt lat="-33.737895" lon="24.667421"><ele>75.1</ele></trkpt>
      <trkpt lat="-33.737916" lon="24.667926"><ele>73.8</ele></trkpt>
      <trkpt lat="-33.737937" lon="24.668430"><ele>72.6</ele></trkpt>
      <trkpt lat="-33.737959" lon="24.668933"><ele>71.5</ele></trkpt>
      <trkpt lat="-33.737981" lon="24.669435"><ele>70.4</ele></trkpt>
      <trkpt lat="-33.738005" lon="24.669936"><ele>69.3</ele></trkpt>
      <trkpt lat="-33.738029" lon="24.670436"><ele>68.3</ele></trkpt>
      <trkpt lat="-33.738053" lon="24.670935"><ele>67.3</ele></trkpt>
      <trkpt lat="-33.738079" lon="24.671432"><ele>66.4</ele></trkpt>
      <trkpt lat="-33.738105" lon="24.671929"><ele>65.5</ele></trkpt>
      <trkpt lat="-33.738131" lon="24.672424"><ele>64.7</ele></trkpt>
      <trkpt lat="-33.738159" lon="24.672918"><ele>64.0</ele></trkpt>
      <trkpt lat="-33.738186" lon="24.673411"><ele>63.3</ele></trkpt>
      <trkpt lat="-33.738215" lon="24.673903"><ele>62.6</ele></trkpt>
      <trkpt lat="-33.738244" lon="24.674394"><ele>62.0</ele></trkpt>
      <trkpt lat="-33.738274" lon="24.674884"><ele>61.5</ele></trkpt>
      <trkpt lat="-33.738305" lon="24.675373"><ele>61.0</ele></trkpt>
      <trkpt lat="-33.738336" lon="24.675860"><ele>60.6</ele></trkpt>
      <trkpt lat="-33.738368" lon="24.676347"><ele>60.2</ele></trkpt>
      <trkpt lat="-33.738400" lon="24.676832"><ele>59.9</ele></trkpt>
      <trkpt lat="-33.738434" lon="24.677316"><ele>59.6</ele></trkpt>
      <trkpt lat="-33.738467" lon="24.677800"><ele>59.4</ele></trkpt>
      <trkpt lat="-33.738502" lon="24.678282"><ele>59.2</ele></trkpt>
      <trkpt lat="-33.738537" lon="24.678763"><ele>59.1</ele></trkpt>
      <trkpt lat="-33.738572" lon="24.679242"><ele>59.0</ele></trkpt>
      <trkpt lat="-33.738608" lon="24.679721"><ele>59.0</ele></trkpt>
      <trkpt lat="-33.738645" lon="24.680199"><ele>59.0</ele></trkpt>
      <trkpt lat="-33.738682" lon="24.680675"><ele>59.0</ele></trkpt>
      <trkpt lat="-33.738720" lon="24.681151"><ele>59.0</ele></trkpt>
      <trkpt lat="-33.738759" lon="24.681625"><ele>59.0</ele></trkpt>
      <trkpt lat="-33.738798" lon="24.682098"><ele>59.0</ele></trkpt>
      <trkpt lat="-33.738838" lon="24.682570"><ele>59.0</ele></trkpt>
      <trkpt lat="-33.738878" lon="24.683041"><ele>59.0</ele></trkpt>
      <trkpt lat="-33.738919" lon="24.683511"><ele>59.0</ele></trkpt>
      <trkpt lat="-33.738960" lon="24.683979"><ele>59.1</ele></trkpt>
      <trkpt lat="-33.739002" lon="24.684447"><ele>59.1</ele></trkpt>
      <trkpt lat="-33.739044" lon="24.684913"><ele>59.1</ele></trkpt>
      <trkpt lat="-33.739087" lon="24.685379"><ele>59.1</ele></trkpt>
      <trkpt lat="-33.739131" lon="24.685843"><ele>59.1</ele></trkpt>
      <trkpt lat="-33.739175" lon="24.686306"><ele>59.1</ele></trkpt>
      <trkpt lat="-33.739220" lon="24.686768"><ele>59.2</ele></trkpt>
      <trkpt lat="-33.739265" lon="24.687229"><ele>59.2</ele></trkpt>
      <trkpt lat="-33.739310" lon="24.687689"><ele>59.2</ele></trkpt>
      <trkpt lat="-33.739356" lon="24.688147"><ele>59.2</ele></trkpt>
      <trkpt lat="-33.739403" lon="24.688605"><ele>59.2</ele></trkpt>
      <trkpt lat="-33.739450" lon="24.689061"><ele>59.3</ele></trkpt>
      <trkpt lat="-33.739498" lon="24.689517"><ele>59.3</ele></trkpt>
      <trkpt lat="-33.739546" lon="24.689971"><ele>59.3</ele></trkpt>
      <trkpt lat="-33.739595" lon="24.690424"><ele>59.4</ele></trkpt>
      <trkpt lat="-33.739644" lon="24.690876"><ele>59.4</ele></trkpt>
      <trkpt lat="-33.739694" lon="24.691327"><ele>59.4</ele></trkpt>
      <trkpt lat="-33.739744" lon="24.691776"><ele>59.4</ele></trkpt>
      <trkpt lat="-33.739794" lon="24.692225"><ele>59.5</ele></trkpt>
      <trkpt lat="-33.739845" lon="24.692672"><ele>59.5</ele></trkpt>
      <trkpt lat="-33.739897" lon="24.693119"><ele>59.6</ele></trkpt>
      <trkpt lat="-33.739949" lon="24.693564"><ele>59.6</ele></trkpt>
      <trkpt lat="-33.740001" lon="24.694008"><ele>59.6</ele></trkpt>
      <trkpt lat="-33.740054" lon="24.694451"><ele>59.7</ele></trkpt>
      <trkpt lat="-33.740108" lon="24.694893"><ele>59.7</ele></trkpt>
      <trkpt lat="-33.740161" lon="24.695334"><ele>59.7</ele></trkpt>
      <trkpt lat="-33.740216" lon="24.695774"><ele>59.8</ele></trkpt>
      <trkpt lat="-33.740270" lon="24.696212"><ele>59.8</ele></trkpt>
      <trkpt lat="-33.740325" lon="24.696650"><ele>59.9</ele></trkpt>
      <trkpt lat="-33.740381" lon="24.697086"><ele>59.9</ele></trkpt>
      <trkpt lat="-33.740437" lon="24.697521"><ele>59.9</ele></trkpt>
      <trkpt lat="-33.740493" lon="24.697955"><ele>60.0</ele></trkpt>
      <trkpt lat="-33.740550" lon="24.698388"><ele>60.0</ele></trkpt>
      <trkpt lat="-33.740607" lon="24.698820"><ele>60.1</ele></trkpt>
      <trkpt lat="-33.740664" lon="24.699251"><ele>60.1</ele></trkpt>
      <trkpt lat="-33.740722" lon="24.699680"><ele>60.2</ele></trkpt>
      <trkpt lat="-33.740780" lon="24.700109"><ele>60.2</ele></trkpt>
      <trkpt lat="-33.740839" lon="24.700536"><ele>60.3</ele></trkpt>
      <trkpt lat="-33.740898" lon="24.700962"><ele>60.3</ele></trkpt>
      <trkpt lat="-33.740958" lon="24.701388"><ele>60.4</ele></trkpt>
      <trkpt lat="-33.741017" lon="24.701812"><ele>60.4</ele></trkpt>
      <trkpt lat="-33.741077" lon="24.702234"><ele>60.5</ele></trkpt>
      <trkpt lat="-33.741138" lon="24.702656"><ele>60.5</ele></trkpt>
      <trkpt lat="-33.741199" lon="24.703077"><ele>60.6</ele></trkpt>
      <trkpt lat="-33.741260" lon="24.703496"><ele>60.6</ele></trkpt>
      <trkpt lat="-33.741321" lon="24.703915"><ele>60.7</ele></trkpt>
      <trkpt lat="-33.741383" lon="24.704332"><ele>60.8</ele></trkpt>
      <trkpt lat="-33.741445" lon="24.704748"><ele>60.8</ele></trkpt>
      <trkpt lat="-33.741508" lon="24.705164"><ele>60.9</ele></trkpt>
      <trkpt lat="-33.741571" lon="24.705578"><ele>60.9</ele></trkpt>
      <trkpt lat="-33.741634" lon="24.705990"><ele>61.0</ele></trkpt>
      <trkpt lat="-33.741697" lon="24.706402"><ele>61.0</ele></trkpt>
      <trkpt lat="-33.741761" lon="24.706813"><ele>61.1</ele></trkpt>
      <trkpt lat="-33.741825" lon="24.707222"><ele>61.2</ele></trkpt>
      <trkpt lat="-33.741890" lon="24.707631"><ele>61.2</ele></trkpt>
      <trkpt lat="-33.741954" lon="24.708038"><ele>61.3</ele></trkpt>
      <trkpt lat="-33.742019" lon="24.708444"><ele>61.4</ele></trkpt>
      <trkpt lat="-33.742085" lon="24.708849"><ele>61.4</ele></trkpt>
      <trkpt lat="-33.742150" lon="24.709253"><ele>61.5</ele></trkpt>
      <trkpt lat="-33.742216" lon="24.709656"><ele>61.5</ele></trkpt>
      <trkpt lat="-33.742282" lon="24.710058"><ele>61.6</ele></trkpt>
      <trkpt lat="-33.742348" lon="24.710458"><ele>61.7</ele></trkpt>
      <trkpt lat="-33.742415" lon="24.710858"><ele>61.7</ele></trkpt>
      <trkpt lat="-33.742482" lon="24.711256"><ele>61.8</ele></trkpt>
      <trkpt lat="-33.742549" lon="24.711654"><ele>61.9</ele></trkpt>
      <trkpt lat="-33.742616" lon="24.712050"><ele>61.9</ele></trkpt>
      <trkpt lat="-33.742684" lon="24.712445"><ele>62.0</ele></trkpt>
      <trkpt lat="-33.742751" lon="24.712839"><ele>62.1</ele></trkpt>
      <trkpt lat="-33.742819" lon="24.713232"><ele>62.1</ele></trkpt>
      <trkpt lat="-33.742888" lon="24.713623"><ele>62.2</ele></trkpt>
      <trkpt lat="-33.742956" lon="24.714014"><ele>62.3</ele></trkpt>
      <trkpt lat="-33.743025" lon="24.714404"><ele>62.3</ele></trkpt>
      <trkpt lat="-33.743094" lon="24.714792"><ele>62.4</ele></trkpt>
      <trkpt lat="-33.743163" lon="24.715179"><ele>62.5</ele></trkpt>
      <trkpt lat="-33.743232" lon="24.715565"><ele>62.6</ele></trkpt>
      <trkpt lat="-33.743302" lon="24.715951"><ele>62.6</ele></trkpt>
      <trkpt lat="-33.743371" lon="24.716335"><ele>62.7</ele></trkpt>
      <trkpt lat="-33.743441" lon="24.716717"><ele>62.8</ele></trkpt>
      <trkpt lat="-33.743511" lon="24.717099"><ele>62.8</ele></trkpt>
      <trkpt lat="-33.743581" lon="24.717480"><ele>62.9</ele></trkpt>
      <trkpt lat="-33.743652" lon="24.717859"><ele>63.0</ele></trkpt>
      <trkpt lat="-33.743722" lon="24.718238"><ele>63.1</ele></trkpt>
      <trkpt lat="-33.743793" lon="24.718615"><ele>63.1</ele></trkpt>
      <trkpt lat="-33.743864" lon="24.718992"><ele>63.2</ele></trkpt>
      <trkpt lat="-33.743935" lon="24.719367"><ele>63.3</ele></trkpt>
      <trkpt lat="-33.744006" lon="24.719741"><ele>63.4</ele></trkpt>
      <trkpt lat="-33.744077" lon="24.720114"><ele>63.4</ele></trkpt>
      <trkpt lat="-33.744149" lon="24.720486"><ele>63.5</ele></trkpt>
      <trkpt lat="-33.744221" lon="24.720856"><ele>63.6</ele></trkpt>
      <trkpt lat="-33.744292" lon="24.721226"><ele>63.7</ele></trkpt>
      <trkpt lat="-33.744364" lon="24.721595"><ele>63.7</ele></trkpt>
      <trkpt lat="-33.744436" lon="24.721962"><ele>63.8</ele></trkpt>
      <trkpt lat="-33.744508" lon="24.722329"><ele>63.9</ele></trkpt>
      <trkpt lat="-33.744580" lon="24.722694"><ele>64.0</ele></trkpt>
      <trkpt lat="-33.744653" lon="24.723058"><ele>64.0</ele></trkpt>
      <trkpt lat="-33.744725" lon="24.723421"><ele>64.1</ele></trkpt>
      <trkpt lat="-33.744797" lon="24.723783"><ele>64.2</ele></trkpt>
      <trkpt lat="-33.744870" lon="24.724144"><ele>64.3</ele></trkpt>
      <trkpt lat="-33.744943" lon="24.724504"><ele>64.3</ele></trkpt>
      <trkpt lat="-33.745015" lon="24.724863"><ele>64.4</ele></trkpt>
      <trkpt lat="-33.745088" lon="24.725220"><ele>64.5</ele></trkpt>
      <trkpt lat="-33.745161" lon="24.725577"><ele>64.6</ele></trkpt>
      <trkpt lat="-33.745234" lon="24.725932"><ele>64.6</ele></trkpt>
      <trkpt lat="-33.745307" lon="24.726287"><ele>64.7</ele></trkpt>
      <trkpt lat="-33.745380" lon="24.726640"><ele>64.8</ele></trkpt>
      <trkpt lat="-33.745453" lon="24.726992"><ele>64.9</ele></trkpt>
      <trkpt lat="-33.745526" lon="24.727343"><ele>65.0</ele></trkpt>
      <trkpt lat="-33.745600" lon="24.727693"><ele>65.0</ele></trkpt>
      <trkpt lat="-33.745673" lon="24.728042"><ele>65.1</ele></trkpt>
      <trkpt lat="-33.745746" lon="24.728390"><ele>65.2</ele></trkpt>
      <trkpt lat="-33.745820" lon="24.728737"><ele>65.3</ele></trkpt>
      <trkpt lat="-33.745893" lon="24.729082"><ele>65.4</ele></trkpt>
      <trkpt lat="-33.745966" lon="24.729427"><ele>65.4</ele></trkpt>
      <trkpt lat="-33.746040" lon="24.729771"><ele>65.5</ele></trkpt>
      <trkpt lat="-33.746113" lon="24.730113"><ele>65.6</ele></trkpt>
      <trkpt lat="-33.746186" lon="24.730454"><ele>65.7</ele></trkpt>
      <trkpt lat="-33.746260" lon="24.730795"><ele>65.7</ele></trkpt>
      <trkpt lat="-33.746333" lon="24.731134"><ele>65.8</ele></trkpt>
      <trkpt lat="-33.746407" lon="24.731472"><ele>65.9</ele></trkpt>
      <trkpt lat="-33.746480" lon="24.731809"><ele>66.0</ele></trkpt>
      <trkpt lat="-33.746553" lon="24.732145"><ele>66.1</ele></trkpt>
      <trkpt lat="-33.746627" lon="24.732480"><ele>66.1</ele></trkpt>
      <trkpt lat="-33.746700" lon="24.732814"><ele>66.2</ele></trkpt>
      <trkpt lat="-33.746773" lon="24.733146"><ele>66.3</ele></trkpt>
      <trkpt lat="-33.746847" lon="24.733478"><ele>66.4</ele></trkpt>
      <trkpt lat="-33.746920" lon="24.733809"><ele>66.5</ele></trkpt>
      <trkpt lat="-33.746993" lon="24.734138"><ele>66.5</ele></trkpt>
      <trkpt lat="-33.747066" lon="24.734467"><ele>66.6</ele></trkpt>
      <trkpt lat="-33.747139" lon="24.734794"><ele>66.7</ele></trkpt>
      <trkpt lat="-33.747212" lon="24.735121"><ele>66.8</ele></trkpt>
      <trkpt lat="-33.747285" lon="24.735446"><ele>66.9</ele></trkpt>
      <trkpt lat="-33.747358" lon="24.735770"><ele>66.9</ele></trkpt>
      <trkpt lat="-33.747431" lon="24.736093"><ele>67.0</ele></trkpt>
      <trkpt lat="-33.747503" lon="24.736415"><ele>67.1</ele></trkpt>
      <trkpt lat="-33.747576" lon="24.736736"><ele>67.2</ele></trkpt>
      <trkpt lat="-33.747649" lon="24.737056"><ele>67.3</ele></trkpt>
      <trkpt lat="-33.747721" lon="24.737375"><ele>67.3</ele></trkpt>
      <trkpt lat="-33.747794" lon="24.737693"><ele>67.4</ele></trkpt>
      <trkpt lat="-33.747866" lon="24.738010"><ele>67.5</ele></trkpt>
      <trkpt lat="-33.747938" lon="24.738326"><ele>67.6</ele></trkpt>
      <trkpt lat="-33.748010" lon="24.738640"><ele>67.7</ele></trkpt>
      <trkpt lat="-33.748082" lon="24.738954"><ele>67.7</ele></trkpt>
      <trkpt lat="-33.748154" lon="24.739266"><ele>67.8</ele></trkpt>
      <trkpt lat="-33.748226" lon="24.739578"><ele>67.9</ele></trkpt>
      <trkpt lat="-33.748298" lon="24.739888"><ele>68.0</ele></trkpt>
      <trkpt lat="-33.748369" lon="24.740198"><ele>68.1</ele></trkpt>
      <trkpt lat="-33.748440" lon="24.740506"><ele>68.1</ele></trkpt>
      <trkpt lat="-33.748512" lon="24.740814"><ele>68.2</ele></trkpt>
      <trkpt lat="-33.748583" lon="24.741120"><ele>68.3</ele></trkpt>
      <trkpt lat="-33.748654" lon="24.741425"><ele>68.4</ele></trkpt>
      <trkpt lat="-33.748725" lon="24.741729"><ele>68.5</ele></trkpt>
      <trkpt lat="-33.748795" lon="24.742032"><ele>68.5</ele></trkpt>
      <trkpt lat="-33.748866" lon="24.742334"><ele>68.6</ele></trkpt>
      <trkpt lat="-33.748936" lon="24.742636"><ele>68.7</ele></trkpt>
      <trkpt lat="-33.749006" lon="24.742936"><ele>68.8</ele></trkpt>
      <trkpt lat="-33.749076" lon="24.743235"><ele>68.8</ele></trkpt>
      <trkpt lat="-33.749146" lon="24.743532"><ele>68.9</ele></trkpt>
      <trkpt lat="-33.749216" lon="24.743829"><ele>69.0</ele></trkpt>
      <trkpt lat="-33.749285" lon="24.744125"><ele>69.1</ele></trkpt>
      <trkpt lat="-33.749355" lon="24.744420"><ele>69.2</ele></trkpt>
      <trkpt lat="-33.749424" lon="24.744714"><ele>69.2</ele></trkpt>
      <trkpt lat="-33.749493" lon="24.745007"><ele>69.3</ele></trkpt>
      <trkpt lat="-33.749562" lon="24.745298"><ele>69.4</ele></trkpt>
      <trkpt lat="-33.749630" lon="24.745589"><ele>69.5</ele></trkpt>
      <trkpt lat="-33.749698" lon="24.745879"><ele>69.5</ele></trkpt>
      <trkpt lat="-33.749767" lon="24.746168"><ele>69.6</ele></trkpt>
      <trkpt lat="-33.749835" lon="24.746455"><ele>69.7</ele></trkpt>
      <trkpt lat="-33.749902" lon="24.746742"><ele>69.8</ele></trkpt>
      <trkpt lat="-33.749970" lon="24.747027"><ele>69.9</ele></trkpt>
      <trkpt lat="-33.750037" lon="24.747312"><ele>69.9</ele></trkpt>
      <trkpt lat="-33.750104" lon="24.747596"><ele>70.0</ele></trkpt>
      <trkpt lat="-33.750171" lon="24.747878"><ele>70.1</ele></trkpt>
      <trkpt lat="-33.750237" lon="24.748160"><ele>70.2</ele></trkpt>
      <trkpt lat="-33.750304" lon="24.748440"><ele>70.2</ele></trkpt>
      <trkpt lat="-33.750370" lon="24.748720"><ele>70.3</ele></trkpt>
      <trkpt lat="-33.750436" lon="24.748998"><ele>70.4</ele></trkpt>
      <trkpt lat="-33.750501" lon="24.749276"><ele>70.5</ele></trkpt>
      <trkpt lat="-33.750567" lon="24.749552"><ele>70.5</ele></trkpt>
      <trkpt lat="-33.750632" lon="24.749828"><ele>70.6</ele></trkpt>
      <trkpt lat="-33.750697" lon="24.750102"><ele>70.7</ele></trkpt>
      <trkpt lat="-33.750761" lon="24.750375"><ele>70.8</ele></trkpt>
      <trkpt lat="-33.750825" lon="24.750648"><ele>70.8</ele></trkpt>
      <trkpt lat="-33.750889" lon="24.750919"><ele>70.9</ele></trkpt>
      <trkpt lat="-33.750953" lon="24.751190"><ele>71.0</ele></trkpt>
      <trkpt lat="-33.751017" lon="24.751459"><ele>71.1</ele></trkpt>
      <trkpt lat="-33.751080" lon="24.751728"><ele>71.1</ele></trkpt>
      <trkpt lat="-33.751143" lon="24.751995"><ele>71.2</ele></trkpt>
      <trkpt lat="-33.751205" lon="24.752261"><ele>71.3</ele></trkpt>
      <trkpt lat="-33.751268" lon="24.752527"><ele>71.3</ele></trkpt>
      <trkpt lat="-33.751330" lon="24.752791"><ele>71.4</ele></trkpt>
      <trkpt lat="-33.751391" lon="24.753055"><ele>71.5</ele></trkpt>
      <trkpt lat="-33.751453" lon="24.753317"><ele>71.6</ele></trkpt>
      <trkpt lat="-33.751514" lon="24.753579"><ele>71.6</ele></trkpt>
      <trkpt lat="-33.751575" lon="24.753839"><ele>71.7</ele></trkpt>
      <trkpt lat="-33.751635" lon="24.754099"><ele>71.8</ele></trkpt>
      <trkpt lat="-33.751695" lon="24.754357"><ele>71.8</ele></trkpt>
      <trkpt lat="-33.751755" lon="24.754615"><ele>71.9</ele></trkpt>
      <trkpt lat="-33.751815" lon="24.754872"><ele>72.0</ele></trkpt>
      <trkpt lat="-33.751874" lon="24.755127"><ele>72.1</ele></trkpt>
      <trkpt lat="-33.751933" lon="24.755382"><ele>72.1</ele></trkpt>
      <trkpt lat="-33.751991" lon="24.755635"><ele>72.2</ele></trkpt>
      <trkpt lat="-33.752049" lon="24.755888"><ele>72.3</ele></trkpt>
      <trkpt lat="-33.752107" lon="24.756140"><ele>72.3</ele></trkpt>
      <trkpt lat="-33.752165" lon="24.756390"><ele>72.4</ele></trkpt>
      <trkpt lat="-33.752222" lon="24.756640"><ele>72.5</ele></trkpt>
      <trkpt lat="-33.752279" lon="24.756889"><ele>72.5</ele></trkpt>
      <trkpt lat="-33.752335" lon="24.757137"><ele>72.6</ele></trkpt>
      <trkpt lat="-33.752391" lon="24.757384"><ele>72.7</ele></trkpt>
      <trkpt lat="-33.752447" lon="24.757630"><ele>72.8</ele></trkpt>
      <trkpt lat="-33.752502" lon="24.757874"><ele>72.8</ele></trkpt>
      <trkpt lat="-33.752557" lon="24.758118"><ele>72.9</ele></trkpt>
      <trkpt lat="-33.752612" lon="24.758361"><ele>73.0</ele></trkpt>
      <trkpt lat="-33.752666" lon="24.758603"><ele>73.0</ele></trkpt>
      <trkpt lat="-33.752720" lon="24.758845"><ele>73.1</ele></trkpt>
      <trkpt lat="-33.752774" lon="24.759085"><ele>73.2</ele></trkpt>
      <trkpt lat="-33.752827" lon="24.759324"><ele>73.2</ele></trkpt>
      <trkpt lat="-33.752879" lon="24.759562"><ele>73.3</ele></trkpt>
      <trkpt lat="-33.752932" lon="24.759799"><ele>73.4</ele></trkpt>
      <trkpt lat="-33.752984" lon="24.760036"><ele>73.4</ele></trkpt>
      <trkpt lat="-33.753035" lon="24.760271"><ele>73.5</ele></trkpt>
      <trkpt lat="-33.753086" lon="24.760506"><ele>73.5</ele></trkpt>
      <trkpt lat="-33.753137" lon="24.760739"><ele>73.6</ele></trkpt>
      <trkpt lat="-33.753188" lon="24.760972"><ele>73.7</ele></trkpt>
      <trkpt lat="-33.753238" lon="24.761203"><ele>73.7</ele></trkpt>
      <trkpt lat="-33.753287" lon="24.761434"><ele>73.8</ele></trkpt>
      <trkpt lat="-33.753336" lon="24.761664"><ele>73.9</ele></trkpt>
      <trkpt lat="-33.753385" lon="24.761893"><ele>73.9</ele></trkpt>
      <trkpt lat="-33.753433" lon="24.762121"><ele>74.0</ele></trkpt>
      <trkpt lat="-33.753481" lon="24.762348"><ele>74.1</ele></trkpt>
      <trkpt lat="-33.753529" lon="24.762574"><ele>74.1</ele></trkpt>
      <trkpt lat="-33.753576" lon="24.762799"><ele>74.2</ele></trkpt>
      <trkpt lat="-33.753622" lon="24.763023"><ele>74.2</ele></trkpt>
      <trkpt lat="-33.753668" lon="24.763246"><ele>74.3</ele></trkpt>
      <trkpt lat="-33.753714" lon="24.763469"><ele>74.4</ele></trkpt>
      <trkpt lat="-33.753759" lon="24.763690"><ele>74.4</ele></trkpt>
      <trkpt lat="-33.753804" lon="24.763911"><ele>74.5</ele></trkpt>
      <trkpt lat="-33.753849" lon="24.764130"><ele>74.6</ele></trkpt>
      <trkpt lat="-33.753893" lon="24.764349"><ele>74.6</ele></trkpt>
      <trkpt lat="-33.753936" lon="24.764567"><ele>74.7</ele></trkpt>
      <trkpt lat="-33.753979" lon="24.764784"><ele>74.7</ele></trkpt>
      <trkpt lat="-33.754022" lon="24.765000"><ele>74.8</ele></trkpt>
      <trkpt lat="-33.754064" lon="24.765215"><ele>74.9</ele></trkpt>
      <trkpt lat="-33.754106" lon="24.765429"><ele>74.9</ele></trkpt>
      <trkpt lat="-33.754147" lon="24.765642"><ele>75.0</ele></trkpt>
      <trkpt lat="-33.754188" lon="24.765854"><ele>75.0</ele></trkpt>
      <trkpt lat="-33.754228" lon="24.766066"><ele>75.1</ele></trkpt>
      <trkpt lat="-33.754268" lon="24.766276"><ele>75.1</ele></trkpt>
      <trkpt lat="-33.754308" lon="24.766486"><ele>75.2</ele></trkpt>
      <trkpt lat="-33.754346" lon="24.766695"><ele>75.3</ele></trkpt>
      <trkpt lat="-33.754385" lon="24.766903"><ele>75.3</ele></trkpt>
      <trkpt lat="-33.754423" lon="24.767110"><ele>75.4</ele></trkpt>
      <trkpt lat="-33.754460" lon="24.767316"><ele>75.4</ele></trkpt>
      <trkpt lat="-33.754497" lon="24.767521"><ele>75.5</ele></trkpt>
      <trkpt lat="-33.754534" lon="24.767726"><ele>75.5</ele></trkpt>
      <trkpt lat="-33.754570" lon="24.767929"><ele>75.6</ele></trkpt>
      <trkpt lat="-33.754606" lon="24.768132"><ele>75.7</ele></trkpt>
      <trkpt lat="-33.754641" lon="24.768333"><ele>75.7</ele></trkpt>
      <trkpt lat="-33.754675" lon="24.768534"><ele>75.8</ele></trkpt>
      <trkpt lat="-33.754709" lon="24.768734"><ele>75.8</ele></trkpt>
      <trkpt lat="-33.754743" lon="24.768933"><ele>75.9</ele></trkpt>
      <trkpt lat="-33.754776" lon="24.769131"><ele>75.9</ele></trkpt>
      <trkpt lat="-33.754809" lon="24.769329"><ele>76.0</ele></trkpt>
      <trkpt lat="-33.754841" lon="24.769525"><ele>76.0</ele></trkpt>
      <trkpt lat="-33.754873" lon="24.769721"><ele>76.1</ele></trkpt>
      <trkpt lat="-33.754904" lon="24.769916"><ele>76.1</ele></trkpt>
      <trkpt lat="-33.754934" lon="24.770110"><ele>76.2</ele></trkpt>
      <trkpt lat="-33.754964" lon="24.770303"><ele>76.2</ele></trkpt>
      <trkpt lat="-33.754994" lon="24.770495"><ele>76.3</ele></trkpt>
      <trkpt lat="-33.755023" lon="24.770686"><ele>76.3</ele></trkpt>
      <trkpt lat="-33.755052" lon="24.770877"><ele>76.4</ele></trkpt>
      <trkpt lat="-33.755080" lon="24.771066"><ele>76.5</ele></trkpt>
      <trkpt lat="-33.755107" lon="24.771255"><ele>76.5</ele></trkpt>
      <trkpt lat="-33.755134" lon="24.771443"><ele>76.6</ele></trkpt>
      <trkpt lat="-33.755161" lon="24.771630"><ele>76.6</ele></trkpt>
      <trkpt lat="-33.755187" lon="24.771816"><ele>76.7</ele></trkpt>
      <trkpt lat="-33.755212" lon="24.772002"><ele>76.7</ele></trkpt>
      <trkpt lat="-33.755237" lon="24.772186"><ele>76.8</ele></trkpt>
      <trkpt lat="-33.755262" lon="24.772370"><ele>76.8</ele></trkpt>
      <trkpt lat="-33.755286" lon="24.772553"><ele>76.9</ele></trkpt>
      <trkpt lat="-33.755309" lon="24.772735"><ele>76.9</ele></trkpt>
      <trkpt lat="-33.755332" lon="24.772916"><ele>77.0</ele></trkpt>
      <trkpt lat="-33.755354" lon="24.773097"><ele>77.0</ele></trkpt>
      <trkpt lat="-33.755376" lon="24.773277"><ele>77.0</ele></trkpt>
      <trkpt lat="-33.755397" lon="24.773455"><ele>77.1</ele></trkpt>
      <trkpt lat="-33.755418" lon="24.773633"><ele>77.1</ele></trkpt>
      <trkpt lat="-33.755438" lon="24.773810"><ele>77.2</ele></trkpt>
      <trkpt lat="-33.755457" lon="24.773987"><ele>77.2</ele></trkpt>
      <trkpt lat="-33.755477" lon="24.774162"><ele>77.3</ele></trkpt>
      <trkpt lat="-33.755495" lon="24.774337"><ele>77.3</ele></trkpt>
      <trkpt lat="-33.755513" lon="24.774511"><ele>77.4</ele></trkpt>
      <trkpt lat="-33.755531" lon="24.774684"><ele>77.4</ele></trkpt>
      <trkpt lat="-33.755547" lon="24.774856"><ele>77.5</ele></trkpt>
      <trkpt lat="-33.755564" lon="24.775028"><ele>77.5</ele></trkpt>
      <trkpt lat="-33.755580" lon="24.775199"><ele>77.6</ele></trkpt>
      <trkpt lat="-33.755595" lon="24.775368"><ele>77.6</ele></trkpt>
      <trkpt lat="-33.755610" lon="24.775538"><ele>77.7</ele></trkpt>
      <trkpt lat="-33.755624" lon="24.775706"><ele>77.7</ele></trkpt>
      <trkpt lat="-33.755637" lon="24.775873"><ele>77.7</ele></trkpt>
      <trkpt lat="-33.755650" lon="24.776040"><ele>77.8</ele></trkpt>
      <trkpt lat="-33.755663" lon="24.776206"><ele>77.8</ele></trkpt>
      <trkpt lat="-33.755675" lon="24.776371"><ele>77.9</ele></trkpt>
      <trkpt lat="-33.755686" lon="24.776536"><ele>77.9</ele></trkpt>
      <trkpt lat="-33.755697" lon="24.776699"><ele>78.0</ele></trkpt>
      <trkpt lat="-33.755707" lon="24.776862"><ele>78.0</ele></trkpt>
      <trkpt lat="-33.755717" lon="24.777024"><ele>78.0</ele></trkpt>
      <trkpt lat="-33.755726" lon="24.777185"><ele>78.1</ele></trkpt>
      <trkpt lat="-33.755735" lon="24.777346"><ele>78.1</ele></trkpt>
      <trkpt lat="-33.755743" lon="24.777506"><ele>78.2</ele></trkpt>
      <trkpt lat="-33.755750" lon="24.777664"><ele>78.2</ele></trkpt>
      <trkpt lat="-33.755757" lon="24.777823"><ele>78.3</ele></trkpt>
      <trkpt lat="-33.755763" lon="24.777980"><ele>78.3</ele></trkpt>
      <trkpt lat="-33.755769" lon="24.778137"><ele>78.3</ele></trkpt>
      <trkpt lat="-33.755774" lon="24.778293"><ele>78.4</ele></trkpt>
      <trkpt lat="-33.755779" lon="24.778448"><ele>78.4</ele></trkpt>
      <trkpt lat="-33.755783" lon="24.778602"><ele>78.5</ele></trkpt>
      <trkpt lat="-33.755787" lon="24.778756"><ele>78.5</ele></trkpt>
      <trkpt lat="-33.755789" lon="24.778909"><ele>78.5</ele></trkpt>
      <trkpt lat="-33.755792" lon="24.779061"><ele>78.6</ele></trkpt>
      <trkpt lat="-33.755794" lon="24.779212"><ele>78.6</ele></trkpt>
      <trkpt lat="-33.755795" lon="24.779363"><ele>78.7</ele></trkpt>
      <trkpt lat="-33.755795" lon="24.779513"><ele>78.7</ele></trkpt>
      <trkpt lat="-33.755796" lon="24.779662"><ele>78.7</ele></trkpt>
      <trkpt lat="-33.755795" lon="24.779811"><ele>78.8</ele></trkpt>
      <trkpt lat="-33.755794" lon="24.779958"><ele>78.8</ele></trkpt>
      <trkpt lat="-33.755792" lon="24.780105"><ele>78.8</ele></trkpt>
      <trkpt lat="-33.755790" lon="24.780252"><ele>78.9</ele></trkpt>
      <trkpt lat="-33.755787" lon="24.780397"><ele>78.9</ele></trkpt>
      <trkpt lat="-33.755784" lon="24.780542"><ele>79.0</ele></trkpt>
      <trkpt lat="-33.755780" lon="24.780686"><ele>79.0</ele></trkpt>
      <trkpt lat="-33.755776" lon="24.780829"><ele>79.0</ele></trkpt>
      <trkpt lat="-33.755771" lon="24.780972"><ele>79.1</ele></trkpt>
      <trkpt lat="-33.755765" lon="24.781114"><ele>79.1</ele></trkpt>
      <trkpt lat="-33.755759" lon="24.781255"><ele>79.1</ele></trkpt>
      <trkpt lat="-33.755752" lon="24.781396"><ele>79.2</ele></trkpt>
      <trkpt lat="-33.755745" lon="24.781536"><ele>79.2</ele></trkpt>
      <trkpt lat="-33.755737" lon="24.781675"><ele>79.3</ele></trkpt>
      <trkpt lat="-33.755728" lon="24.781813"><ele>79.3</ele></trkpt>
      <trkpt lat="-33.755719" lon="24.781951"><ele>79.3</ele></trkpt>
      <trkpt lat="-33.755710" lon="24.782088"><ele>79.4</ele></trkpt>
      <trkpt lat="-33.755699" lon="24.782224"><ele>79.4</ele></trkpt>
      <trkpt lat="-33.755689" lon="24.782360"><ele>79.4</ele></trkpt>
      <trkpt lat="-33.755677" lon="24.782495"><ele>79.5</ele></trkpt>
      <trkpt lat="-33.755665" lon="24.782629"><ele>79.5</ele></trkpt>
      <trkpt lat="-33.755653" lon="24.782762"><ele>79.5</ele></trkpt>
      <trkpt lat="-33.755640" lon="24.782895"><ele>79.6</ele></trkpt>
      <trkpt lat="-33.755626" lon="24.783028"><ele>79.6</ele></trkpt>
      <trkpt lat="-33.755612" lon="24.783159"><ele>79.6</ele></trkpt>
      <trkpt lat="-33.755597" lon="24.783290"><ele>79.7</ele></trkpt>
      <trkpt lat="-33.755582" lon="24.783420"><ele>79.7</ele></trkpt>
      <trkpt lat="-33.755566" lon="24.783550"><ele>79.7</ele></trkpt>
      <trkpt lat="-33.755549" lon="24.783678"><ele>79.8</ele></trkpt>
      <trkpt lat="-33.755532" lon="24.783807"><ele>79.8</ele></trkpt>
      <trkpt lat="-33.755515" lon="24.783934"><ele>79.8</ele></trkpt>
      <trkpt lat="-33.755496" lon="24.784061"><ele>79.9</ele></trkpt>
      <trkpt lat="-33.755478" lon="24.784187"><ele>79.9</ele></trkpt>
      <trkpt lat="-33.755458" lon="24.784313"><ele>79.9</ele></trkpt>
      <trkpt lat="-33.755438" lon="24.784437"><ele>80.0</ele></trkpt>
      <trkpt lat="-33.755418" lon="24.784562"><ele>80.0</ele></trkpt>
      <trkpt lat="-33.755397" lon="24.784685"><ele>80.0</ele></trkpt>
      <trkpt lat="-33.755375" lon="24.784808"><ele>80.1</ele></trkpt>
      <trkpt lat="-33.755353" lon="24.784930"><ele>80.1</ele></trkpt>
      <trkpt lat="-33.755330" lon="24.785052"><ele>80.1</ele></trkpt>
      <trkpt lat="-33.755307" lon="24.785173"><ele>80.2</ele></trkpt>
      <trkpt lat="-33.755283" lon="24.785293"><ele>80.2</ele></trkpt>
      <trkpt lat="-33.755259" lon="24.785413"><ele>80.2</ele></trkpt>
      <trkpt lat="-33.755234" lon="24.785532"><ele>80.2</ele></trkpt>
      <trkpt lat="-33.755208" lon="24.785651"><ele>80.3</ele></trkpt>
      <trkpt lat="-33.755182" lon="24.785769"><ele>80.3</ele></trkpt>
      <trkpt lat="-33.755155" lon="24.785886"><ele>80.3</ele></trkpt>
      <trkpt lat="-33.755128" lon="24.786002"><ele>80.4</ele></trkpt>
      <trkpt lat="-33.755100" lon="24.786118"><ele>80.4</ele></trkpt>
      <trkpt lat="-33.755072" lon="24.786234"><ele>80.4</ele></trkpt>
      <trkpt lat="-33.755043" lon="24.786348"><ele>80.5</ele></trkpt>
      <trkpt lat="-33.755014" lon="24.786463"><ele>80.5</ele></trkpt>
      <trkpt lat="-33.754984" lon="24.786576"><ele>80.5</ele></trkpt>
      <trkpt lat="-33.754953" lon="24.786689"><ele>80.5</ele></trkpt>
      <trkpt lat="-33.754922" lon="24.786801"><ele>80.6</ele></trkpt>
      <trkpt lat="-33.754890" lon="24.786913"><ele>80.6</ele></trkpt>
      <trkpt lat="-33.754858" lon="24.787024"><ele>80.6</ele></trkpt>
      <trkpt lat="-33.754826" lon="24.787135"><ele>80.7</ele></trkpt>
      <trkpt lat="-33.754792" lon="24.787245"><ele>80.7</ele></trkpt>
      <trkpt lat="-33.754758" lon="24.787354"><ele>80.7</ele></trkpt>
      <trkpt lat="-33.754724" lon="24.787463"><ele>80.8</ele></trkpt>
      <trkpt lat="-33.754689" lon="24.787571"><ele>80.8</ele></trkpt>
      <trkpt lat="-33.754654" lon="24.787678"><ele>80.8</ele></trkpt>
      <trkpt lat="-33.754618" lon="24.787785"><ele>80.8</ele></trkpt>
      <trkpt lat="-33.754581" lon="24.787892"><ele>80.9</ele></trkpt>
      <trkpt lat="-33.754544" lon="24.787998"><ele>80.9</ele></trkpt>
      <trkpt lat="-33.754506" lon="24.788103"><ele>80.9</ele></trkpt>
      <trkpt lat="-33.754468" lon="24.788208"><ele>81.0</ele></trkpt>
      <trkpt lat="-33.754430" lon="24.788312"><ele>81.0</ele></trkpt>
      <trkpt lat="-33.754390" lon="24.788415"><ele>81.0</ele></trkpt>
      <trkpt lat="-33.754351" lon="24.788518"><ele>81.0</ele></trkpt>
      <trkpt lat="-33.754310" lon="24.788621"><ele>81.1</ele></trkpt>
      <trkpt lat="-33.754270" lon="24.788723"><ele>81.1</ele></trkpt>
      <trkpt lat="-33.754228" lon="24.788824"><ele>81.1</ele></trkpt>
      <trkpt lat="-33.754187" lon="24.788925"><ele>81.1</ele></trkpt>
      <trkpt lat="-33.754144" lon="24.789025"><ele>81.2</ele></trkpt>
      <trkpt lat="-33.754101" lon="24.789125"><ele>81.2</ele></trkpt>
      <trkpt lat="-33.754058" lon="24.789224"><ele>81.2</ele></trkpt>
      <trkpt lat="-33.754014" lon="24.789322"><ele>81.3</ele></trkpt>
      <trkpt lat="-33.753970" lon="24.789420"><ele>81.3</ele></trkpt>
      <trkpt lat="-33.753925" lon="24.789518"><ele>81.3</ele></trkpt>
      <trkpt lat="-33.753879" lon="24.789615"><ele>81.3</ele></trkpt>
      <trkpt lat="-33.753833" lon="24.789711"><ele>81.4</ele></trkpt>
      <trkpt lat="-33.753787" lon="24.789807"><ele>81.4</ele></trkpt>
      <trkpt lat="-33.753740" lon="24.789902"><ele>81.4</ele></trkpt>
      <trkpt lat="-33.753692" lon="24.789997"><ele>81.4</ele></trkpt>
      <trkpt lat="-33.753644" lon="24.790092"><ele>81.5</ele></trkpt>
      <trkpt lat="-33.753596" lon="24.790185"><ele>81.5</ele></trkpt>
      <trkpt lat="-33.753547" lon="24.790279"><ele>81.5</ele></trkpt>
      <trkpt lat="-33.753498" lon="24.790372"><ele>81.6</ele></trkpt>
      <trkpt lat="-33.753448" lon="24.790464"><ele>81.6</ele></trkpt>
      <trkpt lat="-33.753397" lon="24.790556"><ele>81.6</ele></trkpt>
      <trkpt lat="-33.753346" lon="24.790647"><ele>81.6</ele></trkpt>
      <trkpt lat="-33.753295" lon="24.790738"><ele>81.7</ele></trkpt>
      <trkpt lat="-33.753243" lon="24.790828"><ele>81.7</ele></trkpt>
      <trkpt lat="-33.753191" lon="24.790918"><ele>81.7</ele></trkpt>
      <trkpt lat="-33.753138" lon="24.791007"><ele>81.7</ele></trkpt>
      <trkpt lat="-33.753084" lon="24.791096"><ele>81.8</ele></trkpt>
      <trkpt lat="-33.753031" lon="24.791184"><ele>81.8</ele></trkpt>
      <trkpt lat="-33.752976" lon="24.791272"><ele>81.8</ele></trkpt>
      <trkpt lat="-33.752921" lon="24.791359"><ele>81.8</ele></trkpt>
      <trkpt lat="-33.752866" lon="24.791446"><ele>81.9</ele></trkpt>
      <trkpt lat="-33.752811" lon="24.791532"><ele>81.9</ele></trkpt>
      <trkpt lat="-33.752754" lon="24.791618"><ele>81.9</ele></trkpt>
      <trkpt lat="-33.752698" lon="24.791703"><ele>82.0</ele></trkpt>
      <trkpt lat="-33.752641" lon="24.791788"><ele>82.0</ele></trkpt>
      <trkpt lat="-33.752583" lon="24.791873"><ele>82.0</ele></trkpt>
      <trkpt lat="-33.752525" lon="24.791957"><ele>82.0</ele></trkpt>
      <trkpt lat="-33.752467" lon="24.792040"><ele>82.1</ele></trkpt>
      <trkpt lat="-33.752408" lon="24.792123"><ele>82.1</ele></trkpt>
      <trkpt lat="-33.752349" lon="24.792206"><ele>82.1</ele></trkpt>
      <trkpt lat="-33.752289" lon="24.792288"><ele>82.1</ele></trkpt>
      <trkpt lat="-33.752229" lon="24.792370"><ele>82.2</ele></trkpt>
      <trkpt lat="-33.752168" lon="24.792451"><ele>82.2</ele></trkpt>
      <trkpt lat="-33.752107" lon="24.792532"><ele>82.2</ele></trkpt>
      <trkpt lat="-33.752045" lon="24.792612"><ele>82.2</ele></trkpt>
      <trkpt lat="-33.751984" lon="24.792692"><ele>82.3</ele></trkpt>
      <trkpt lat="-33.751921" lon="24.792771"><ele>82.3</ele></trkpt>
      <trkpt lat="-33.751858" lon="24.792850"><ele>82.3</ele></trkpt>
      <trkpt lat="-33.751795" lon="24.792929"><ele>82.3</ele></trkpt>
      <trkpt lat="-33.751732" lon="24.793007"><ele>82.4</ele></trkpt>
      <trkpt lat="-33.751668" lon="24.793085"><ele>82.4</ele></trkpt>
      <trkpt lat="-33.751603" lon="24.793162"><ele>82.4</ele></trkpt>
      <trkpt lat="-33.751538" lon="24.793239"><ele>82.4</ele></trkpt>
      <trkpt lat="-33.751473" lon="24.793315"><ele>82.5</ele></trkpt>
      <trkpt lat="-33.751407" lon="24.793391"><ele>82.5</ele></trkpt>
      <trkpt lat="-33.751341" lon="24.793467"><ele>82.5</ele></trkpt>
      <trkpt lat="-33.751275" lon="24.793542"><ele>82.5</ele></trkpt>
      <trkpt lat="-33.751208" lon="24.793617"><ele>82.6</ele></trkpt>
      <trkpt lat="-33.751141" lon="24.793691"><ele>82.6</ele></trkpt>
      <trkpt lat="-33.751073" lon="24.793765"><ele>82.6</ele></trkpt>
      <trkpt lat="-33.751005" lon="24.793839"><ele>82.6</ele></trkpt>
      <trkpt lat="-33.750937" lon="24.793912"><ele>82.7</ele></trkpt>
      <trkpt lat="-33.750868" lon="24.793985"><ele>82.7</ele></trkpt>
      <trkpt lat="-33.750799" lon="24.794057"><ele>82.7</ele></trkpt>
      <trkpt lat="-33.750729" lon="24.794129"><ele>82.8</ele></trkpt>
      <trkpt lat="-33.750659" lon="24.794201"><ele>82.8</ele></trkpt>
      <trkpt lat="-33.750589" lon="24.794272"><ele>82.8</ele></trkpt>
      <trkpt lat="-33.750519" lon="24.794343"><ele>82.8</ele></trkpt>
      <trkpt lat="-33.750448" lon="24.794413"><ele>82.9</ele></trkpt>
      <trkpt lat="-33.750376" lon="24.794483"><ele>82.9</ele></trkpt>
      <trkpt lat="-33.750305" lon="24.794553"><ele>82.9</ele></trkpt>
      <trkpt lat="-33.750233" lon="24.794622"><ele>82.9</ele></trkpt>
      <trkpt lat="-33.750160" lon="24.794691"><ele>83.0</ele></trkpt>
      <trkpt lat="-33.750087" lon="24.794760"><ele>83.0</ele></trkpt>
      <trkpt lat="-33.750014" lon="24.794828"><ele>83.0</ele></trkpt>
      <trkpt lat="-33.749941" lon="24.794896"><ele>83.0</ele></trkpt>
      <trkpt lat="-33.749867" lon="24.794963"><ele>83.1</ele></trkpt>
      <trkpt lat="-33.749793" lon="24.795031"><ele>83.1</ele></trkpt>
      <trkpt lat="-33.749719" lon="24.795097"><ele>83.1</ele></trkpt>
      <trkpt lat="-33.749644" lon="24.795164"><ele>83.1</ele></trkpt>
      <trkpt lat="-33.749569" lon="24.795230"><ele>83.2</ele></trkpt>
      <trkpt lat="-33.749494" lon="24.795296"><ele>83.2</ele></trkpt>
      <trkpt lat="-33.749418" lon="24.795361"><ele>83.2</ele></trkpt>
      <trkpt lat="-33.749342" lon="24.795426"><ele>83.2</ele></trkpt>
      <trkpt lat="-33.749266" lon="24.795491"><ele>83.3</ele></trkpt>
      <trkpt lat="-33.749190" lon="24.795555"><ele>83.3</ele></trkpt>
      <trkpt lat="-33.749113" lon="24.795619"><ele>83.3</ele></trkpt>
      <trkpt lat="-33.749036" lon="24.795683"><ele>83.3</ele></trkpt>
      <trkpt lat="-33.748958" lon="24.795746"><ele>83.4</ele></trkpt>
      <trkpt lat="-33.748881" lon="24.795809"><ele>83.4</ele></trkpt>
      <trkpt lat="-33.748803" lon="24.795872"><ele>83.4</ele></trkpt>
      <trkpt lat="-33.748725" lon="24.795934"><ele>83.4</ele></trkpt>
      <trkpt lat="-33.748646" lon="24.795996"><ele>83.5</ele></trkpt>
      <trkpt lat="-33.748567" lon="24.796058"><ele>83.5</ele></trkpt>
      <trkpt lat="-33.748488" lon="24.796120"><ele>83.5</ele></trkpt>
      <trkpt lat="-33.748409" lon="24.796181"><ele>83.5</ele></trkpt>
      <trkpt lat="-33.748329" lon="24.796242"><ele>83.6</ele></trkpt>
      <trkpt lat="-33.748250" lon="24.796302"><ele>83.6</ele></trkpt>
      <trkpt lat="-33.748170" lon="24.796362"><ele>83.6</ele></trkpt>
      <trkpt lat="-33.748089" lon="24.796422"><ele>83.6</ele></trkpt>
      <trkpt lat="-33.748009" lon="24.796482"><ele>83.7</ele></trkpt>
      <trkpt lat="-33.747928" lon="24.796541"><ele>83.7</ele></trkpt>
      <trkpt lat="-33.747847" lon="24.796600"><ele>83.7</ele></trkpt>
      <trkpt lat="-33.747766" lon="24.796659"><ele>83.7</ele></trkpt>
      <trkpt lat="-33.747685" lon="24.796718"><ele>83.8</ele></trkpt>
      <trkpt lat="-33.747603" lon="24.796776"><ele>83.8</ele></trkpt>
      <trkpt lat="-33.747521" lon="24.796834"><ele>83.8</ele></trkpt>
      <trkpt lat="-33.747439" lon="24.796891"><ele>83.8</ele></trkpt>
      <trkpt lat="-33.747357" lon="24.796949"><ele>83.9</ele></trkpt>
      <trkpt lat="-33.747274" lon="24.797006"><ele>83.9</ele></trkpt>
      <trkpt lat="-33.747192" lon="24.797063"><ele>83.9</ele></trkpt>
      <trkpt lat="-33.747109" lon="24.797119"><ele>83.9</ele></trkpt>
      <trkpt lat="-33.747026" lon="24.797175"><ele>84.0</ele></trkpt>
      <trkpt lat="-33.746942" lon="24.797231"><ele>84.0</ele></trkpt>
      <trkpt lat="-33.746859" lon="24.797287"><ele>84.0</ele></trkpt>
      <trkpt lat="-33.746775" lon="24.797343"><ele>84.0</ele></trkpt>
      <trkpt lat="-33.746692" lon="24.797398"><ele>84.1</ele></trkpt>
      <trkpt lat="-33.746608" lon="24.797453"><ele>84.1</ele></trkpt>
      <trkpt lat="-33.746524" lon="24.797508"><ele>84.1</ele></trkpt>
      <trkpt lat="-33.746439" lon="24.797562"><ele>84.1</ele></trkpt>
      <trkpt lat="-33.746355" lon="24.797616"><ele>84.2</ele></trkpt>
      <trkpt lat="-33.746271" lon="24.797671"><ele>84.2</ele></trkpt>
      <trkpt lat="-33.746186" lon="24.797724"><ele>84.2</ele></trkpt>
      <trkpt lat="-33.746101" lon="24.797778"><ele>84.2</ele></trkpt>
      <trkpt lat="-33.746016" lon="24.797831"><ele>84.3</ele></trkpt>
      <trkpt lat="-33.745931" lon="24.797884"><ele>84.3</ele></trkpt>
      <trkpt lat="-33.745846" lon="24.797937"><ele>84.3</ele></trkpt>
      <trkpt lat="-33.745760" lon="24.797990"><ele>84.3</ele></trkpt>
      <trkpt lat="-33.745675" lon="24.798042"><ele>84.4</ele></trkpt>
      <trkpt lat="-33.745589" lon="24.798094"><ele>84.4</ele></trkpt>
      <trkpt lat="-33.745504" lon="24.798146"><ele>84.4</ele></trkpt>
      <trkpt lat="-33.745418" lon="24.798198"><ele>84.4</ele></trkpt>
      <trkpt lat="-33.745332" lon="24.798250"><ele>84.5</ele></trkpt>
      <trkpt lat="-33.745246" lon="24.798301"><ele>84.5</ele></trkpt>
      <trkpt lat="-33.745160" lon="24.798352"><ele>84.5</ele></trkpt>
      <trkpt lat="-33.745074" lon="24.798403"><ele>84.5</ele></trkpt>
      <trkpt lat="-33.744988" lon="24.798454"><ele>84.6</ele></trkpt>
      <trkpt lat="-33.744902" lon="24.798504"><ele>84.6</ele></trkpt>
      <trkpt lat="-33.744815" lon="24.798555"><ele>84.6</ele></trkpt>
      <trkpt lat="-33.744729" lon="24.798605"><ele>84.6</ele></trkpt>
      <trkpt lat="-33.744642" lon="24.798655"><ele>84.7</ele></trkpt>
      <trkpt lat="-33.744556" lon="24.798705"><ele>84.7</ele></trkpt>
      <trkpt lat="-33.744469" lon="24.798754"><ele>84.7</ele></trkpt>
      <trkpt lat="-33.744383" lon="24.798804"><ele>84.7</ele></trkpt>
      <trkpt lat="-33.744296" lon="24.798853"><ele>84.8</ele></trkpt>
      <trkpt lat="-33.744210" lon="24.798902"><ele>84.8</ele></trkpt>
      <trkpt lat="-33.744123" lon="24.798951"><ele>84.8</ele></trkpt>
      <trkpt lat="-33.744036" lon="24.798999"><ele>84.8</ele></trkpt>
      <trkpt lat="-33.743949" lon="24.799048"><ele>84.8</ele></trkpt>
      <trkpt lat="-33.743863" lon="24.799096"><ele>84.9</ele></trkpt>
      <trkpt lat="-33.743776" lon="24.799145"><ele>84.9</ele></trkpt>
      <trkpt lat="-33.743689" lon="24.799193"><ele>84.9</ele></trkpt>
      <trkpt lat="-33.743602" lon="24.799240"><ele>84.9</ele></trkpt>
      <trkpt lat="-33.743516" lon="24.799288"><ele>85.0</ele></trkpt>
      <trkpt lat="-33.743429" lon="24.799336"><ele>85.0</ele></trkpt>
      <trkpt lat="-33.743342" lon="24.799383"><ele>85.0</ele></trkpt>
      <trkpt lat="-33.743255" lon="24.799430"><ele>85.0</ele></trkpt>
      <trkpt lat="-33.743169" lon="24.799478"><ele>85.1</ele></trkpt>
      <trkpt lat="-33.743082" lon="24.799525"><ele>85.1</ele></trkpt>
      <trkpt lat="-33.742996" lon="24.799571"><ele>85.1</ele></trkpt>
      <trkpt lat="-33.742909" lon="24.799618"><ele>85.1</ele></trkpt>
      <trkpt lat="-33.742822" lon="24.799665"><ele>85.1</ele></trkpt>
      <trkpt lat="-33.742736" lon="24.799711"><ele>85.2</ele></trkpt>
      <trkpt lat="-33.742650" lon="24.799757"><ele>85.2</ele></trkpt>
      <trkpt lat="-33.742563" lon="24.799803"><ele>85.2</ele></trkpt>
      <trkpt lat="-33.742477" lon="24.799850"><ele>85.2</ele></trkpt>
      <trkpt lat="-33.742391" lon="24.799895"><ele>85.3</ele></trkpt>
      <trkpt lat="-33.742305" lon="24.799941"><ele>85.3</ele></trkpt>
      <trkpt lat="-33.742219" lon="24.799987"><ele>85.3</ele></trkpt>
      <trkpt lat="-33.742133" lon="24.800032"><ele>85.3</ele></trkpt>
      <trkpt lat="-33.742047" lon="24.800078"><ele>85.4</ele></trkpt>
      <trkpt lat="-33.741961" lon="24.800123"><ele>85.4</ele></trkpt>
      <trkpt lat="-33.741876" lon="24.800169"><ele>85.4</ele></trkpt>
      <trkpt lat="-33.741790" lon="24.800214"><ele>85.4</ele></trkpt>
      <trkpt lat="-33.741705" lon="24.800259"><ele>85.4</ele></trkpt>
      <trkpt lat="-33.741619" lon="24.800304"><ele>85.5</ele></trkpt>
      <trkpt lat="-33.741534" lon="24.800348"><ele>85.5</ele></trkpt>
      <trkpt lat="-33.741449" lon="24.800393"><ele>85.5</ele></trkpt>
      <trkpt lat="-33.741364" lon="24.800438"><ele>85.5</ele></trkpt>
      <trkpt lat="-33.741280" lon="24.800482"><ele>85.6</ele></trkpt>
      <trkpt lat="-33.741195" lon="24.800527"><ele>85.6</ele></trkpt>
      <trkpt lat="-33.741111" lon="24.800571"><ele>85.6</ele></trkpt>
      <trkpt lat="-33.741027" lon="24.800615"><ele>85.6</ele></trkpt>
      <trkpt lat="-33.740942" lon="24.800660"><ele>85.6</ele></trkpt>
      <trkpt lat="-33.740859" lon="24.800704"><ele>85.7</ele></trkpt>
      <trkpt lat="-33.740775" lon="24.800748"><ele>85.7</ele></trkpt>
      <trkpt lat="-33.740691" lon="24.800792"><ele>85.7</ele></trkpt>
      <trkpt lat="-33.740608" lon="24.800836"><ele>85.7</ele></trkpt>
      <trkpt lat="-33.740525" lon="24.800880"><ele>85.7</ele></trkpt>
      <trkpt lat="-33.740442" lon="24.800923"><ele>85.8</ele></trkpt>
      <trkpt lat="-33.740359" lon="24.800967"><ele>85.8</ele></trkpt>
      <trkpt lat="-33.740277" lon="24.801011"><ele>85.8</ele></trkpt>
      <trkpt lat="-33.740194" lon="24.801054"><ele>85.8</ele></trkpt>
      <trkpt lat="-33.740112" lon="24.801098"><ele>85.8</ele></trkpt>
      <trkpt lat="-33.740030" lon="24.801142"><ele>85.9</ele></trkpt>
      <trkpt lat="-33.739949" lon="24.801185"><ele>85.9</ele></trkpt>
      <trkpt lat="-33.739867" lon="24.801228"><ele>85.9</ele></trkpt>
      <trkpt lat="-33.739786" lon="24.801272"><ele>85.9</ele></trkpt>
      <trkpt lat="-33.739705" lon="24.801315"><ele>85.9</ele></trkpt>
      <trkpt lat="-33.739625" lon="24.801358"><ele>86.0</ele></trkpt>
      <trkpt lat="-33.739544" lon="24.801402"><ele>86.0</ele></trkpt>
      <trkpt lat="-33.739464" lon="24.801445"><ele>86.0</ele></trkpt>
      <trkpt lat="-33.739384" lon="24.801488"><ele>86.0</ele></trkpt>
      <trkpt lat="-33.739305" lon="24.801531"><ele>86.0</ele></trkpt>
      <trkpt lat="-33.739226" lon="24.801574"><ele>86.1</ele></trkpt>
      <trkpt lat="-33.739147" lon="24.801617"><ele>86.1</ele></trkpt>
      <trkpt lat="-33.739068" lon="24.801660"><ele>86.1</ele></trkpt>
      <trkpt lat="-33.738990" lon="24.801703"><ele>86.1</ele></trkpt>
      <trkpt lat="-33.738911" lon="24.801746"><ele>86.1</ele></trkpt>
      <trkpt lat="-33.738834" lon="24.801789"><ele>86.2</ele></trkpt>
      <trkpt lat="-33.738756" lon="24.801832"><ele>86.2</ele></trkpt>
      <trkpt lat="-33.738679" lon="24.801875"><ele>86.2</ele></trkpt>
      <trkpt lat="-33.738603" lon="24.801918"><ele>86.2</ele></trkpt>
      <trkpt lat="-33.738526" lon="24.801961"><ele>86.2</ele></trkpt>
      <trkpt lat="-33.738450" lon="24.802004"><ele>86.3</ele></trkpt>
      <trkpt lat="-33.738374" lon="24.802047"><ele>86.3</ele></trkpt>
      <trkpt lat="-33.738299" lon="24.802090"><ele>86.3</ele></trkpt>
      <trkpt lat="-33.738224" lon="24.802133"><ele>86.3</ele></trkpt>
      <trkpt lat="-33.738149" lon="24.802176"><ele>86.3</ele></trkpt>
      <trkpt lat="-33.738075" lon="24.802219"><ele>86.3</ele></trkpt>
      <trkpt lat="-33.738001" lon="24.802262"><ele>86.4</ele></trkpt>
      <trkpt lat="-33.737928" lon="24.802305"><ele>86.4</ele></trkpt>
      <trkpt lat="-33.737855" lon="24.802348"><ele>86.4</ele></trkpt>
      <trkpt lat="-33.737782" lon="24.802391"><ele>86.4</ele></trkpt>
      <trkpt lat="-33.737710" lon="24.802434"><ele>86.4</ele></trkpt>
      <trkpt lat="-33.737638" lon="24.802477"><ele>86.5</ele></trkpt>
      <trkpt lat="-33.737566" lon="24.802521"><ele>86.5</ele></trkpt>
      <trkpt lat="-33.737495" lon="24.802564"><ele>86.5</ele></trkpt>
      <trkpt lat="-33.737425" lon="24.802607"><ele>86.5</ele></trkpt>
      <trkpt lat="-33.737355" lon="24.802650"><ele>86.5</ele></trkpt>
      <trkpt lat="-33.737285" lon="24.802693"><ele>86.5</ele></trkpt>
      <trkpt lat="-33.737216" lon="24.802737"><ele>86.6</ele></trkpt>
      <trkpt lat="-33.737147" lon="24.802780"><ele>86.6</ele></trkpt>
      <trkpt lat="-33.737079" lon="24.802823"><ele>86.6</ele></trkpt>
      <trkpt lat="-33.737011" lon="24.802867"><ele>86.6</ele></trkpt>
      <trkpt lat="-33.736943" lon="24.802910"><ele>86.6</ele></trkpt>
      <trkpt lat="-33.736876" lon="24.802954"><ele>86.6</ele></trkpt>
      <trkpt lat="-33.736810" lon="24.802997"><ele>86.7</ele></trkpt>
      <trkpt lat="-33.736744" lon="24.803041"><ele>86.7</ele></trkpt>
      <trkpt lat="-33.736678" lon="24.803084"><ele>86.7</ele></trkpt>
      <trkpt lat="-33.736613" lon="24.803128"><ele>86.7</ele></trkpt>
      <trkpt lat="-33.736549" lon="24.803172"><ele>86.7</ele></trkpt>
      <trkpt lat="-33.736485" lon="24.803216"><ele>86.7</ele></trkpt>
      <trkpt lat="-33.736421" lon="24.803260"><ele>86.7</ele></trkpt>
      <trkpt lat="-33.736359" lon="24.803304"><ele>86.8</ele></trkpt>
      <trkpt lat="-33.736296" lon="24.803348"><ele>86.8</ele></trkpt>
      <trkpt lat="-33.736234" lon="24.803392"><ele>86.8</ele></trkpt>
      <trkpt lat="-33.736173" lon="24.803436"><ele>86.8</ele></trkpt>
      <trkpt lat="-33.736112" lon="24.803480"><ele>86.8</ele></trkpt>
      <trkpt lat="-33.736052" lon="24.803525"><ele>86.8</ele></trkpt>
      <trkpt lat="-33.735992" lon="24.803569"><ele>86.8</ele></trkpt>
      <trkpt lat="-33.735933" lon="24.803613"><ele>86.9</ele></trkpt>
      <trkpt lat="-33.735875" lon="24.803658"><ele>86.9</ele></trkpt>
      <trkpt lat="-33.735817" lon="24.803703"><ele>86.9</ele></trkpt>
      <trkpt lat="-33.735760" lon="24.803747"><ele>86.9</ele></trkpt>
      <trkpt lat="-33.735703" lon="24.803792"><ele>86.9</ele></trkpt>
      <trkpt lat="-33.735647" lon="24.803837"><ele>86.9</ele></trkpt>
      <trkpt lat="-33.735591" lon="24.803882"><ele>86.9</ele></trkpt>
      <trkpt lat="-33.735536" lon="24.803927"><ele>87.0</ele></trkpt>
      <trkpt lat="-33.735482" lon="24.803973"><ele>87.0</ele></trkpt>
      <trkpt lat="-33.735428" lon="24.804018"><ele>87.0</ele></trkpt>
      <trkpt lat="-33.735375" lon="24.804063"><ele>87.0</ele></trkpt>
      <trkpt lat="-33.735323" lon="24.804109"><ele>87.0</ele></trkpt>
      <trkpt lat="-33.735271" lon="24.804155"><ele>87.0</ele></trkpt>
      <trkpt lat="-33.735220" lon="24.804200"><ele>87.0</ele></trkpt>
      <trkpt lat="-33.735170" lon="24.804246"><ele>87.0</ele></trkpt>
      <trkpt lat="-33.735120" lon="24.804292"><ele>87.1</ele></trkpt>
      <trkpt lat="-33.735071" lon="24.804339"><ele>87.1</ele></trkpt>
      <trkpt lat="-33.735022" lon="24.804385"><ele>87.1</ele></trkpt>
      <trkpt lat="-33.734974" lon="24.804431"><ele>87.1</ele></trkpt>
      <trkpt lat="-33.734927" lon="24.804478"><ele>87.1</ele></trkpt>
      <trkpt lat="-33.734881" lon="24.804524"><ele>87.1</ele></trkpt>
      <trkpt lat="-33.734835" lon="24.804571"><ele>87.1</ele></trkpt>
      <trkpt lat="-33.734790" lon="24.804618"><ele>87.1</ele></trkpt>
      <trkpt lat="-33.734746" lon="24.804665"><ele>87.2</ele></trkpt>
      <trkpt lat="-33.734702" lon="24.804712"><ele>87.2</ele></trkpt>
      <trkpt lat="-33.734659" lon="24.804759"><ele>87.2</ele></trkpt>
      <trkpt lat="-33.734617" lon="24.804807"><ele>87.2</ele></trkpt>
      <trkpt lat="-33.734576" lon="24.804854"><ele>87.2</ele></trkpt>
      <trkpt lat="-33.734535" lon="24.804902"><ele>87.2</ele></trkpt>
      <trkpt lat="-33.734495" lon="24.804950"><ele>87.2</ele></trkpt>
      <trkpt lat="-33.734456" lon="24.804998"><ele>87.2</ele></trkpt>
      <trkpt lat="-33.734418" lon="24.805046"><ele>87.2</ele></trkpt>
      <trkpt lat="-33.734380" lon="24.805094"><ele>87.3</ele></trkpt>
      <trkpt lat="-33.734343" lon="24.805143"><ele>87.3</ele></trkpt>
      <trkpt lat="-33.734307" lon="24.805191"><ele>87.3</ele></trkpt>
      <trkpt lat="-33.734272" lon="24.805240"><ele>87.3</ele></trkpt>
      <trkpt lat="-33.734238" lon="24.805289"><ele>87.3</ele></trkpt>
      <trkpt lat="-33.734204" lon="24.805338"><ele>87.3</ele></trkpt>
      <trkpt lat="-33.734171" lon="24.805388"><ele>87.3</ele></trkpt>
      <trkpt lat="-33.734139" lon="24.805437"><ele>87.3</ele></trkpt>
      <trkpt lat="-33.734108" lon="24.805487"><ele>87.3</ele></trkpt>
      <trkpt lat="-33.734077" lon="24.805536"><ele>87.3</ele></trkpt>
      <trkpt lat="-33.734047" lon="24.805586"><ele>87.4</ele></trkpt>
      <trkpt lat="-33.734019" lon="24.805636"><ele>87.4</ele></trkpt>
      <trkpt lat="-33.733991" lon="24.805687"><ele>87.4</ele></trkpt>
      <trkpt lat="-33.733964" lon="24.805737"><ele>87.4</ele></trkpt>
      <trkpt lat="-33.733937" lon="24.805788"><ele>87.4</ele></trkpt>
      <trkpt lat="-33.733912" lon="24.805839"><ele>87.4</ele></trkpt>
      <trkpt lat="-33.733887" lon="24.805890"><ele>87.4</ele></trkpt>
      <trkpt lat="-33.733864" lon="24.805941"><ele>87.4</ele></trkpt>
      <trkpt lat="-33.733841" lon="24.805992"><ele>87.4</ele></trkpt>
      <trkpt lat="-33.733819" lon="24.806044"><ele>87.4</ele></trkpt>
      <trkpt lat="-33.733798" lon="24.806096"><ele>87.5</ele></trkpt>
      <trkpt lat="-33.733778" lon="24.806148"><ele>87.5</ele></trkpt>
      <trkpt lat="-33.733758" lon="24.806200"><ele>87.5</ele></trkpt>
      <trkpt lat="-33.733740" lon="24.806252"><ele>87.5</ele></trkpt>
      <trkpt lat="-33.733723" lon="24.806305"><ele>87.5</ele></trkpt>
      <trkpt lat="-33.733706" lon="24.806358"><ele>87.5</ele></trkpt>
      <trkpt lat="-33.733691" lon="24.806411"><ele>87.5</ele></trkpt>
      <trkpt lat="-33.733676" lon="24.806464"><ele>87.5</ele></trkpt>
      <trkpt lat="-33.733662" lon="24.806517"><ele>87.5</ele></trkpt>
      <trkpt lat="-33.733650" lon="24.806571"><ele>87.5</ele></trkpt>
      <trkpt lat="-33.733638" lon="24.806625"><ele>87.5</ele></trkpt>
      <trkpt lat="-33.733627" lon="24.806679"><ele>87.5</ele></trkpt>
      <trkpt lat="-33.733617" lon="24.806733"><ele>87.6</ele></trkpt>
      <trkpt lat="-33.733608" lon="24.806787"><ele>87.6</ele></trkpt>
      <trkpt lat="-33.733600" lon="24.806842"><ele>87.6</ele></trkpt>
      <trkpt lat="-33.733593" lon="24.806897"><ele>87.6</ele></trkpt>
      <trkpt lat="-33.733587" lon="24.806952"><ele>87.6</ele></trkpt>
      <trkpt lat="-33.733582" lon="24.807007"><ele>87.6</ele></trkpt>
      <trkpt lat="-33.733578" lon="24.807063"><ele>87.6</ele></trkpt>
      <trkpt lat="-33.733575" lon="24.807119"><ele>87.6</ele></trkpt>
      <trkpt lat="-33.733573" lon="24.807175"><ele>87.6</ele></trkpt>
      <trkpt lat="-33.733572" lon="24.807231"><ele>87.6</ele></trkpt>
      <trkpt lat="-33.733572" lon="24.807288"><ele>87.6</ele></trkpt>
      <trkpt lat="-33.733573" lon="24.807344"><ele>87.6</ele></trkpt>
      <trkpt lat="-33.733575" lon="24.807401"><ele>87.7</ele></trkpt>
      <trkpt lat="-33.733578" lon="24.807459"><ele>87.7</ele></trkpt>
      <trkpt lat="-33.733583" lon="24.807516"><ele>87.7</ele></trkpt>
      <trkpt lat="-33.733588" lon="24.807574"><ele>87.7</ele></trkpt>
      <trkpt lat="-33.733594" lon="24.807632"><ele>87.7</ele></trkpt>
      <trkpt lat="-33.733601" lon="24.807690"><ele>87.7</ele></trkpt>
      <trkpt lat="-33.733610" lon="24.807748"><ele>87.7</ele></trkpt>
      <trkpt lat="-33.733619" lon="24.807807"><ele>87.7</ele></trkpt>
      <trkpt lat="-33.733630" lon="24.807866"><ele>87.7</ele></trkpt>
      <trkpt lat="-33.733642" lon="24.807925"><ele>87.7</ele></trkpt>
      <trkpt lat="-33.733654" lon="24.807985"><ele>87.7</ele></trkpt>
      <trkpt lat="-33.733668" lon="24.808044"><ele>87.8</ele></trkpt>
      <trkpt lat="-33.733683" lon="24.808104"><ele>87.8</ele></trkpt>
      <trkpt lat="-33.733699" lon="24.808165"><ele>87.8</ele></trkpt>
      <trkpt lat="-33.733716" lon="24.808225"><ele>87.8</ele></trkpt>
      <trkpt lat="-33.733735" lon="24.808286"><ele>87.8</ele></trkpt>
      <trkpt lat="-33.733754" lon="24.808347"><ele>87.8</ele></trkpt>
      <trkpt lat="-33.733775" lon="24.808408"><ele>87.8</ele></trkpt>
      <trkpt lat="-33.733796" lon="24.808470"><ele>87.8</ele></trkpt>
      <trkpt lat="-33.733819" lon="24.808532"><ele>87.8</ele></trkpt>
      <trkpt lat="-33.733843" lon="24.808594"><ele>87.8</ele></trkpt>
      <trkpt lat="-33.733868" lon="24.808656"><ele>87.9</ele></trkpt>
      <trkpt lat="-33.733895" lon="24.808719"><ele>87.9</ele></trkpt>
      <trkpt lat="-33.733922" lon="24.808782"><ele>87.9</ele></trkpt>
      <trkpt lat="-33.733951" lon="24.808845"><ele>87.9</ele></trkpt>
      <trkpt lat="-33.733981" lon="24.808909"><ele>87.9</ele></trkpt>
      <trkpt lat="-33.734012" lon="24.808973"><ele>87.9</ele></trkpt>
      <trkpt lat="-33.734044" lon="24.809037"><ele>87.9</ele></trkpt>
      <trkpt lat="-33.734077" lon="24.809101"><ele>87.9</ele></trkpt>
      <trkpt lat="-33.734112" lon="24.809166"><ele>87.9</ele></trkpt>
      <trkpt lat="-33.734148" lon="24.809231"><ele>87.9</ele></trkpt>
      <trkpt lat="-33.734185" lon="24.809296"><ele>88.0</ele></trkpt>
      <trkpt lat="-33.734223" lon="24.809361"><ele>88.0</ele></trkpt>
      <trkpt lat="-33.734263" lon="24.809427"><ele>88.0</ele></trkpt>
      <trkpt lat="-33.734303" lon="24.809493"><ele>88.0</ele></trkpt>
      <trkpt lat="-33.734345" lon="24.809560"><ele>88.0</ele></trkpt>
      <trkpt lat="-33.734388" lon="24.809627"><ele>88.0</ele></trkpt>
      <trkpt lat="-33.734433" lon="24.809694"><ele>88.0</ele></trkpt>
      <trkpt lat="-33.734479" lon="24.809761"><ele>88.0</ele></trkpt>
      <trkpt lat="-33.734526" lon="24.809829"><ele>88.1</ele></trkpt>
      <trkpt lat="-33.734574" lon="24.809897"><ele>88.1</ele></trkpt>
      <trkpt lat="-33.734623" lon="24.809965"><ele>88.1</ele></trkpt>
      <trkpt lat="-33.734674" lon="24.810033"><ele>88.1</ele></trkpt>
      <trkpt lat="-33.734726" lon="24.810102"><ele>88.1</ele></trkpt>
      <trkpt lat="-33.734779" lon="24.810171"><ele>88.1</ele></trkpt>
      <trkpt lat="-33.734834" lon="24.810241"><ele>88.1</ele></trkpt>
      <trkpt lat="-33.734890" lon="24.810311"><ele>88.1</ele></trkpt>
      <trkpt lat="-33.734947" lon="24.810381"><ele>88.2</ele></trkpt>
      <trkpt lat="-33.735006" lon="24.810451"><ele>88.2</ele></trkpt>
      <trkpt lat="-33.735065" lon="24.810522"><ele>88.2</ele></trkpt>
      <trkpt lat="-33.735127" lon="24.810593"><ele>88.2</ele></trkpt>
      <trkpt lat="-33.735189" lon="24.810665"><ele>88.2</ele></trkpt>
      <trkpt lat="-33.735253" lon="24.810736"><ele>88.2</ele></trkpt>
      <trkpt lat="-33.735318" lon="24.810809"><ele>88.2</ele></trkpt>
      <trkpt lat="-33.735385" lon="24.810881"><ele>88.3</ele></trkpt>
      <trkpt lat="-33.735452" lon="24.810954"><ele>88.3</ele></trkpt>
      <trkpt lat="-33.735522" lon="24.811027"><ele>88.3</ele></trkpt>
      <trkpt lat="-33.735592" lon="24.811100"><ele>88.3</ele></trkpt>
      <trkpt lat="-33.735664" lon="24.811174"><ele>88.3</ele></trkpt>
      <trkpt lat="-33.735737" lon="24.811248"><ele>88.3</ele></trkpt>
      <trkpt lat="-33.735812" lon="24.811322"><ele>88.3</ele></trkpt>
      <trkpt lat="-33.735888" lon="24.811397"><ele>88.4</ele></trkpt>
      <trkpt lat="-33.735965" lon="24.811472"><ele>88.4</ele></trkpt>
      <trkpt lat="-33.736044" lon="24.811547"><ele>88.4</ele></trkpt>
      <trkpt lat="-33.736124" lon="24.811623"><ele>88.4</ele></trkpt>
      <trkpt lat="-33.736206" lon="24.811699"><ele>88.4</ele></trkpt>
      <trkpt lat="-33.736289" lon="24.811776"><ele>88.4</ele></trkpt>
      <trkpt lat="-33.736373" lon="24.811853"><ele>88.5</ele></trkpt>
      <trkpt lat="-33.736459" lon="24.811930"><ele>88.5</ele></trkpt>
      <trkpt lat="-33.736546" lon="24.812007"><ele>88.5</ele></trkpt>
      <trkpt lat="-33.736635" lon="24.812085"><ele>88.5</ele></trkpt>
      <trkpt lat="-33.736725" lon="24.812163"><ele>88.5</ele></trkpt>
      <trkpt lat="-33.736816" lon="24.812242"><ele>88.5</ele></trkpt>
      <trkpt lat="-33.736909" lon="24.812321"><ele>88.6</ele></trkpt>
      <trkpt lat="-33.737004" lon="24.812400"><ele>88.6</ele></trkpt>
      <trkpt lat="-33.737099" lon="24.812479"><ele>88.6</ele></trkpt>
      <trkpt lat="-33.737197" lon="24.812559"><ele>88.6</ele></trkpt>
      <trkpt lat="-33.737296" lon="24.812640"><ele>88.6</ele></trkpt>
      <trkpt lat="-33.737396" lon="24.812720"><ele>88.6</ele></trkpt>
      <trkpt lat="-33.737497" lon="24.812801"><ele>88.7</ele></trkpt>
      <trkpt lat="-33.737601" lon="24.812883"><ele>88.7</ele></trkpt>
      <trkpt lat="-33.737705" lon="24.812965"><ele>88.7</ele></trkpt>
      <trkpt lat="-33.737811" lon="24.813047"><ele>88.7</ele></trkpt>
      <trkpt lat="-33.737919" lon="24.813129"><ele>88.7</ele></trkpt>
      <trkpt lat="-33.738028" lon="24.813212"><ele>88.7</ele></trkpt>
      <trkpt lat="-33.738139" lon="24.813295"><ele>88.8</ele></trkpt>
      <trkpt lat="-33.738251" lon="24.813379"><ele>88.8</ele></trkpt>
      <trkpt lat="-33.738364" lon="24.813463"><ele>88.8</ele></trkpt>
      <trkpt lat="-33.738479" lon="24.813547"><ele>88.8</ele></trkpt>
      <trkpt lat="-33.738596" lon="24.813632"><ele>88.8</ele></trkpt>
      <trkpt lat="-33.738714" lon="24.813717"><ele>88.9</ele></trkpt>
      <trkpt lat="-33.738834" lon="24.813802"><ele>88.9</ele></trkpt>
      <trkpt lat="-33.738955" lon="24.813888"><ele>88.9</ele></trkpt>
      <trkpt lat="-33.739078" lon="24.813974"><ele>88.9</ele></trkpt>
      <trkpt lat="-33.739202" lon="24.814061"><ele>88.9</ele></trkpt>
      <trkpt lat="-33.739328" lon="24.814148"><ele>88.9</ele></trkpt>
      <trkpt lat="-33.739455" lon="24.814235"><ele>89.0</ele></trkpt>
      <trkpt lat="-33.739584" lon="24.814323"><ele>89.0</ele></trkpt>
      <trkpt lat="-33.739715" lon="24.814411"><ele>89.0</ele></trkpt>
      <trkpt lat="-33.739847" lon="24.814500"><ele>89.0</ele></trkpt>
      <trkpt lat="-33.739980" lon="24.814589"><ele>89.0</ele></trkpt>
      <trkpt lat="-33.740116" lon="24.814678"><ele>89.1</ele></trkpt>
      <trkpt lat="-33.740252" lon="24.814768"><ele>89.1</ele></trkpt>
      <trkpt lat="-33.740391" lon="24.814858"><ele>89.1</ele></trkpt>
      <trkpt lat="-33.740531" lon="24.814948"><ele>89.1</ele></trkpt>
      <trkpt lat="-33.740672" lon="24.815039"><ele>89.1</ele></trkpt>
      <trkpt lat="-33.740815" lon="24.815130"><ele>89.1</ele></trkpt>
      <trkpt lat="-33.740960" lon="24.815222"><ele>89.2</ele></trkpt>
      <trkpt lat="-33.741106" lon="24.815314"><ele>89.2</ele></trkpt>
      <trkpt lat="-33.741254" lon="24.815407"><ele>89.2</ele></trkpt>
      <trkpt lat="-33.741404" lon="24.815499"><ele>89.2</ele></trkpt>
      <trkpt lat="-33.741555" lon="24.815593"><ele>89.2</ele></trkpt>
      <trkpt lat="-33.741708" lon="24.815686"><ele>89.3</ele></trkpt>
      <trkpt lat="-33.741862" lon="24.815780"><ele>89.3</ele></trkpt>
      <trkpt lat="-33.742018" lon="24.815875"><ele>89.3</ele></trkpt>
      <trkpt lat="-33.742176" lon="24.815970"><ele>89.3</ele></trkpt>
      <trkpt lat="-33.742335" lon="24.816065"><ele>89.3</ele></trkpt>
      <trkpt lat="-33.742496" lon="24.816160"><ele>89.4</ele></trkpt>
      <trkpt lat="-33.742659" lon="24.816256"><ele>89.4</ele></trkpt>
      <trkpt lat="-33.742823" lon="24.816353"><ele>89.4</ele></trkpt>
      <trkpt lat="-33.742989" lon="24.816450"><ele>89.4</ele></trkpt>
      <trkpt lat="-33.743156" lon="24.816547"><ele>89.4</ele></trkpt>
      <trkpt lat="-33.743326" lon="24.816645"><ele>89.4</ele></trkpt>
      <trkpt lat="-33.743497" lon="24.816743"><ele>89.5</ele></trkpt>
      <trkpt lat="-33.743669" lon="24.816841"><ele>89.5</ele></trkpt>
      <trkpt lat="-33.743843" lon="24.816940"><ele>89.5</ele></trkpt>
      <trkpt lat="-33.744019" lon="24.817040"><ele>89.5</ele></trkpt>
      <trkpt lat="-33.744197" lon="24.817139"><ele>89.5</ele></trkpt>
      <trkpt lat="-33.744376" lon="24.817239"><ele>89.5</ele></trkpt>
      <trkpt lat="-33.744557" lon="24.817340"><ele>89.6</ele></trkpt>
      <trkpt lat="-33.744740" lon="24.817441"><ele>89.6</ele></trkpt>
      <trkpt lat="-33.744924" lon="24.817542"><ele>89.6</ele></trkpt>
      <trkpt lat="-33.745110" lon="24.817644"><ele>89.6</ele></trkpt>
      <trkpt lat="-33.745298" lon="24.817746"><ele>89.6</ele></trkpt>
      <trkpt lat="-33.745487" lon="24.817849"><ele>89.6</ele></trkpt>
      <trkpt lat="-33.745678" lon="24.817952"><ele>89.7</ele></trkpt>
      <trkpt lat="-33.745871" lon="24.818056"><ele>89.7</ele></trkpt>
      <trkpt lat="-33.746066" lon="24.818160"><ele>89.7</ele></trkpt>
      <trkpt lat="-33.746262" lon="24.818264"><ele>89.7</ele></trkpt>
      <trkpt lat="-33.746460" lon="24.818369"><ele>89.7</ele></trkpt>
      <trkpt lat="-33.746660" lon="24.818474"><ele>89.7</ele></trkpt>
      <trkpt lat="-33.746862" lon="24.818580"><ele>89.8</ele></trkpt>
      <trkpt lat="-33.747065" lon="24.818686"><ele>89.8</ele></trkpt>
      <trkpt lat="-33.747270" lon="24.818792"><ele>89.8</ele></trkpt>
      <trkpt lat="-33.747477" lon="24.818899"><ele>89.8</ele></trkpt>
      <trkpt lat="-33.747685" lon="24.819006"><ele>89.8</ele></trkpt>
      <trkpt lat="-33.747895" lon="24.819114"><ele>89.8</ele></trkpt>
      <trkpt lat="-33.748107" lon="24.819222"><ele>89.8</ele></trkpt>
      <trkpt lat="-33.748321" lon="24.819331"><ele>89.8</ele></trkpt>
      <trkpt lat="-33.748536" lon="24.819440"><ele>89.9</ele></trkpt>
      <trkpt lat="-33.748754" lon="24.819549"><ele>89.9</ele></trkpt>
      <trkpt lat="-33.748973" lon="24.819659"><ele>89.9</ele></trkpt>
      <trkpt lat="-33.749194" lon="24.819770"><ele>89.9</ele></trkpt>
      <trkpt lat="-33.749416" lon="24.819881"><ele>89.9</ele></trkpt>
      <trkpt lat="-33.749641" lon="24.819992"><ele>89.9</ele></trkpt>
      <trkpt lat="-33.749867" lon="24.820103"><ele>89.9</ele></trkpt>
      <trkpt lat="-33.750095" lon="24.820216"><ele>89.9</ele></trkpt>
      <trkpt lat="-33.750324" lon="24.820328"><ele>89.9</ele></trkpt>
      <trkpt lat="-33.750556" lon="24.820441"><ele>89.9</ele></trkpt>
      <trkpt lat="-33.750789" lon="24.820554"><ele>90.0</ele></trkpt>
      <trkpt lat="-33.751024" lon="24.820668"><ele>90.0</ele></trkpt>
      <trkpt lat="-33.751261" lon="24.820783"><ele>90.0</ele></trkpt>
      <trkpt lat="-33.751500" lon="24.820897"><ele>90.0</ele></trkpt>
      <trkpt lat="-33.751740" lon="24.821013"><ele>90.0</ele></trkpt>
      <trkpt lat="-33.751983" lon="24.821128"><ele>90.0</ele></trkpt>
      <trkpt lat="-33.752227" lon="24.821244"><ele>90.0</ele></trkpt>
      <trkpt lat="-33.752473" lon="24.821361"><ele>90.0</ele></trkpt>
      <trkpt lat="-33.752720" lon="24.821478"><ele>90.0</ele></trkpt>
      <trkpt lat="-33.752970" lon="24.821595"><ele>90.0</ele></trkpt>
      <trkpt lat="-33.753221" lon="24.821713"><ele>90.0</ele></trkpt>
      <trkpt lat="-33.753474" lon="24.821831"><ele>90.0</ele></trkpt>
      <trkpt lat="-33.753730" lon="24.821950"><ele>90.0</ele></trkpt>
      <trkpt lat="-33.753986" lon="24.822069"><ele>90.0</ele></trkpt>
      <trkpt lat="-33.754245" lon="24.822189"><ele>90.0</ele></trkpt>
      <trkpt lat="-33.754506" lon="24.822309"><ele>90.0</ele></trkpt>
      <trkpt lat="-33.754768" lon="24.822429"><ele>90.0</ele></trkpt>
      <trkpt lat="-33.755032" lon="24.822550"><ele>90.0</ele></trkpt>
      <trkpt lat="-33.755298" lon="24.822672"><ele>90.0</ele></trkpt>
      <trkpt lat="-33.755566" lon="24.822794"><ele>90.0</ele></trkpt>
      <trkpt lat="-33.755836" lon="24.822916"><ele>90.0</ele></trkpt>
      <trkpt lat="-33.756108" lon="24.823039"><ele>90.0</ele></trkpt>
      <trkpt lat="-33.756381" lon="24.823162"><ele>90.0</ele></trkpt>
      <trkpt lat="-33.756656" lon="24.823286"><ele>90.0</ele></trkpt>
      <trkpt lat="-33.756933" lon="24.823410"><ele>90.0</ele></trkpt>
      <trkpt lat="-33.757212" lon="24.823534"><ele>89.9</ele></trkpt>
      <trkpt lat="-33.757493" lon="24.823659"><ele>89.9</ele></trkpt>
      <trkpt lat="-33.757776" lon="24.823785"><ele>89.9</ele></trkpt>
      <trkpt lat="-33.758061" lon="24.823911"><ele>89.9</ele></trkpt>
      <trkpt lat="-33.758347" lon="24.824037"><ele>89.9</ele></trkpt>
      <trkpt lat="-33.758636" lon="24.824164"><ele>89.9</ele></trkpt>
      <trkpt lat="-33.758926" lon="24.824291"><ele>89.9</ele></trkpt>
      <trkpt lat="-33.759218" lon="24.824419"><ele>89.9</ele></trkpt>
      <trkpt lat="-33.759512" lon="24.824547"><ele>89.8</ele></trkpt>
      <trkpt lat="-33.759808" lon="24.824676"><ele>89.8</ele></trkpt>
      <trkpt lat="-33.760106" lon="24.824805"><ele>89.8</ele></trkpt>
      <trkpt lat="-33.760405" lon="24.824934"><ele>89.8</ele></trkpt>
      <trkpt lat="-33.760707" lon="24.825065"><ele>89.8</ele></trkpt>
      <trkpt lat="-33.761010" lon="24.825195"><ele>89.8</ele></trkpt>
      <trkpt lat="-33.761316" lon="24.825326"><ele>89.7</ele></trkpt>
      <trkpt lat="-33.761623" lon="24.825457"><ele>89.7</ele></trkpt>
      <trkpt lat="-33.761932" lon="24.825589"><ele>89.7</ele></trkpt>
      <trkpt lat="-33.762243" lon="24.825722"><ele>89.7</ele></trkpt>
      <trkpt lat="-33.762556" lon="24.825854"><ele>89.6</ele></trkpt>
      <trkpt lat="-33.762871" lon="24.825988"><ele>89.6</ele></trkpt>
      <trkpt lat="-33.763187" lon="24.826121"><ele>89.6</ele></trkpt>
      <trkpt lat="-33.763506" lon="24.826255"><ele>89.6</ele></trkpt>
      <trkpt lat="-33.763826" lon="24.826390"><ele>89.5</ele></trkpt>
      <trkpt lat="-33.764149" lon="24.826525"><ele>89.5</ele></trkpt>
      <trkpt lat="-33.764473" lon="24.826661"><ele>89.5</ele></trkpt>
      <trkpt lat="-33.764799" lon="24.826797"><ele>89.4</ele></trkpt>
      <trkpt lat="-33.765128" lon="24.826933"><ele>89.4</ele></trkpt>
      <trkpt lat="-33.765458" lon="24.827070"><ele>89.4</ele></trkpt>
      <trkpt lat="-33.765790" lon="24.827207"><ele>89.3</ele></trkpt>
      <trkpt lat="-33.766123" lon="24.827345"><ele>89.3</ele></trkpt>
      <trkpt lat="-33.766459" lon="24.827484"><ele>89.3</ele></trkpt>
      <trkpt lat="-33.766797" lon="24.827622"><ele>89.2</ele></trkpt>
      <trkpt lat="-33.767137" lon="24.827762"><ele>89.2</ele></trkpt>
      <trkpt lat="-33.767478" lon="24.827901"><ele>89.1</ele></trkpt>
      <trkpt lat="-33.767822" lon="24.828042"><ele>89.1</ele></trkpt>
      <trkpt lat="-33.768167" lon="24.828182"><ele>89.1</ele></trkpt>
      <trkpt lat="-33.768515" lon="24.828323"><ele>89.0</ele></trkpt>
      <trkpt lat="-33.768864" lon="24.828465"><ele>89.0</ele></trkpt>
      <trkpt lat="-33.769215" lon="24.828607"><ele>88.9</ele></trkpt>
      <trkpt lat="-33.769568" lon="24.828749"><ele>88.9</ele></trkpt>
      <trkpt lat="-33.769923" lon="24.828892"><ele>88.8</ele></trkpt>
      <trkpt lat="-33.770280" lon="24.829036"><ele>88.8</ele></trkpt>
      <trkpt lat="-33.770639" lon="24.829180"><ele>88.7</ele></trkpt>
      <trkpt lat="-33.771000" lon="24.829324"><ele>88.7</ele></trkpt>
      <trkpt lat="-33.771363" lon="24.829469"><ele>88.6</ele></trkpt>
      <trkpt lat="-33.771728" lon="24.829614"><ele>88.6</ele></trkpt>
      <trkpt lat="-33.772094" lon="24.829760"><ele>88.5</ele></trkpt>
      <trkpt lat="-33.772463" lon="24.829906"><ele>88.5</ele></trkpt>
      <trkpt lat="-33.772833" lon="24.830053"><ele>88.4</ele></trkpt>
      <trkpt lat="-33.773206" lon="24.830200"><ele>88.3</ele></trkpt>
      <trkpt lat="-33.773580" lon="24.830347"><ele>88.3</ele></trkpt>
      <trkpt lat="-33.773957" lon="24.830495"><ele>88.2</ele></trkpt>
      <trkpt lat="-33.774335" lon="24.830644"><ele>88.2</ele></trkpt>
      <trkpt lat="-33.774715" lon="24.830793"><ele>88.1</ele></trkpt>
      <trkpt lat="-33.775097" lon="24.830942"><ele>88.0</ele></trkpt>
      <trkpt lat="-33.775482" lon="24.831092"><ele>88.0</ele></trkpt>
      <trkpt lat="-33.775868" lon="24.831243"><ele>87.9</ele></trkpt>
      <trkpt lat="-33.776256" lon="24.831393"><ele>87.8</ele></trkpt>
      <trkpt lat="-33.776646" lon="24.831545"><ele>87.8</ele></trkpt>
      <trkpt lat="-33.777038" lon="24.831697"><ele>87.7</ele></trkpt>
      <trkpt lat="-33.777431" lon="24.831849"><ele>87.6</ele></trkpt>
      <trkpt lat="-33.777827" lon="24.832001"><ele>87.5</ele></trkpt>
      <trkpt lat="-33.778225" lon="24.832155"><ele>87.5</ele></trkpt>
      <trkpt lat="-33.778625" lon="24.832308"><ele>87.4</ele></trkpt>
      <trkpt lat="-33.779026" lon="24.832462"><ele>87.3</ele></trkpt>
      <trkpt lat="-33.779430" lon="24.832617"><ele>87.2</ele></trkpt>
      <trkpt lat="-33.779836" lon="24.832772"><ele>87.1</ele></trkpt>
      <trkpt lat="-33.780243" lon="24.832927"><ele>87.1</ele></trkpt>
      <trkpt lat="-33.780653" lon="24.833083"><ele>87.0</ele></trkpt>
      <trkpt lat="-33.781064" lon="24.833240"><ele>86.9</ele></trkpt>
      <trkpt lat="-33.781477" lon="24.833397"><ele>86.8</ele></trkpt>
      <trkpt lat="-33.781893" lon="24.833554"><ele>86.7</ele></trkpt>
      <trkpt lat="-33.782310" lon="24.833712"><ele>86.6</ele></trkpt>
      <trkpt lat="-33.782729" lon="24.833870"><ele>86.5</ele></trkpt>
      <trkpt lat="-33.783150" lon="24.834029"><ele>86.4</ele></trkpt>
      <trkpt lat="-33.783573" lon="24.834188"><ele>86.3</ele></trkpt>
      <trkpt lat="-33.783999" lon="24.834348"><ele>86.2</ele></trkpt>
      <trkpt lat="-33.784426" lon="24.834508"><ele>86.1</ele></trkpt>
      <trkpt lat="-33.784854" lon="24.834668"><ele>86.0</ele></trkpt>
      <trkpt lat="-33.785285" lon="24.834830"><ele>85.9</ele></trkpt>
      <trkpt lat="-33.785718" lon="24.834991"><ele>85.8</ele></trkpt>
      <trkpt lat="-33.786153" lon="24.835153"><ele>85.7</ele></trkpt>
      <trkpt lat="-33.786590" lon="24.835315"><ele>85.6</ele></trkpt>
      <trkpt lat="-33.787029" lon="24.835478"><ele>85.5</ele></trkpt>
      <trkpt lat="-33.787469" lon="24.835642"><ele>85.4</ele></trkpt>
      <trkpt lat="-33.787912" lon="24.835806"><ele>85.3</ele></trkpt>
      <trkpt lat="-33.788356" lon="24.835970"><ele>85.2</ele></trkpt>
      <trkpt lat="-33.788803" lon="24.836135"><ele>85.1</ele></trkpt>
      <trkpt lat="-33.789251" lon="24.836300"><ele>85.0</ele></trkpt>
      <trkpt lat="-33.789702" lon="24.836465"><ele>84.9</ele></trkpt>
      <trkpt lat="-33.790154" lon="24.836632"><ele>84.8</ele></trkpt>
      <trkpt lat="-33.790608" lon="24.836798"><ele>84.6</ele></trkpt>
      <trkpt lat="-33.791065" lon="24.836965"><ele>84.5</ele></trkpt>
      <trkpt lat="-33.791523" lon="24.837133"><ele>84.4</ele></trkpt>
      <trkpt lat="-33.791983" lon="24.837301"><ele>84.3</ele></trkpt>
      <trkpt lat="-33.792445" lon="24.837469"><ele>84.2</ele></trkpt>
      <trkpt lat="-33.792909" lon="24.837638"><ele>84.0</ele></trkpt>
      <trkpt lat="-33.793375" lon="24.837807"><ele>83.9</ele></trkpt>
      <trkpt lat="-33.793843" lon="24.837977"><ele>83.8</ele></trkpt>
      <trkpt lat="-33.794313" lon="24.838147"><ele>83.7</ele></trkpt>
      <trkpt lat="-33.794785" lon="24.838318"><ele>83.5</ele></trkpt>
      <trkpt lat="-33.795258" lon="24.838489"><ele>83.4</ele></trkpt>
      <trkpt lat="-33.795734" lon="24.838661"><ele>83.3</ele></trkpt>
      <trkpt lat="-33.796212" lon="24.838833"><ele>83.1</ele></trkpt>
      <trkpt lat="-33.796691" lon="24.839006"><ele>83.0</ele></trkpt>
      <trkpt lat="-33.797173" lon="24.839179"><ele>82.9</ele></trkpt>
      <trkpt lat="-33.797656" lon="24.839352"><ele>82.7</ele></trkpt>
      <trkpt lat="-33.798141" lon="24.839526"><ele>82.6</ele></trkpt>
      <trkpt lat="-33.798629" lon="24.839700"><ele>82.4</ele></trkpt>
      <trkpt lat="-33.799118" lon="24.839875"><ele>82.3</ele></trkpt>
      <trkpt lat="-33.799609" lon="24.840050"><ele>82.2</ele></trkpt>
      <trkpt lat="-33.800102" lon="24.840226"><ele>82.0</ele></trkpt>
      <trkpt lat="-33.800597" lon="24.840402"><ele>81.9</ele></trkpt>
      <trkpt lat="-33.801094" lon="24.840579"><ele>81.7</ele></trkpt>
      <trkpt lat="-33.801593" lon="24.840756"><ele>81.6</ele></trkpt>
      <trkpt lat="-33.802094" lon="24.840933"><ele>81.4</ele></trkpt>
      <trkpt lat="-33.802596" lon="24.841111"><ele>81.3</ele></trkpt>
      <trkpt lat="-33.803101" lon="24.841290"><ele>81.1</ele></trkpt>
      <trkpt lat="-33.803607" lon="24.841469"><ele>81.0</ele></trkpt>
      <trkpt lat="-33.804116" lon="24.841648"><ele>80.8</ele></trkpt>
      <trkpt lat="-33.804626" lon="24.841828"><ele>80.7</ele></trkpt>
      <trkpt lat="-33.805139" lon="24.842008"><ele>80.5</ele></trkpt>
      <trkpt lat="-33.805653" lon="24.842189"><ele>80.4</ele></trkpt>
      <trkpt lat="-33.806169" lon="24.842370"><ele>80.2</ele></trkpt>
      <trkpt lat="-33.806687" lon="24.842551"><ele>80.0</ele></trkpt>
      <trkpt lat="-33.807207" lon="24.842733"><ele>79.9</ele></trkpt>
      <trkpt lat="-33.807729" lon="24.842916"><ele>79.7</ele></trkpt>
      <trkpt lat="-33.808252" lon="24.843099"><ele>79.6</ele></trkpt>
      <trkpt lat="-33.808778" lon="24.843282"><ele>79.4</ele></trkpt>
      <trkpt lat="-33.809305" lon="24.843466"><ele>79.2</ele></trkpt>
      <trkpt lat="-33.809835" lon="24.843650"><ele>79.1</ele></trkpt>
      <trkpt lat="-33.810366" lon="24.843835"><ele>78.9</ele></trkpt>
      <trkpt lat="-33.810899" lon="24.844020"><ele>78.7</ele></trkpt>
      <trkpt lat="-33.811435" lon="24.844206"><ele>78.6</ele></trkpt>
      <trkpt lat="-33.811972" lon="24.844392"><ele>78.4</ele></trkpt>
      <trkpt lat="-33.812511" lon="24.844578"><ele>78.2</ele></trkpt>
      <trkpt lat="-33.813051" lon="24.844765"><ele>78.0</ele></trkpt>
      <trkpt lat="-33.813594" lon="24.844952"><ele>77.9</ele></trkpt>
      <trkpt lat="-33.814139" lon="24.845140"><ele>77.7</ele></trkpt>
      <trkpt lat="-33.814685" lon="24.845328"><ele>77.5</ele></trkpt>
      <trkpt lat="-33.815233" lon="24.845517"><ele>77.3</ele></trkpt>
      <trkpt lat="-33.815784" lon="24.845706"><ele>77.2</ele></trkpt>
      <trkpt lat="-33.816336" lon="24.845895"><ele>77.0</ele></trkpt>
      <trkpt lat="-33.816890" lon="24.846085"><ele>76.8</ele></trkpt>
      <trkpt lat="-33.817445" lon="24.846276"><ele>76.6</ele></trkpt>
      <trkpt lat="-33.818003" lon="24.846467"><ele>76.4</ele></trkpt>
      <trkpt lat="-33.818563" lon="24.846658"><ele>76.3</ele></trkpt>
      <trkpt lat="-33.819124" lon="24.846849"><ele>76.1</ele></trkpt>
      <trkpt lat="-33.819687" lon="24.847042"><ele>75.9</ele></trkpt>
      <trkpt lat="-33.820252" lon="24.847234"><ele>75.7</ele></trkpt>
      <trkpt lat="-33.820819" lon="24.847427"><ele>75.5</ele></trkpt>
      <trkpt lat="-33.821388" lon="24.847620"><ele>75.3</ele></trkpt>
      <trkpt lat="-33.821959" lon="24.847814"><ele>75.2</ele></trkpt>
      <trkpt lat="-33.822532" lon="24.848009"><ele>75.0</ele></trkpt>
      <trkpt lat="-33.823106" lon="24.848203"><ele>74.8</ele></trkpt>
      <trkpt lat="-33.823682" lon="24.848398"><ele>74.6</ele></trkpt>
      <trkpt lat="-33.824260" lon="24.848594"><ele>74.4</ele></trkpt>
      <trkpt lat="-33.824840" lon="24.848790"><ele>74.2</ele></trkpt>
      <trkpt lat="-33.825422" lon="24.848986"><ele>74.0</ele></trkpt>
      <trkpt lat="-33.826005" lon="24.849183"><ele>73.8</ele></trkpt>
      <trkpt lat="-33.826591" lon="24.849380"><ele>73.7</ele></trkpt>
      <trkpt lat="-33.827178" lon="24.849578"><ele>73.5</ele></trkpt>
      <trkpt lat="-33.827767" lon="24.849776"><ele>73.3</ele></trkpt>
      <trkpt lat="-33.828358" lon="24.849975"><ele>73.1</ele></trkpt>
      <trkpt lat="-33.828951" lon="24.850174"><ele>72.9</ele></trkpt>
      <trkpt lat="-33.829545" lon="24.850373"><ele>72.7</ele></trkpt>
      <trkpt lat="-33.830142" lon="24.850573"><ele>72.5</ele></trkpt>
      <trkpt lat="-33.830740" lon="24.850773"><ele>72.3</ele></trkpt>
      <trkpt lat="-33.831340" lon="24.850973"><ele>72.1</ele></trkpt>
      <trkpt lat="-33.831941" lon="24.851174"><ele>71.9</ele></trkpt>
      <trkpt lat="-33.832545" lon="24.851376"><ele>71.7</ele></trkpt>
      <trkpt lat="-33.833150" lon="24.851578"><ele>71.6</ele></trkpt>
      <trkpt lat="-33.833757" lon="24.851780"><ele>71.4</ele></trkpt>
      <trkpt lat="-33.834366" lon="24.851983"><ele>71.2</ele></trkpt>
      <trkpt lat="-33.834977" lon="24.852186"><ele>71.0</ele></trkpt>
      <trkpt lat="-33.835590" lon="24.852389"><ele>70.8</ele></trkpt>
      <trkpt lat="-33.836204" lon="24.852593"><ele>70.6</ele></trkpt>
      <trkpt lat="-33.836820" lon="24.852797"><ele>70.4</ele></trkpt>
      <trkpt lat="-33.837438" lon="24.853002"><ele>70.2</ele></trkpt>
      <trkpt lat="-33.838057" lon="24.853207"><ele>70.0</ele></trkpt>
      <trkpt lat="-33.838679" lon="24.853413"><ele>69.8</ele></trkpt>
      <trkpt lat="-33.839302" lon="24.853619"><ele>69.6</ele></trkpt>
      <trkpt lat="-33.839927" lon="24.853825"><ele>69.5</ele></trkpt>
      <trkpt lat="-33.840553" lon="24.854032"><ele>69.3</ele></trkpt>
      <trkpt lat="-33.841182" lon="24.854239"><ele>69.1</ele></trkpt>
      <trkpt lat="-33.841812" lon="24.854447"><ele>68.9</ele></trkpt>
      <trkpt lat="-33.842444" lon="24.854654"><ele>68.7</ele></trkpt>
      <trkpt lat="-33.843077" lon="24.854863"><ele>68.5</ele></trkpt>
      <trkpt lat="-33.843713" lon="24.855072"><ele>68.3</ele></trkpt>
      <trkpt lat="-33.844350" lon="24.855281"><ele>68.1</ele></trkpt>
      <trkpt lat="-33.844988" lon="24.855490"><ele>67.9</ele></trkpt>
      <trkpt lat="-33.845629" lon="24.855700"><ele>67.8</ele></trkpt>
      <trkpt lat="-33.846271" lon="24.855911"><ele>67.6</ele></trkpt>
      <trkpt lat="-33.846915" lon="24.856121"><ele>67.4</ele></trkpt>
      <trkpt lat="-33.847561" lon="24.856332"><ele>67.2</ele></trkpt>
      <trkpt lat="-33.848208" lon="24.856544"><ele>67.0</ele></trkpt>
      <trkpt lat="-33.848857" lon="24.856756"><ele>66.8</ele></trkpt>
      <trkpt lat="-33.849508" lon="24.856968"><ele>66.7</ele></trkpt>
      <trkpt lat="-33.850161" lon="24.857181"><ele>66.5</ele></trkpt>
      <trkpt lat="-33.850815" lon="24.857394"><ele>66.3</ele></trkpt>
      <trkpt lat="-33.851471" lon="24.857607"><ele>66.1</ele></trkpt>
      <trkpt lat="-33.852128" lon="24.857821"><ele>66.0</ele></trkpt>
      <trkpt lat="-33.852788" lon="24.858035"><ele>65.8</ele></trkpt>
      <trkpt lat="-33.853449" lon="24.858250"><ele>65.6</ele></trkpt>
      <trkpt lat="-33.854111" lon="24.858465"><ele>65.4</ele></trkpt>
      <trkpt lat="-33.854776" lon="24.858680"><ele>65.3</ele></trkpt>
      <trkpt lat="-33.855441" lon="24.858896"><ele>65.1</ele></trkpt>
      <trkpt lat="-33.856109" lon="24.859112"><ele>64.9</ele></trkpt>
      <trkpt lat="-33.856778" lon="24.859329"><ele>64.8</ele></trkpt>
      <trkpt lat="-33.857449" lon="24.859546"><ele>64.6</ele></trkpt>
      <trkpt lat="-33.858122" lon="24.859763"><ele>64.5</ele></trkpt>
      <trkpt lat="-33.858796" lon="24.859981"><ele>64.3</ele></trkpt>
      <trkpt lat="-33.859472" lon="24.860199"><ele>64.1</ele></trkpt>
      <trkpt lat="-33.860149" lon="24.860417"><ele>64.0</ele></trkpt>
      <trkpt lat="-33.860828" lon="24.860636"><ele>63.8</ele></trkpt>
      <trkpt lat="-33.861509" lon="24.860855"><ele>63.7</ele></trkpt>
      <trkpt lat="-33.862192" lon="24.861074"><ele>63.5</ele></trkpt>
      <trkpt lat="-33.862875" lon="24.861294"><ele>63.4</ele></trkpt>
      <trkpt lat="-33.863561" lon="24.861515"><ele>63.2</ele></trkpt>
      <trkpt lat="-33.864248" lon="24.861735"><ele>63.1</ele></trkpt>
      <trkpt lat="-33.864937" lon="24.861956"><ele>62.9</ele></trkpt>
      <trkpt lat="-33.865627" lon="24.862177"><ele>62.8</ele></trkpt>
      <trkpt lat="-33.866319" lon="24.862399"><ele>62.7</ele></trkpt>
      <trkpt lat="-33.867013" lon="24.862621"><ele>62.5</ele></trkpt>
      <trkpt lat="-33.867708" lon="24.862844"><ele>62.4</ele></trkpt>
      <trkpt lat="-33.868405" lon="24.863066"><ele>62.3</ele></trkpt>
      <trkpt lat="-33.869103" lon="24.863290"><ele>62.2</ele></trkpt>
      <trkpt lat="-33.869803" lon="24.863513"><ele>62.0</ele></trkpt>
      <trkpt lat="-33.870504" lon="24.863737"><ele>61.9</ele></trkpt>
      <trkpt lat="-33.871207" lon="24.863961"><ele>61.8</ele></trkpt>
      <trkpt lat="-33.871912" lon="24.864186"><ele>61.7</ele></trkpt>
      <trkpt lat="-33.872618" lon="24.864410"><ele>61.6</ele></trkpt>
      <trkpt lat="-33.873326" lon="24.864636"><ele>61.5</ele></trkpt>
      <trkpt lat="-33.874035" lon="24.864861"><ele>61.4</ele></trkpt>
      <trkpt lat="-33.874746" lon="24.865087"><ele>61.3</ele></trkpt>
      <trkpt lat="-33.875458" lon="24.865314"><ele>61.2</ele></trkpt>
      <trkpt lat="-33.876172" lon="24.865540"><ele>61.1</ele></trkpt>
      <trkpt lat="-33.876887" lon="24.865767"><ele>61.0</ele></trkpt>
      <trkpt lat="-33.877604" lon="24.865995"><ele>60.9</ele></trkpt>
      <trkpt lat="-33.878322" lon="24.866222"><ele>60.8</ele></trkpt>
      <trkpt lat="-33.879042" lon="24.866450"><ele>60.7</ele></trkpt>
      <trkpt lat="-33.879763" lon="24.866679"><ele>60.6</ele></trkpt>
      <trkpt lat="-33.880486" lon="24.866907"><ele>60.6</ele></trkpt>
      <trkpt lat="-33.881210" lon="24.867136"><ele>60.5</ele></trkpt>
      <trkpt lat="-33.881936" lon="24.867366"><ele>60.4</ele></trkpt>
      <trkpt lat="-33.882663" lon="24.867595"><ele>60.4</ele></trkpt>
      <trkpt lat="-33.883392" lon="24.867825"><ele>60.3</ele></trkpt>
      <trkpt lat="-33.884122" lon="24.868056"><ele>60.3</ele></trkpt>
      <trkpt lat="-33.884854" lon="24.868286"><ele>60.2</ele></trkpt>
      <trkpt lat="-33.885587" lon="24.868517"><ele>60.2</ele></trkpt>
      <trkpt lat="-33.886321" lon="24.868749"><ele>60.1</ele></trkpt>
      <trkpt lat="-33.887057" lon="24.868980"><ele>60.1</ele></trkpt>
      <trkpt lat="-33.887794" lon="24.869212"><ele>60.1</ele></trkpt>
      <trkpt lat="-33.888533" lon="24.869445"><ele>60.1</ele></trkpt>
      <trkpt lat="-33.889274" lon="24.869677"><ele>60.0</ele></trkpt>
      <trkpt lat="-33.890015" lon="24.869910"><ele>60.0</ele></trkpt>
      <trkpt lat="-33.890758" lon="24.870144"><ele>60.0</ele></trkpt>
      <trkpt lat="-33.891503" lon="24.870377"><ele>60.0</ele></trkpt>
      <trkpt lat="-33.892249" lon="24.870611"><ele>60.0</ele></trkpt>
      <trkpt lat="-33.892996" lon="24.870845"><ele>60.0</ele></trkpt>
      <trkpt lat="-33.893745" lon="24.871080"><ele>60.0</ele></trkpt>
      <trkpt lat="-33.894495" lon="24.871315"><ele>60.0</ele></trkpt>
      <trkpt lat="-33.895246" lon="24.871550"><ele>59.9</ele></trkpt>
      <trkpt lat="-33.895999" lon="24.871785"><ele>59.9</ele></trkpt>
      <trkpt lat="-33.896753" lon="24.872021"><ele>59.9</ele></trkpt>
      <trkpt lat="-33.897509" lon="24.872257"><ele>59.9</ele></trkpt>
      <trkpt lat="-33.898266" lon="24.872494"><ele>59.8</ele></trkpt>
      <trkpt lat="-33.899024" lon="24.872730"><ele>59.8</ele></trkpt>
      <trkpt lat="-33.899784" lon="24.872967"><ele>59.7</ele></trkpt>
      <trkpt lat="-33.900545" lon="24.873205"><ele>59.7</ele></trkpt>
      <trkpt lat="-33.901307" lon="24.873442"><ele>59.6</ele></trkpt>
      <trkpt lat="-33.902070" lon="24.873680"><ele>59.5</ele></trkpt>
      <trkpt lat="-33.902835" lon="24.873919"><ele>59.4</ele></trkpt>
      <trkpt lat="-33.903602" lon="24.874157"><ele>59.4</ele></trkpt>
      <trkpt lat="-33.904369" lon="24.874396"><ele>59.3</ele></trkpt>
      <trkpt lat="-33.905138" lon="24.874635"><ele>59.2</ele></trkpt>
      <trkpt lat="-33.905908" lon="24.874874"><ele>59.1</ele></trkpt>
      <trkpt lat="-33.906680" lon="24.875114"><ele>59.0</ele></trkpt>
      <trkpt lat="-33.907452" lon="24.875354"><ele>58.9</ele></trkpt>
      <trkpt lat="-33.908226" lon="24.875594"><ele>58.8</ele></trkpt>
      <trkpt lat="-33.909001" lon="24.875835"><ele>58.7</ele></trkpt>
      <trkpt lat="-33.909778" lon="24.876076"><ele>58.6</ele></trkpt>
      <trkpt lat="-33.910556" lon="24.876317"><ele>58.4</ele></trkpt>
      <trkpt lat="-33.911335" lon="24.876558"><ele>58.3</ele></trkpt>
      <trkpt lat="-33.912115" lon="24.876800"><ele>58.2</ele></trkpt>
      <trkpt lat="-33.912897" lon="24.877042"><ele>58.0</ele></trkpt>
      <trkpt lat="-33.913679" lon="24.877284"><ele>57.9</ele></trkpt>
      <trkpt lat="-33.914463" lon="24.877526"><ele>57.8</ele></trkpt>
      <trkpt lat="-33.915248" lon="24.877769"><ele>57.6</ele></trkpt>
      <trkpt lat="-33.916035" lon="24.878012"><ele>57.5</ele></trkpt>
      <trkpt lat="-33.916822" lon="24.878255"><ele>57.3</ele></trkpt>
      <trkpt lat="-33.917611" lon="24.878499"><ele>57.1</ele></trkpt>
      <trkpt lat="-33.918401" lon="24.878743"><ele>57.0</ele></trkpt>
      <trkpt lat="-33.919192" lon="24.878987"><ele>56.8</ele></trkpt>
      <trkpt lat="-33.919985" lon="24.879231"><ele>56.6</ele></trkpt>
      <trkpt lat="-33.920778" lon="24.879476"><ele>56.4</ele></trkpt>
      <trkpt lat="-33.921573" lon="24.879721"><ele>56.2</ele></trkpt>
      <trkpt lat="-33.922369" lon="24.879966"><ele>56.1</ele></trkpt>
      <trkpt lat="-33.923166" lon="24.880211"><ele>55.9</ele></trkpt>
      <trkpt lat="-33.923964" lon="24.880457"><ele>55.7</ele></trkpt>
      <trkpt lat="-33.924763" lon="24.880703"><ele>55.5</ele></trkpt>
      <trkpt lat="-33.925564" lon="24.880949"><ele>55.3</ele></trkpt>
      <trkpt lat="-33.926365" lon="24.881196"><ele>55.1</ele></trkpt>
      <trkpt lat="-33.927168" lon="24.881442"><ele>54.8</ele></trkpt>
      <trkpt lat="-33.927972" lon="24.881689"><ele>54.6</ele></trkpt>
      <trkpt lat="-33.928777" lon="24.881936"><ele>54.4</ele></trkpt>
      <trkpt lat="-33.929583" lon="24.882184"><ele>54.2</ele></trkpt>
      <trkpt lat="-33.930390" lon="24.882432"><ele>54.0</ele></trkpt>
      <trkpt lat="-33.931198" lon="24.882679"><ele>53.7</ele></trkpt>
      <trkpt lat="-33.932007" lon="24.882928"><ele>53.5</ele></trkpt>
      <trkpt lat="-33.932818" lon="24.883176"><ele>53.3</ele></trkpt>
      <trkpt lat="-33.933629" lon="24.883425"><ele>53.0</ele></trkpt>
      <trkpt lat="-33.934441" lon="24.883674"><ele>52.8</ele></trkpt>
      <trkpt lat="-33.935255" lon="24.883923"><ele>52.5</ele></trkpt>
      <trkpt lat="-33.936070" lon="24.884172"><ele>52.3</ele></trkpt>
      <trkpt lat="-33.936885" lon="24.884422"><ele>52.0</ele></trkpt>
      <trkpt lat="-33.937702" lon="24.884671"><ele>51.8</ele></trkpt>
      <trkpt lat="-33.938519" lon="24.884921"><ele>51.5</ele></trkpt>
      <trkpt lat="-33.939338" lon="24.885172"><ele>51.2</ele></trkpt>
      <trkpt lat="-33.940158" lon="24.885422"><ele>51.0</ele></trkpt>
      <trkpt lat="-33.940978" lon="24.885673"><ele>50.7</ele></trkpt>
      <trkpt lat="-33.941800" lon="24.885924"><ele>50.4</ele></trkpt>
      <trkpt lat="-33.942623" lon="24.886175"><ele>50.2</ele></trkpt>
      <trkpt lat="-33.943446" lon="24.886426"><ele>49.9</ele></trkpt>
      <trkpt lat="-33.944271" lon="24.886678"><ele>49.6</ele></trkpt>
      <trkpt lat="-33.945096" lon="24.886930"><ele>49.3</ele></trkpt>
      <trkpt lat="-33.945923" lon="24.887182"><ele>49.0</ele></trkpt>
      <trkpt lat="-33.946750" lon="24.887434"><ele>48.8</ele></trkpt>
      <trkpt lat="-33.947579" lon="24.887686"><ele>48.5</ele></trkpt>
      <trkpt lat="-33.948408" lon="24.887939"><ele>48.2</ele></trkpt>
      <trkpt lat="-33.949238" lon="24.888192"><ele>47.9</ele></trkpt>
      <trkpt lat="-33.950069" lon="24.888445"><ele>47.6</ele></trkpt>
      <trkpt lat="-33.950901" lon="24.888698"><ele>47.3</ele></trkpt>
      <trkpt lat="-33.951734" lon="24.888952"><ele>47.0</ele></trkpt>
      <trkpt lat="-33.952568" lon="24.889205"><ele>46.7</ele></trkpt>
      <trkpt lat="-33.953403" lon="24.889459"><ele>46.4</ele></trkpt>
      <trkpt lat="-33.954239" lon="24.889713"><ele>46.1</ele></trkpt>
      <trkpt lat="-33.955075" lon="24.889967"><ele>45.8</ele></trkpt>
      <trkpt lat="-33.955913" lon="24.890222"><ele>45.5</ele></trkpt>
      <trkpt lat="-33.956751" lon="24.890477"><ele>45.1</ele></trkpt>
      <trkpt lat="-33.957590" lon="24.890731"><ele>44.8</ele></trkpt>
      <trkpt lat="-33.958430" lon="24.890986"><ele>44.5</ele></trkpt>
      <trkpt lat="-33.959271" lon="24.891242"><ele>44.2</ele></trkpt>
      <trkpt lat="-33.960113" lon="24.891497"><ele>43.9</ele></trkpt>
      <trkpt lat="-33.960955" lon="24.891753"><ele>43.6</ele></trkpt>
      <trkpt lat="-33.961798" lon="24.892008"><ele>43.3</ele></trkpt>
      <trkpt lat="-33.962643" lon="24.892264"><ele>42.9</ele></trkpt>
      <trkpt lat="-33.963487" lon="24.892520"><ele>42.6</ele></trkpt>
      <trkpt lat="-33.964333" lon="24.892777"><ele>42.3</ele></trkpt>
      <trkpt lat="-33.965180" lon="24.893033"><ele>42.0</ele></trkpt>
      <trkpt lat="-33.966027" lon="24.893290"><ele>41.7</ele></trkpt>
      <trkpt lat="-33.966875" lon="24.893547"><ele>41.3</ele></trkpt>
      <trkpt lat="-33.967724" lon="24.893804"><ele>41.0</ele></trkpt>
      <trkpt lat="-33.968573" lon="24.894061"><ele>40.7</ele></trkpt>
      <trkpt lat="-33.969424" lon="24.894318"><ele>40.4</ele></trkpt>
      <trkpt lat="-33.970275" lon="24.894576"><ele>40.0</ele></trkpt>
      <trkpt lat="-33.971126" lon="24.894833"><ele>39.7</ele></trkpt>
      <trkpt lat="-33.971979" lon="24.895091"><ele>39.4</ele></trkpt>
      <trkpt lat="-33.972832" lon="24.895349"><ele>39.1</ele></trkpt>
      <trkpt lat="-33.973686" lon="24.895607"><ele>38.7</ele></trkpt>
      <trkpt lat="-33.974541" lon="24.895865"><ele>38.4</ele></trkpt>
      <trkpt lat="-33.975396" lon="24.896124"><ele>38.1</ele></trkpt>
      <trkpt lat="-33.976252" lon="24.896382"><ele>37.8</ele></trkpt>
      <trkpt lat="-33.977109" lon="24.896641"><ele>37.4</ele></trkpt>
      <trkpt lat="-33.977966" lon="24.896900"><ele>37.1</ele></trkpt>
      <trkpt lat="-33.978824" lon="24.897159"><ele>36.8</ele></trkpt>
      <trkpt lat="-33.979683" lon="24.897418"><ele>36.5</ele></trkpt>
      <trkpt lat="-33.980542" lon="24.897678"><ele>36.1</ele></trkpt>
      <trkpt lat="-33.981402" lon="24.897937"><ele>35.8</ele></trkpt>
      <trkpt lat="-33.982263" lon="24.898197"><ele>35.5</ele></trkpt>
      <trkpt lat="-33.983124" lon="24.898456"><ele>35.2</ele></trkpt>
      <trkpt lat="-33.983986" lon="24.898716"><ele>34.8</ele></trkpt>
      <trkpt lat="-33.984848" lon="24.898976"><ele>34.5</ele></trkpt>
      <trkpt lat="-33.985711" lon="24.899236"><ele>34.2</ele></trkpt>
      <trkpt lat="-33.986575" lon="24.899497"><ele>33.9</ele></trkpt>
      <trkpt lat="-33.987439" lon="24.899757"><ele>33.6</ele></trkpt>
      <trkpt lat="-33.988304" lon="24.900018"><ele>33.3</ele></trkpt>
      <trkpt lat="-33.989169" lon="24.900278"><ele>33.0</ele></trkpt>
      <trkpt lat="-33.990035" lon="24.900539"><ele>32.6</ele></trkpt>
      <trkpt lat="-33.990902" lon="24.900800"><ele>32.3</ele></trkpt>
      <trkpt lat="-33.991769" lon="24.901061"><ele>32.0</ele></trkpt>
      <trkpt lat="-33.992636" lon="24.901322"><ele>31.7</ele></trkpt>
      <trkpt lat="-33.993504" lon="24.901583"><ele>31.4</ele></trkpt>
      <trkpt lat="-33.994373" lon="24.901845"><ele>31.1</ele></trkpt>
      <trkpt lat="-33.995242" lon="24.902106"><ele>30.8</ele></trkpt>
      <trkpt lat="-33.996111" lon="24.902368"><ele>30.5</ele></trkpt>
      <trkpt lat="-33.996982" lon="24.902630"><ele>30.2</ele></trkpt>
      <trkpt lat="-33.997852" lon="24.902891"><ele>29.9</ele></trkpt>
      <trkpt lat="-33.998723" lon="24.903153"><ele>29.6</ele></trkpt>
      <trkpt lat="-33.999595" lon="24.903415"><ele>29.3</ele></trkpt>
      <trkpt lat="-34.000467" lon="24.903678"><ele>29.1</ele></trkpt>
      <trkpt lat="-34.001339" lon="24.903940"><ele>28.8</ele></trkpt>
      <trkpt lat="-34.002212" lon="24.904202"><ele>28.5</ele></trkpt>
      <trkpt lat="-34.003086" lon="24.904465"><ele>28.2</ele></trkpt>
      <trkpt lat="-34.003959" lon="24.904727"><ele>27.9</ele></trkpt>
      <trkpt lat="-34.004833" lon="24.904990"><ele>27.7</ele></trkpt>
      <trkpt lat="-34.005708" lon="24.905252"><ele>27.4</ele></trkpt>
      <trkpt lat="-34.006583" lon="24.905515"><ele>27.1</ele></trkpt>
      <trkpt lat="-34.007459" lon="24.905778"><ele>26.9</ele></trkpt>
      <trkpt lat="-34.008334" lon="24.906041"><ele>26.6</ele></trkpt>
      <trkpt lat="-34.009211" lon="24.906304"><ele>26.4</ele></trkpt>
      <trkpt lat="-34.010087" lon="24.906567"><ele>26.1</ele></trkpt>
      <trkpt lat="-34.010964" lon="24.906831"><ele>25.9</ele></trkpt>
      <trkpt lat="-34.011841" lon="24.907094"><ele>25.6</ele></trkpt>
      <trkpt lat="-34.012719" lon="24.907357"><ele>25.4</ele></trkpt>
      <trkpt lat="-34.013597" lon="24.907621"><ele>25.2</ele></trkpt>
      <trkpt lat="-34.014475" lon="24.907884"><ele>24.9</ele></trkpt>
      <trkpt lat="-34.015354" lon="24.908148"><ele>24.7</ele></trkpt>
      <trkpt lat="-34.016233" lon="24.908412"><ele>24.5</ele></trkpt>
      <trkpt lat="-34.017112" lon="24.908675"><ele>24.3</ele></trkpt>
      <trkpt lat="-34.017992" lon="24.908939"><ele>24.0</ele></trkpt>
      <trkpt lat="-34.018871" lon="24.909203"><ele>23.8</ele></trkpt>
      <trkpt lat="-34.019752" lon="24.909467"><ele>23.6</ele></trkpt>
      <trkpt lat="-34.020632" lon="24.909731"><ele>23.4</ele></trkpt>
      <trkpt lat="-34.021513" lon="24.909995"><ele>23.2</ele></trkpt>
      <trkpt lat="-34.022394" lon="24.910259"><ele>23.0</ele></trkpt>
      <trkpt lat="-34.023275" lon="24.910523"><ele>22.8</ele></trkpt>
      <trkpt lat="-34.024156" lon="24.910787"><ele>22.7</ele></trkpt>
      <trkpt lat="-34.025038" lon="24.911052"><ele>22.5</ele></trkpt>
      <trkpt lat="-34.025920" lon="24.911316"><ele>22.3</ele></trkpt>
      <trkpt lat="-34.026802" lon="24.911580"><ele>22.2</ele></trkpt>
      <trkpt lat="-34.027684" lon="24.911845"><ele>22.0</ele></trkpt>
      <trkpt lat="-34.028566" lon="24.912109"><ele>21.8</ele></trkpt>
      <trkpt lat="-34.029449" lon="24.912374"><ele>21.7</ele></trkpt>
      <trkpt lat="-34.030332" lon="24.912638"><ele>21.5</ele></trkpt>
      <trkpt lat="-34.031215" lon="24.912903"><ele>21.4</ele></trkpt>
      <trkpt lat="-34.032098" lon="24.913168"><ele>21.3</ele></trkpt>
      <trkpt lat="-34.032982" lon="24.913432"><ele>21.1</ele></trkpt>
      <trkpt lat="-34.033865" lon="24.913697"><ele>21.0</ele></trkpt>
      <trkpt lat="-34.034749" lon="24.913962"><ele>20.9</ele></trkpt>
      <trkpt lat="-34.035633" lon="24.914226"><ele>20.8</ele></trkpt>
      <trkpt lat="-34.036517" lon="24.914491"><ele>20.7</ele></trkpt>
      <trkpt lat="-34.037401" lon="24.914756"><ele>20.6</ele></trkpt>
      <trkpt lat="-34.038285" lon="24.915021"><ele>20.5</ele></trkpt>
      <trkpt lat="-34.039169" lon="24.915286"><ele>20.4</ele></trkpt>
      <trkpt lat="-34.040053" lon="24.915551"><ele>20.4</ele></trkpt>
      <trkpt lat="-34.040938" lon="24.915815"><ele>20.3</ele></trkpt>
      <trkpt lat="-34.041822" lon="24.916080"><ele>20.2</ele></trkpt>
      <trkpt lat="-34.042707" lon="24.916345"><ele>20.2</ele></trkpt>
      <trkpt lat="-34.043591" lon="24.916610"><ele>20.1</ele></trkpt>
      <trkpt lat="-34.044476" lon="24.916875"><ele>20.1</ele></trkpt>
      <trkpt lat="-34.045361" lon="24.917140"><ele>20.1</ele></trkpt>
      <trkpt lat="-34.046246" lon="24.917405"><ele>20.0</ele></trkpt>
      <trkpt lat="-34.047130" lon="24.917670"><ele>20.0</ele></trkpt>
      <trkpt lat="-34.048015" lon="24.917935"><ele>20.0</ele></trkpt>
      <trkpt lat="-34.048900" lon="24.918200"><ele>20.0</ele></trkpt>
    </trkseg>
  </trk>
</gpx>
