<?xml version="1.0" encoding="UTF-8"?>
<gpx creator="https://gpx.studio" version="1.1" xmlns="http://www.topografix.com/GPX/1/1" xmlns:xsi="http://www.w3.org/2001/XMLSchema-instance" xsi:schemaLocation="http://www.topografix.com/GPX/1/1 http://www.topografix.com/GPX/1/1/gpx.xsd http://www.garmin.com/xmlschemas/GpxExtensions/v3 http://www.garmin.com/xmlschemas/GpxExtensionsv3.xsd http://www.garmin.com/xmlschemas/TrackPointExtension/v1 http://www.garmin.com/xmlschemas/TrackPointExtensionv1.xsd http://www.garmin.com/xmlschemas/PowerExtension/v1 http://www.garmin.com/xmlschemas/PowerExtensionv1.xsd http://www.topografix.com/GPX/gpx_style/0/2 http://www.topografix.com/GPX/gpx_style/0/2/gpx_style.xsd" xmlns:gpxtpx="http://www.garmin.com/xmlschemas/TrackPointExtension/v1" xmlns:gpxx="http://www.garmin.com/xmlschemas/GpxExtensions/v3" xmlns:gpxpx="http://www.garmin.com/xmlschemas/PowerExtension/v1" xmlns:gpx_style="http://www.topografix.com/GPX/gpx_style/0/2">
  <metadata>
    <name>Trans Baviaans 2026</name>
    <author>
      <name>gpx.studio</name>
      <link href="https://gpx.studio"/>
    </author>
  </metadata>
  <wpt lat="0" lon="0">
    <ele>0</ele>
    <name>Rietfontein Farm Stay</name>
  </wpt>
  <wpt lat="0" lon="0">
    <ele>0</ele>
    <name>CP2 - Rietfontein Farm Stay</name>
    <sym>Drinking Water</sym>
  </wpt>
  <wpt lat="-33.50386445136385" lon="24.313661456108093">
    <ele>528.62890625</ele>
    <name>CP2 - Rietfontein Farm Stay</name>
    <sym>Drinking Water</sym>
  </wpt>
  <wpt lat="0" lon="0">
    <ele>0</ele>
    <name>CP3 - Hadleigh Guest Farm</name>
  </wpt>
  <wpt lat="0" lon="0">
    <ele>0</ele>
  </wpt>
  <wpt lat="0" lon="0">
    <ele>0</ele>
    <name>CP3 - Hadleigh Guest Farm</name>
  </wpt>
  <wpt lat="-33.58088844308918" lon="24.59085702896118">
    <ele>554.03125</ele>
    <name>CP3 - Hadleigh Guest Farm</name>
    <sym>Drinking Water</sym>
  </wpt>
  <wpt lat="0" lon="0">
    <ele>0</ele>
    <name>CP4 - Toring</name>
  </wpt>
  <wpt lat="-33.647759" lon="24.80026">
    <ele>833.2153335699264</ele>
    <name>CP4 - Toring</name>
    <sym>Drinking Water</sym>
  </wpt>
  <wpt lat="-33.743469" lon="24.753077">
    <ele>56.00071781295863</ele>
    <name>CP5 - Mimosa</name>
    <sym>Drinking Water</sym>
  </wpt>
  <wpt lat="-33.902158" lon="24.830325">
    <ele>219.49471885117234</ele>
    <name>CP7 - Zuurbron</name>
    <sym>Drinking Water</sym>
  </wpt>
  <wpt lat="-33.455886" lon="23.875903">
    <ele>908.6831471482192</ele>
    <name>CP 1 - Syphonia</name>
    <sym>Drinking Water</sym>
  </wpt>
  <wpt lat="0" lon="0">
    <ele>0</ele>
    <name>CP7 - Zuurbron</name>
  </wpt>
  <wpt lat="0" lon="0">
    <ele>0</ele>
    <name>CP7 - Zuurbron</name>
  </wpt>
  <trk>
    <name>Trans Baviaans 2026</name>
    <extensions>
      <gpx_style:line>
        <gpx_style:color>fbff00</gpx_style:color>
      </gpx_style:line>
    </extensions>
    <trkseg>
      <trkpt lat="-33.294039" lon="23.487426">
        <ele>827.44</ele>
      </trkpt>
      <trkpt lat="-33.294205" lon="23.487262">
        <ele>827.66</ele>
      </trkpt>
      <trkpt lat="-33.294503" lon="23.486994">
        <ele>827.32</ele>
      </trkpt>
      <trkpt lat="-33.295415" lon="23.486133">
        <ele>827.57</ele>
      </trkpt>
      <trkpt lat="-33.295633" lon="23.485926">
        <ele>827.31</ele>
      </trkpt>
      <trkpt lat="-33.295776" lon="23.485764">
        <ele>827</ele>
      </trkpt>
      <trkpt lat="-33.295928" lon="23.485586">
        <ele>827.65</ele>
      </trkpt>
      <trkpt lat="-33.29613" lon="23.485373">
        <ele>828</ele>
      </trkpt>
      <trkpt lat="-33.296429" lon="23.48504">
        <ele>827.14</ele>
      </trkpt>
      <trkpt lat="-33.296813" lon="23.484615">
        <ele>829.48</ele>
      </trkpt>
      <trkpt lat="-33.298646" lon="23.482612">
        <ele>833</ele>
      </trkpt>
      <trkpt lat="-33.29915" lon="23.48205">
        <ele>835</ele>
      </trkpt>
      <trkpt lat="-33.301819" lon="23.479107">
        <ele>841.04</ele>
      </trkpt>
      <trkpt lat="-33.302005" lon="23.478824">
        <ele>841.86</ele>
      </trkpt>
      <trkpt lat="-33.302223" lon="23.478392">
        <ele>841.26</ele>
      </trkpt>
      <trkpt lat="-33.302346" lon="23.477981">
        <ele>842</ele>
      </trkpt>
      <trkpt lat="-33.302411" lon="23.47763">
        <ele>842.01</ele>
      </trkpt>
      <trkpt lat="-33.302433" lon="23.477255">
        <ele>842.9</ele>
      </trkpt>
      <trkpt lat="-33.302415" lon="23.476949">
        <ele>842.99</ele>
      </trkpt>
      <trkpt lat="-33.302049" lon="23.4738">
        <ele>845</ele>
      </trkpt>
      <trkpt lat="-33.301966" lon="23.473335">
        <ele>844</ele>
      </trkpt>
      <trkpt lat="-33.301937" lon="23.47336">
        <ele>843.92</ele>
      </trkpt>
      <trkpt lat="-33.302444" lon="23.472889">
        <ele>844</ele>
      </trkpt>
      <trkpt lat="-33.30466" lon="23.470831">
        <ele>850</ele>
      </trkpt>
      <trkpt lat="-33.305087" lon="23.470447">
        <ele>851</ele>
      </trkpt>
      <trkpt lat="-33.305447" lon="23.470144">
        <ele>851.87</ele>
      </trkpt>
      <trkpt lat="-33.305702" lon="23.469949">
        <ele>852.44</ele>
      </trkpt>
      <trkpt lat="-33.306343" lon="23.469499">
        <ele>855</ele>
      </trkpt>
      <trkpt lat="-33.306732" lon="23.469259">
        <ele>856.55</ele>
      </trkpt>
      <trkpt lat="-33.307118" lon="23.469042">
        <ele>857.46</ele>
      </trkpt>
      <trkpt lat="-33.307608" lon="23.468783">
        <ele>859.06</ele>
      </trkpt>
      <trkpt lat="-33.309709" lon="23.467689">
        <ele>864.52</ele>
      </trkpt>
      <trkpt lat="-33.311958" lon="23.46651">
        <ele>874.17</ele>
      </trkpt>
      <trkpt lat="-33.313719" lon="23.465585">
        <ele>883.41</ele>
      </trkpt>
      <trkpt lat="-33.314683" lon="23.465074">
        <ele>891.25</ele>
      </trkpt>
      <trkpt lat="-33.31493" lon="23.464954">
        <ele>893.73</ele>
      </trkpt>
      <trkpt lat="-33.315667" lon="23.464567">
        <ele>897.94</ele>
      </trkpt>
      <trkpt lat="-33.316355" lon="23.464132">
        <ele>903.86</ele>
      </trkpt>
      <trkpt lat="-33.316488" lon="23.464048">
        <ele>905.01</ele>
      </trkpt>
      <trkpt lat="-33.316758" lon="23.463857">
        <ele>906</ele>
      </trkpt>
      <trkpt lat="-33.317062" lon="23.463619">
        <ele>906.48</ele>
      </trkpt>
      <trkpt lat="-33.318099" lon="23.462719">
        <ele>907</ele>
      </trkpt>
      <trkpt lat="-33.319452" lon="23.461504">
        <ele>908</ele>
      </trkpt>
      <trkpt lat="-33.320691" lon="23.460333">
        <ele>909.54</ele>
      </trkpt>
      <trkpt lat="-33.320716" lon="23.460392">
        <ele>909.54</ele>
      </trkpt>
      <trkpt lat="-33.325338" lon="23.471461">
        <ele>908.54</ele>
      </trkpt>
      <trkpt lat="-33.326893" lon="23.475181">
        <ele>909.08</ele>
      </trkpt>
      <trkpt lat="-33.327876" lon="23.477532">
        <ele>914</ele>
      </trkpt>
      <trkpt lat="-33.328507" lon="23.479086">
        <ele>917</ele>
      </trkpt>
      <trkpt lat="-33.329158" lon="23.48057">
        <ele>919</ele>
      </trkpt>
      <trkpt lat="-33.330001" lon="23.482618">
        <ele>920</ele>
      </trkpt>
      <trkpt lat="-33.331206" lon="23.485542">
        <ele>916</ele>
      </trkpt>
      <trkpt lat="-33.331665" lon="23.486611">
        <ele>915.06</ele>
      </trkpt>
      <trkpt lat="-33.332268" lon="23.488052">
        <ele>918</ele>
      </trkpt>
      <trkpt lat="-33.332884" lon="23.489533">
        <ele>918</ele>
      </trkpt>
      <trkpt lat="-33.333736" lon="23.491583">
        <ele>923.73</ele>
      </trkpt>
      <trkpt lat="-33.335237" lon="23.495187">
        <ele>928</ele>
      </trkpt>
      <trkpt lat="-33.336464" lon="23.49815">
        <ele>924.48</ele>
      </trkpt>
      <trkpt lat="-33.337348" lon="23.500239">
        <ele>923.83</ele>
      </trkpt>
      <trkpt lat="-33.338352" lon="23.502647">
        <ele>929</ele>
      </trkpt>
      <trkpt lat="-33.33983" lon="23.506225">
        <ele>940.1</ele>
      </trkpt>
      <trkpt lat="-33.340439" lon="23.507661">
        <ele>944.34</ele>
      </trkpt>
      <trkpt lat="-33.340926" lon="23.50881">
        <ele>949.74</ele>
      </trkpt>
      <trkpt lat="-33.34209" lon="23.511639">
        <ele>955.07</ele>
      </trkpt>
      <trkpt lat="-33.342704" lon="23.5131">
        <ele>959.93</ele>
      </trkpt>
      <trkpt lat="-33.34295" lon="23.513684">
        <ele>959.54</ele>
      </trkpt>
      <trkpt lat="-33.343196" lon="23.514268">
        <ele>956.06</ele>
      </trkpt>
      <trkpt lat="-33.343441" lon="23.514852">
        <ele>955.48</ele>
      </trkpt>
      <trkpt lat="-33.344107" lon="23.516416">
        <ele>964.68</ele>
      </trkpt>
      <trkpt lat="-33.344398" lon="23.51702">
        <ele>966.69</ele>
      </trkpt>
      <trkpt lat="-33.344685" lon="23.517463">
        <ele>967.16</ele>
      </trkpt>
      <trkpt lat="-33.345054" lon="23.5179">
        <ele>968.12</ele>
      </trkpt>
      <trkpt lat="-33.345417" lon="23.518195">
        <ele>969.49</ele>
      </trkpt>
      <trkpt lat="-33.345925" lon="23.518548">
        <ele>972.05</ele>
      </trkpt>
      <trkpt lat="-33.346362" lon="23.518788">
        <ele>974.29</ele>
      </trkpt>
      <trkpt lat="-33.346813" lon="23.518978">
        <ele>976.94</ele>
      </trkpt>
      <trkpt lat="-33.347175" lon="23.519065">
        <ele>979.44</ele>
      </trkpt>
      <trkpt lat="-33.347605" lon="23.5191">
        <ele>982.03</ele>
      </trkpt>
      <trkpt lat="-33.347768" lon="23.519104">
        <ele>983.13</ele>
      </trkpt>
      <trkpt lat="-33.348075" lon="23.519078">
        <ele>984.11</ele>
      </trkpt>
      <trkpt lat="-33.348576" lon="23.519">
        <ele>984.93</ele>
      </trkpt>
      <trkpt lat="-33.348813" lon="23.51901">
        <ele>984.73</ele>
      </trkpt>
      <trkpt lat="-33.349191" lon="23.519114">
        <ele>983.69</ele>
      </trkpt>
      <trkpt lat="-33.349485" lon="23.519281">
        <ele>983.16</ele>
      </trkpt>
      <trkpt lat="-33.350149" lon="23.519761">
        <ele>985.99</ele>
      </trkpt>
      <trkpt lat="-33.350619" lon="23.520148">
        <ele>987</ele>
      </trkpt>
      <trkpt lat="-33.350887" lon="23.520456">
        <ele>988.06</ele>
      </trkpt>
      <trkpt lat="-33.351219" lon="23.520942">
        <ele>991.17</ele>
      </trkpt>
      <trkpt lat="-33.351486" lon="23.521508">
        <ele>993.52</ele>
      </trkpt>
      <trkpt lat="-33.35162" lon="23.521927">
        <ele>995.4</ele>
      </trkpt>
      <trkpt lat="-33.35186" lon="23.522995">
        <ele>998.96</ele>
      </trkpt>
      <trkpt lat="-33.352039" lon="23.523677">
        <ele>1002.08</ele>
      </trkpt>
      <trkpt lat="-33.352145" lon="23.524176">
        <ele>1004.72</ele>
      </trkpt>
      <trkpt lat="-33.352277" lon="23.524715">
        <ele>1007.01</ele>
      </trkpt>
      <trkpt lat="-33.352859" lon="23.526738">
        <ele>1015.11</ele>
      </trkpt>
      <trkpt lat="-33.353042" lon="23.527289">
        <ele>1017.78</ele>
      </trkpt>
      <trkpt lat="-33.353272" lon="23.527756">
        <ele>1019.8</ele>
      </trkpt>
      <trkpt lat="-33.353478" lon="23.528145">
        <ele>1022.21</ele>
      </trkpt>
      <trkpt lat="-33.353582" lon="23.528417">
        <ele>1022.86</ele>
      </trkpt>
      <trkpt lat="-33.353979" lon="23.529644">
        <ele>1026.75</ele>
      </trkpt>
      <trkpt lat="-33.354278" lon="23.530573">
        <ele>1032.46</ele>
      </trkpt>
      <trkpt lat="-33.355104" lon="23.533286">
        <ele>1051.16</ele>
      </trkpt>
      <trkpt lat="-33.355299" lon="23.534043">
        <ele>1052</ele>
      </trkpt>
      <trkpt lat="-33.355456" lon="23.534621">
        <ele>1049.53</ele>
      </trkpt>
      <trkpt lat="-33.355594" lon="23.534992">
        <ele>1049.16</ele>
      </trkpt>
      <trkpt lat="-33.355687" lon="23.535174">
        <ele>1048.64</ele>
      </trkpt>
      <trkpt lat="-33.355845" lon="23.535385">
        <ele>1048.93</ele>
      </trkpt>
      <trkpt lat="-33.356106" lon="23.535602">
        <ele>1049.73</ele>
      </trkpt>
      <trkpt lat="-33.356338" lon="23.535742">
        <ele>1050.31</ele>
      </trkpt>
      <trkpt lat="-33.356615" lon="23.535834">
        <ele>1050.59</ele>
      </trkpt>
      <trkpt lat="-33.357169" lon="23.536019">
        <ele>1047.29</ele>
      </trkpt>
      <trkpt lat="-33.358377" lon="23.536464">
        <ele>1044.14</ele>
      </trkpt>
      <trkpt lat="-33.358946" lon="23.536633">
        <ele>1044.16</ele>
      </trkpt>
      <trkpt lat="-33.359481" lon="23.536792">
        <ele>1046.84</ele>
      </trkpt>
      <trkpt lat="-33.359785" lon="23.536915">
        <ele>1048</ele>
      </trkpt>
      <trkpt lat="-33.360044" lon="23.537091">
        <ele>1049.55</ele>
      </trkpt>
      <trkpt lat="-33.360291" lon="23.537343">
        <ele>1050.59</ele>
      </trkpt>
      <trkpt lat="-33.360574" lon="23.537666">
        <ele>1052.51</ele>
      </trkpt>
      <trkpt lat="-33.36086" lon="23.538076">
        <ele>1054</ele>
      </trkpt>
      <trkpt lat="-33.361008" lon="23.538357">
        <ele>1055</ele>
      </trkpt>
      <trkpt lat="-33.361069" lon="23.538538">
        <ele>1055</ele>
      </trkpt>
      <trkpt lat="-33.36113" lon="23.53878">
        <ele>1054.81</ele>
      </trkpt>
      <trkpt lat="-33.36125" lon="23.539527">
        <ele>1053.8</ele>
      </trkpt>
      <trkpt lat="-33.361481" lon="23.541208">
        <ele>1050.27</ele>
      </trkpt>
      <trkpt lat="-33.361773" lon="23.543205">
        <ele>1043.33</ele>
      </trkpt>
      <trkpt lat="-33.362315" lon="23.547114">
        <ele>1034.39</ele>
      </trkpt>
      <trkpt lat="-33.362548" lon="23.548764">
        <ele>1027.34</ele>
      </trkpt>
      <trkpt lat="-33.362639" lon="23.549085">
        <ele>1026.14</ele>
      </trkpt>
      <trkpt lat="-33.36274" lon="23.549391">
        <ele>1025.44</ele>
      </trkpt>
      <trkpt lat="-33.362984" lon="23.549848">
        <ele>1024</ele>
      </trkpt>
      <trkpt lat="-33.363365" lon="23.550586">
        <ele>1022</ele>
      </trkpt>
      <trkpt lat="-33.363721" lon="23.551219">
        <ele>1022.4</ele>
      </trkpt>
      <trkpt lat="-33.364134" lon="23.551965">
        <ele>1023.27</ele>
      </trkpt>
      <trkpt lat="-33.364465" lon="23.552585">
        <ele>1024.71</ele>
      </trkpt>
      <trkpt lat="-33.364636" lon="23.552884">
        <ele>1025.25</ele>
      </trkpt>
      <trkpt lat="-33.36508" lon="23.553481">
        <ele>1025.86</ele>
      </trkpt>
      <trkpt lat="-33.365484" lon="23.553897">
        <ele>1025.87</ele>
      </trkpt>
      <trkpt lat="-33.366104" lon="23.554358">
        <ele>1026.9</ele>
      </trkpt>
      <trkpt lat="-33.366378" lon="23.554541">
        <ele>1026.85</ele>
      </trkpt>
      <trkpt lat="-33.366644" lon="23.55471">
        <ele>1026.61</ele>
      </trkpt>
      <trkpt lat="-33.366891" lon="23.554837">
        <ele>1027.59</ele>
      </trkpt>
      <trkpt lat="-33.367276" lon="23.554945">
        <ele>1028.5</ele>
      </trkpt>
      <trkpt lat="-33.367616" lon="23.554965">
        <ele>1028.39</ele>
      </trkpt>
      <trkpt lat="-33.367973" lon="23.55493">
        <ele>1028.59</ele>
      </trkpt>
      <trkpt lat="-33.368307" lon="23.554836">
        <ele>1029.09</ele>
      </trkpt>
      <trkpt lat="-33.368637" lon="23.554657">
        <ele>1029.56</ele>
      </trkpt>
      <trkpt lat="-33.368988" lon="23.554403">
        <ele>1028.59</ele>
      </trkpt>
      <trkpt lat="-33.369752" lon="23.553697">
        <ele>1025.08</ele>
      </trkpt>
      <trkpt lat="-33.370767" lon="23.552702">
        <ele>1023.54</ele>
      </trkpt>
      <trkpt lat="-33.371864" lon="23.551689">
        <ele>1023</ele>
      </trkpt>
      <trkpt lat="-33.373444" lon="23.550206">
        <ele>1025</ele>
      </trkpt>
      <trkpt lat="-33.374954" lon="23.548794">
        <ele>1030.44</ele>
      </trkpt>
      <trkpt lat="-33.376159" lon="23.547665">
        <ele>1032.98</ele>
      </trkpt>
      <trkpt lat="-33.377013" lon="23.546893">
        <ele>1034.93</ele>
      </trkpt>
      <trkpt lat="-33.377642" lon="23.546272">
        <ele>1037</ele>
      </trkpt>
      <trkpt lat="-33.378504" lon="23.54549">
        <ele>1041.15</ele>
      </trkpt>
      <trkpt lat="-33.379088" lon="23.545023">
        <ele>1043.38</ele>
      </trkpt>
      <trkpt lat="-33.379962" lon="23.544496">
        <ele>1043</ele>
      </trkpt>
      <trkpt lat="-33.38072" lon="23.544165">
        <ele>1041</ele>
      </trkpt>
      <trkpt lat="-33.381988" lon="23.54374">
        <ele>1040.8</ele>
      </trkpt>
      <trkpt lat="-33.383344" lon="23.54334">
        <ele>1039.01</ele>
      </trkpt>
      <trkpt lat="-33.38475" lon="23.54293">
        <ele>1044</ele>
      </trkpt>
      <trkpt lat="-33.384864" lon="23.543476">
        <ele>1043.67</ele>
      </trkpt>
      <trkpt lat="-33.384923" lon="23.543892">
        <ele>1044</ele>
      </trkpt>
      <trkpt lat="-33.385124" lon="23.546161">
        <ele>1039</ele>
      </trkpt>
      <trkpt lat="-33.385339" lon="23.548589">
        <ele>1040.43</ele>
      </trkpt>
      <trkpt lat="-33.385727" lon="23.552968">
        <ele>1043</ele>
      </trkpt>
      <trkpt lat="-33.386301" lon="23.55945">
        <ele>1061.09</ele>
      </trkpt>
      <trkpt lat="-33.386446" lon="23.564448">
        <ele>1072</ele>
      </trkpt>
      <trkpt lat="-33.386477" lon="23.564816">
        <ele>1072.91</ele>
      </trkpt>
      <trkpt lat="-33.386561" lon="23.565143">
        <ele>1073</ele>
      </trkpt>
      <trkpt lat="-33.386935" lon="23.566246">
        <ele>1074.02</ele>
      </trkpt>
      <trkpt lat="-33.387087" lon="23.566785">
        <ele>1075.07</ele>
      </trkpt>
      <trkpt lat="-33.387444" lon="23.568209">
        <ele>1076.56</ele>
      </trkpt>
      <trkpt lat="-33.387903" lon="23.57028">
        <ele>1078.76</ele>
      </trkpt>
      <trkpt lat="-33.388118" lon="23.571047">
        <ele>1077.14</ele>
      </trkpt>
      <trkpt lat="-33.388304" lon="23.571664">
        <ele>1076.86</ele>
      </trkpt>
      <trkpt lat="-33.388397" lon="23.571973">
        <ele>1078.69</ele>
      </trkpt>
      <trkpt lat="-33.388863" lon="23.573524">
        <ele>1099.39</ele>
      </trkpt>
      <trkpt lat="-33.389051" lon="23.574159">
        <ele>1104.91</ele>
      </trkpt>
      <trkpt lat="-33.38924" lon="23.574793">
        <ele>1108.07</ele>
      </trkpt>
      <trkpt lat="-33.389429" lon="23.575427">
        <ele>1106.78</ele>
      </trkpt>
      <trkpt lat="-33.390065" lon="23.577559">
        <ele>1090.21</ele>
      </trkpt>
      <trkpt lat="-33.390423" lon="23.578757">
        <ele>1084.36</ele>
      </trkpt>
      <trkpt lat="-33.390616" lon="23.57956">
        <ele>1081.68</ele>
      </trkpt>
      <trkpt lat="-33.390753" lon="23.580426">
        <ele>1078.56</ele>
      </trkpt>
      <trkpt lat="-33.391035" lon="23.58236">
        <ele>1071.25</ele>
      </trkpt>
      <trkpt lat="-33.391193" lon="23.583642">
        <ele>1067.99</ele>
      </trkpt>
      <trkpt lat="-33.39143" lon="23.585565">
        <ele>1058.11</ele>
      </trkpt>
      <trkpt lat="-33.391547" lon="23.58603">
        <ele>1057.03</ele>
      </trkpt>
      <trkpt lat="-33.391703" lon="23.586443">
        <ele>1056.18</ele>
      </trkpt>
      <trkpt lat="-33.391835" lon="23.586699">
        <ele>1055.9</ele>
      </trkpt>
      <trkpt lat="-33.392022" lon="23.586969">
        <ele>1053.76</ele>
      </trkpt>
      <trkpt lat="-33.392579" lon="23.587602">
        <ele>1046.07</ele>
      </trkpt>
      <trkpt lat="-33.393879" lon="23.589078">
        <ele>1037.05</ele>
      </trkpt>
      <trkpt lat="-33.394065" lon="23.589356">
        <ele>1035.43</ele>
      </trkpt>
      <trkpt lat="-33.394186" lon="23.589651">
        <ele>1034.72</ele>
      </trkpt>
      <trkpt lat="-33.394253" lon="23.589891">
        <ele>1033.33</ele>
      </trkpt>
      <trkpt lat="-33.394331" lon="23.590307">
        <ele>1032.47</ele>
      </trkpt>
      <trkpt lat="-33.394376" lon="23.590675">
        <ele>1031.59</ele>
      </trkpt>
      <trkpt lat="-33.394346" lon="23.591174">
        <ele>1029.95</ele>
      </trkpt>
      <trkpt lat="-33.394207" lon="23.592742">
        <ele>1024.91</ele>
      </trkpt>
      <trkpt lat="-33.394096" lon="23.593997">
        <ele>1023.28</ele>
      </trkpt>
      <trkpt lat="-33.394106" lon="23.594508">
        <ele>1022.38</ele>
      </trkpt>
      <trkpt lat="-33.394185" lon="23.595306">
        <ele>1018.85</ele>
      </trkpt>
      <trkpt lat="-33.394257" lon="23.595734">
        <ele>1017.36</ele>
      </trkpt>
      <trkpt lat="-33.394799" lon="23.598252">
        <ele>1011.04</ele>
      </trkpt>
      <trkpt lat="-33.394971" lon="23.598766">
        <ele>1008.7</ele>
      </trkpt>
      <trkpt lat="-33.395176" lon="23.599214">
        <ele>1007.17</ele>
      </trkpt>
      <trkpt lat="-33.395391" lon="23.599568">
        <ele>1005.06</ele>
      </trkpt>
      <trkpt lat="-33.395654" lon="23.599858">
        <ele>1002.65</ele>
      </trkpt>
      <trkpt lat="-33.39698" lon="23.601091">
        <ele>997.03</ele>
      </trkpt>
      <trkpt lat="-33.397274" lon="23.601436">
        <ele>995.99</ele>
      </trkpt>
      <trkpt lat="-33.397659" lon="23.60191">
        <ele>994.31</ele>
      </trkpt>
      <trkpt lat="-33.39798" lon="23.602372">
        <ele>993</ele>
      </trkpt>
      <trkpt lat="-33.398114" lon="23.602612">
        <ele>992.14</ele>
      </trkpt>
      <trkpt lat="-33.398218" lon="23.602877">
        <ele>991.9</ele>
      </trkpt>
      <trkpt lat="-33.398529" lon="23.60377">
        <ele>990</ele>
      </trkpt>
      <trkpt lat="-33.398726" lon="23.604292">
        <ele>989.12</ele>
      </trkpt>
      <trkpt lat="-33.398776" lon="23.604519">
        <ele>989.47</ele>
      </trkpt>
      <trkpt lat="-33.398819" lon="23.604948">
        <ele>989.77</ele>
      </trkpt>
      <trkpt lat="-33.398837" lon="23.609111">
        <ele>983.52</ele>
      </trkpt>
      <trkpt lat="-33.39887" lon="23.611704">
        <ele>980.13</ele>
      </trkpt>
      <trkpt lat="-33.398724" lon="23.614041">
        <ele>979.1</ele>
      </trkpt>
      <trkpt lat="-33.398527" lon="23.617498">
        <ele>973.6</ele>
      </trkpt>
      <trkpt lat="-33.398507" lon="23.618299">
        <ele>972.6</ele>
      </trkpt>
      <trkpt lat="-33.398504" lon="23.618703">
        <ele>971.58</ele>
      </trkpt>
      <trkpt lat="-33.398537" lon="23.619236">
        <ele>971.58</ele>
      </trkpt>
      <trkpt lat="-33.398757" lon="23.621118">
        <ele>968.34</ele>
      </trkpt>
      <trkpt lat="-33.398882" lon="23.622593">
        <ele>969.21</ele>
      </trkpt>
      <trkpt lat="-33.399018" lon="23.623717">
        <ele>967.47</ele>
      </trkpt>
      <trkpt lat="-33.399095" lon="23.624426">
        <ele>965.86</ele>
      </trkpt>
      <trkpt lat="-33.399112" lon="23.624789">
        <ele>965.7</ele>
      </trkpt>
      <trkpt lat="-33.399094" lon="23.625117">
        <ele>964.69</ele>
      </trkpt>
      <trkpt lat="-33.398721" lon="23.62906">
        <ele>959.72</ele>
      </trkpt>
      <trkpt lat="-33.398693" lon="23.629567">
        <ele>958.54</ele>
      </trkpt>
      <trkpt lat="-33.398694" lon="23.630077">
        <ele>957.9</ele>
      </trkpt>
      <trkpt lat="-33.398717" lon="23.631138">
        <ele>955.09</ele>
      </trkpt>
      <trkpt lat="-33.398716" lon="23.633127">
        <ele>954.1</ele>
      </trkpt>
      <trkpt lat="-33.398715" lon="23.633458">
        <ele>955.98</ele>
      </trkpt>
      <trkpt lat="-33.398715" lon="23.634452">
        <ele>956.05</ele>
      </trkpt>
      <trkpt lat="-33.398775" lon="23.635924">
        <ele>951.47</ele>
      </trkpt>
      <trkpt lat="-33.398783" lon="23.636316">
        <ele>951.05</ele>
      </trkpt>
      <trkpt lat="-33.398735" lon="23.637041">
        <ele>949.38</ele>
      </trkpt>
      <trkpt lat="-33.398608" lon="23.637945">
        <ele>947.26</ele>
      </trkpt>
      <trkpt lat="-33.398583" lon="23.638473">
        <ele>946.01</ele>
      </trkpt>
      <trkpt lat="-33.398577" lon="23.639384">
        <ele>945.09</ele>
      </trkpt>
      <trkpt lat="-33.398614" lon="23.641153">
        <ele>943.35</ele>
      </trkpt>
      <trkpt lat="-33.398615" lon="23.641792">
        <ele>943.2</ele>
      </trkpt>
      <trkpt lat="-33.398616" lon="23.642749">
        <ele>940.36</ele>
      </trkpt>
      <trkpt lat="-33.398633" lon="23.643187">
        <ele>939.94</ele>
      </trkpt>
      <trkpt lat="-33.398686" lon="23.643661">
        <ele>938.6</ele>
      </trkpt>
      <trkpt lat="-33.398786" lon="23.644061">
        <ele>937.71</ele>
      </trkpt>
      <trkpt lat="-33.399197" lon="23.645447">
        <ele>936.72</ele>
      </trkpt>
      <trkpt lat="-33.3994" lon="23.646234">
        <ele>937.43</ele>
      </trkpt>
      <trkpt lat="-33.399763" lon="23.647357">
        <ele>935.91</ele>
      </trkpt>
      <trkpt lat="-33.400917" lon="23.651239">
        <ele>930.38</ele>
      </trkpt>
      <trkpt lat="-33.40097" lon="23.651503">
        <ele>929.86</ele>
      </trkpt>
      <trkpt lat="-33.401023" lon="23.652274">
        <ele>929.07</ele>
      </trkpt>
      <trkpt lat="-33.401085" lon="23.653383">
        <ele>927.55</ele>
      </trkpt>
      <trkpt lat="-33.401115" lon="23.6545">
        <ele>928.53</ele>
      </trkpt>
      <trkpt lat="-33.401107" lon="23.654869">
        <ele>927.71</ele>
      </trkpt>
      <trkpt lat="-33.400963" lon="23.655845">
        <ele>925.74</ele>
      </trkpt>
      <trkpt lat="-33.400841" lon="23.656355">
        <ele>925.95</ele>
      </trkpt>
      <trkpt lat="-33.400681" lon="23.656808">
        <ele>926.29</ele>
      </trkpt>
      <trkpt lat="-33.400131" lon="23.658251">
        <ele>924.81</ele>
      </trkpt>
      <trkpt lat="-33.399949" lon="23.658754">
        <ele>922.64</ele>
      </trkpt>
      <trkpt lat="-33.399892" lon="23.659087">
        <ele>921.5</ele>
      </trkpt>
      <trkpt lat="-33.3999" lon="23.660301">
        <ele>918.3</ele>
      </trkpt>
      <trkpt lat="-33.399933" lon="23.662954">
        <ele>914</ele>
      </trkpt>
      <trkpt lat="-33.399941" lon="23.664676">
        <ele>913</ele>
      </trkpt>
      <trkpt lat="-33.399986" lon="23.666235">
        <ele>911.95</ele>
      </trkpt>
      <trkpt lat="-33.399989" lon="23.667618">
        <ele>910.51</ele>
      </trkpt>
      <trkpt lat="-33.400028" lon="23.669176">
        <ele>910.57</ele>
      </trkpt>
      <trkpt lat="-33.400006" lon="23.672887">
        <ele>905.12</ele>
      </trkpt>
      <trkpt lat="-33.400036" lon="23.673987">
        <ele>903.75</ele>
      </trkpt>
      <trkpt lat="-33.399985" lon="23.675369">
        <ele>901.21</ele>
      </trkpt>
      <trkpt lat="-33.399913" lon="23.676501">
        <ele>900.17</ele>
      </trkpt>
      <trkpt lat="-33.399919" lon="23.677101">
        <ele>899.86</ele>
      </trkpt>
      <trkpt lat="-33.399944" lon="23.677372">
        <ele>899.04</ele>
      </trkpt>
      <trkpt lat="-33.399987" lon="23.677583">
        <ele>898.39</ele>
      </trkpt>
      <trkpt lat="-33.400097" lon="23.677961">
        <ele>897.67</ele>
      </trkpt>
      <trkpt lat="-33.40033" lon="23.678669">
        <ele>896.8</ele>
      </trkpt>
      <trkpt lat="-33.400487" lon="23.67908">
        <ele>896.69</ele>
      </trkpt>
      <trkpt lat="-33.400565" lon="23.679347">
        <ele>896.88</ele>
      </trkpt>
      <trkpt lat="-33.40059" lon="23.679692">
        <ele>896.31</ele>
      </trkpt>
      <trkpt lat="-33.400564" lon="23.680084">
        <ele>895.98</ele>
      </trkpt>
      <trkpt lat="-33.400463" lon="23.680819">
        <ele>895.44</ele>
      </trkpt>
      <trkpt lat="-33.400458" lon="23.681148">
        <ele>894.33</ele>
      </trkpt>
      <trkpt lat="-33.400494" lon="23.681521">
        <ele>893.03</ele>
      </trkpt>
      <trkpt lat="-33.400559" lon="23.681979">
        <ele>891.89</ele>
      </trkpt>
      <trkpt lat="-33.400834" lon="23.683316">
        <ele>891.6</ele>
      </trkpt>
      <trkpt lat="-33.400863" lon="23.683603">
        <ele>891.02</ele>
      </trkpt>
      <trkpt lat="-33.400859" lon="23.683937">
        <ele>891.94</ele>
      </trkpt>
      <trkpt lat="-33.400805" lon="23.684483">
        <ele>892.2</ele>
      </trkpt>
      <trkpt lat="-33.400617" lon="23.685586">
        <ele>890.89</ele>
      </trkpt>
      <trkpt lat="-33.400413" lon="23.687718">
        <ele>888.8</ele>
      </trkpt>
      <trkpt lat="-33.400332" lon="23.688603">
        <ele>891.18</ele>
      </trkpt>
      <trkpt lat="-33.400279" lon="23.689193">
        <ele>891</ele>
      </trkpt>
      <trkpt lat="-33.399975" lon="23.691285">
        <ele>887.82</ele>
      </trkpt>
      <trkpt lat="-33.399964" lon="23.691614">
        <ele>886.74</ele>
      </trkpt>
      <trkpt lat="-33.4" lon="23.692091">
        <ele>885.99</ele>
      </trkpt>
      <trkpt lat="-33.400079" lon="23.692505">
        <ele>884.94</ele>
      </trkpt>
      <trkpt lat="-33.400363" lon="23.693769">
        <ele>884.25</ele>
      </trkpt>
      <trkpt lat="-33.400576" lon="23.694717">
        <ele>881.88</ele>
      </trkpt>
      <trkpt lat="-33.40073" lon="23.695461">
        <ele>882.08</ele>
      </trkpt>
      <trkpt lat="-33.400834" lon="23.696203">
        <ele>881.98</ele>
      </trkpt>
      <trkpt lat="-33.400885" lon="23.697015">
        <ele>879.66</ele>
      </trkpt>
      <trkpt lat="-33.400873" lon="23.697591">
        <ele>878.08</ele>
      </trkpt>
      <trkpt lat="-33.400702" lon="23.69893">
        <ele>874.33</ele>
      </trkpt>
      <trkpt lat="-33.400673" lon="23.699419">
        <ele>872.85</ele>
      </trkpt>
      <trkpt lat="-33.400644" lon="23.700595">
        <ele>870.84</ele>
      </trkpt>
      <trkpt lat="-33.400642" lon="23.702255">
        <ele>867.49</ele>
      </trkpt>
      <trkpt lat="-33.400636" lon="23.70657">
        <ele>862.4</ele>
      </trkpt>
      <trkpt lat="-33.400668" lon="23.707783">
        <ele>860.22</ele>
      </trkpt>
      <trkpt lat="-33.400706" lon="23.708717">
        <ele>858.83</ele>
      </trkpt>
      <trkpt lat="-33.400764" lon="23.709841">
        <ele>856.27</ele>
      </trkpt>
      <trkpt lat="-33.400817" lon="23.710246">
        <ele>855.26</ele>
      </trkpt>
      <trkpt lat="-33.400909" lon="23.710689">
        <ele>855.32</ele>
      </trkpt>
      <trkpt lat="-33.401091" lon="23.711192">
        <ele>854.67</ele>
      </trkpt>
      <trkpt lat="-33.4014" lon="23.711868">
        <ele>854</ele>
      </trkpt>
      <trkpt lat="-33.401577" lon="23.712236">
        <ele>854.96</ele>
      </trkpt>
      <trkpt lat="-33.401719" lon="23.712716">
        <ele>855.15</ele>
      </trkpt>
      <trkpt lat="-33.401911" lon="23.713456">
        <ele>854.82</ele>
      </trkpt>
      <trkpt lat="-33.402041" lon="23.714083">
        <ele>853.9</ele>
      </trkpt>
      <trkpt lat="-33.402133" lon="23.714676">
        <ele>854.24</ele>
      </trkpt>
      <trkpt lat="-33.402134" lon="23.714993">
        <ele>853.43</ele>
      </trkpt>
      <trkpt lat="-33.402066" lon="23.715489">
        <ele>851.53</ele>
      </trkpt>
      <trkpt lat="-33.402027" lon="23.716057">
        <ele>849.55</ele>
      </trkpt>
      <trkpt lat="-33.402059" lon="23.716536">
        <ele>849.35</ele>
      </trkpt>
      <trkpt lat="-33.402156" lon="23.717608">
        <ele>847.82</ele>
      </trkpt>
      <trkpt lat="-33.402302" lon="23.718409">
        <ele>846.17</ele>
      </trkpt>
      <trkpt lat="-33.402439" lon="23.718854">
        <ele>845.49</ele>
      </trkpt>
      <trkpt lat="-33.402689" lon="23.71956">
        <ele>843.87</ele>
      </trkpt>
      <trkpt lat="-33.402824" lon="23.719828">
        <ele>844.11</ele>
      </trkpt>
      <trkpt lat="-33.402927" lon="23.719997">
        <ele>843.65</ele>
      </trkpt>
      <trkpt lat="-33.403561" lon="23.720875">
        <ele>842.36</ele>
      </trkpt>
      <trkpt lat="-33.403765" lon="23.721095">
        <ele>841.5</ele>
      </trkpt>
      <trkpt lat="-33.404073" lon="23.72128">
        <ele>840.43</ele>
      </trkpt>
      <trkpt lat="-33.404595" lon="23.721551">
        <ele>838</ele>
      </trkpt>
      <trkpt lat="-33.404752" lon="23.721668">
        <ele>838</ele>
      </trkpt>
      <trkpt lat="-33.404965" lon="23.721868">
        <ele>837.01</ele>
      </trkpt>
      <trkpt lat="-33.406133" lon="23.723108">
        <ele>835</ele>
      </trkpt>
      <trkpt lat="-33.406456" lon="23.723508">
        <ele>834</ele>
      </trkpt>
      <trkpt lat="-33.407137" lon="23.724404">
        <ele>832.48</ele>
      </trkpt>
      <trkpt lat="-33.40813" lon="23.725748">
        <ele>830</ele>
      </trkpt>
      <trkpt lat="-33.408655" lon="23.726501">
        <ele>828.72</ele>
      </trkpt>
      <trkpt lat="-33.408929" lon="23.726825">
        <ele>827.82</ele>
      </trkpt>
      <trkpt lat="-33.409096" lon="23.726989">
        <ele>827</ele>
      </trkpt>
      <trkpt lat="-33.409288" lon="23.727108">
        <ele>827</ele>
      </trkpt>
      <trkpt lat="-33.40951" lon="23.727174">
        <ele>826</ele>
      </trkpt>
      <trkpt lat="-33.410285" lon="23.727382">
        <ele>825</ele>
      </trkpt>
      <trkpt lat="-33.411875" lon="23.727845">
        <ele>824.75</ele>
      </trkpt>
      <trkpt lat="-33.412518" lon="23.728015">
        <ele>825</ele>
      </trkpt>
      <trkpt lat="-33.412851" lon="23.728151">
        <ele>825</ele>
      </trkpt>
      <trkpt lat="-33.413067" lon="23.728303">
        <ele>825</ele>
      </trkpt>
      <trkpt lat="-33.413198" lon="23.728443">
        <ele>825</ele>
      </trkpt>
      <trkpt lat="-33.413356" lon="23.728645">
        <ele>826</ele>
      </trkpt>
      <trkpt lat="-33.413562" lon="23.728981">
        <ele>826</ele>
      </trkpt>
      <trkpt lat="-33.413722" lon="23.729313">
        <ele>826.41</ele>
      </trkpt>
      <trkpt lat="-33.413864" lon="23.72974">
        <ele>826</ele>
      </trkpt>
      <trkpt lat="-33.413928" lon="23.730015">
        <ele>826</ele>
      </trkpt>
      <trkpt lat="-33.413952" lon="23.730405">
        <ele>826</ele>
      </trkpt>
      <trkpt lat="-33.413921" lon="23.730756">
        <ele>826</ele>
      </trkpt>
      <trkpt lat="-33.413714" lon="23.731866">
        <ele>825</ele>
      </trkpt>
      <trkpt lat="-33.41349" lon="23.73333">
        <ele>824.95</ele>
      </trkpt>
      <trkpt lat="-33.413413" lon="23.734082">
        <ele>825.42</ele>
      </trkpt>
      <trkpt lat="-33.413329" lon="23.735144">
        <ele>825.83</ele>
      </trkpt>
      <trkpt lat="-33.413228" lon="23.73701">
        <ele>824.13</ele>
      </trkpt>
      <trkpt lat="-33.413217" lon="23.737477">
        <ele>824</ele>
      </trkpt>
      <trkpt lat="-33.413244" lon="23.737773">
        <ele>823.24</ele>
      </trkpt>
      <trkpt lat="-33.413333" lon="23.738095">
        <ele>823.86</ele>
      </trkpt>
      <trkpt lat="-33.413532" lon="23.738574">
        <ele>824.21</ele>
      </trkpt>
      <trkpt lat="-33.414146" lon="23.739972">
        <ele>825</ele>
      </trkpt>
      <trkpt lat="-33.414774" lon="23.741503">
        <ele>825</ele>
      </trkpt>
      <trkpt lat="-33.414872" lon="23.741819">
        <ele>825</ele>
      </trkpt>
      <trkpt lat="-33.414906" lon="23.742062">
        <ele>824.92</ele>
      </trkpt>
      <trkpt lat="-33.414911" lon="23.742354">
        <ele>824.76</ele>
      </trkpt>
      <trkpt lat="-33.414874" lon="23.742658">
        <ele>824</ele>
      </trkpt>
      <trkpt lat="-33.414809" lon="23.742986">
        <ele>823.14</ele>
      </trkpt>
      <trkpt lat="-33.414206" lon="23.745165">
        <ele>820</ele>
      </trkpt>
      <trkpt lat="-33.413277" lon="23.748582">
        <ele>818</ele>
      </trkpt>
      <trkpt lat="-33.412767" lon="23.750536">
        <ele>817</ele>
      </trkpt>
      <trkpt lat="-33.412439" lon="23.751743">
        <ele>815.16</ele>
      </trkpt>
      <trkpt lat="-33.411621" lon="23.754758">
        <ele>806</ele>
      </trkpt>
      <trkpt lat="-33.411208" lon="23.756286">
        <ele>804.9</ele>
      </trkpt>
      <trkpt lat="-33.411147" lon="23.756661">
        <ele>803.9</ele>
      </trkpt>
      <trkpt lat="-33.411102" lon="23.757064">
        <ele>803.12</ele>
      </trkpt>
      <trkpt lat="-33.410948" lon="23.759876">
        <ele>801.25</ele>
      </trkpt>
      <trkpt lat="-33.410917" lon="23.760539">
        <ele>802.03</ele>
      </trkpt>
      <trkpt lat="-33.410854" lon="23.761865">
        <ele>800</ele>
      </trkpt>
      <trkpt lat="-33.410791" lon="23.763191">
        <ele>800</ele>
      </trkpt>
      <trkpt lat="-33.410791" lon="23.763491">
        <ele>799.01</ele>
      </trkpt>
      <trkpt lat="-33.410818" lon="23.763821">
        <ele>799</ele>
      </trkpt>
      <trkpt lat="-33.411128" lon="23.766055">
        <ele>796.6</ele>
      </trkpt>
      <trkpt lat="-33.411131" lon="23.766302">
        <ele>796.52</ele>
      </trkpt>
      <trkpt lat="-33.411124" lon="23.76666">
        <ele>796.47</ele>
      </trkpt>
      <trkpt lat="-33.411024" lon="23.76774">
        <ele>796</ele>
      </trkpt>
      <trkpt lat="-33.410917" lon="23.768571">
        <ele>796.56</ele>
      </trkpt>
      <trkpt lat="-33.410739" lon="23.770464">
        <ele>797.79</ele>
      </trkpt>
      <trkpt lat="-33.410505" lon="23.772077">
        <ele>796.23</ele>
      </trkpt>
      <trkpt lat="-33.410351" lon="23.773046">
        <ele>794.09</ele>
      </trkpt>
      <trkpt lat="-33.410044" lon="23.774984">
        <ele>793</ele>
      </trkpt>
      <trkpt lat="-33.409825" lon="23.775954">
        <ele>793</ele>
      </trkpt>
      <trkpt lat="-33.409284" lon="23.778145">
        <ele>789.93</ele>
      </trkpt>
      <trkpt lat="-33.409164" lon="23.778723">
        <ele>789.45</ele>
      </trkpt>
      <trkpt lat="-33.409125" lon="23.779112">
        <ele>789.55</ele>
      </trkpt>
      <trkpt lat="-33.409117" lon="23.779504">
        <ele>789.45</ele>
      </trkpt>
      <trkpt lat="-33.409195" lon="23.781559">
        <ele>789.03</ele>
      </trkpt>
      <trkpt lat="-33.409244" lon="23.783129">
        <ele>789.31</ele>
      </trkpt>
      <trkpt lat="-33.409304" lon="23.785013">
        <ele>786</ele>
      </trkpt>
      <trkpt lat="-33.409353" lon="23.786584">
        <ele>786</ele>
      </trkpt>
      <trkpt lat="-33.409438" lon="23.789642">
        <ele>783</ele>
      </trkpt>
      <trkpt lat="-33.409477" lon="23.790209">
        <ele>782.67</ele>
      </trkpt>
      <trkpt lat="-33.410055" lon="23.79452">
        <ele>781.61</ele>
      </trkpt>
      <trkpt lat="-33.410435" lon="23.797222">
        <ele>779</ele>
      </trkpt>
      <trkpt lat="-33.41053" lon="23.797698">
        <ele>779</ele>
      </trkpt>
      <trkpt lat="-33.410686" lon="23.798237">
        <ele>779</ele>
      </trkpt>
      <trkpt lat="-33.41101" lon="23.79926">
        <ele>779</ele>
      </trkpt>
      <trkpt lat="-33.411133" lon="23.799711">
        <ele>779</ele>
      </trkpt>
      <trkpt lat="-33.411267" lon="23.800421">
        <ele>779</ele>
      </trkpt>
      <trkpt lat="-33.411338" lon="23.800916">
        <ele>779</ele>
      </trkpt>
      <trkpt lat="-33.411443" lon="23.801892">
        <ele>778</ele>
      </trkpt>
      <trkpt lat="-33.411612" lon="23.803463">
        <ele>781.92</ele>
      </trkpt>
      <trkpt lat="-33.411711" lon="23.804384">
        <ele>782.56</ele>
      </trkpt>
      <trkpt lat="-33.411857" lon="23.805638">
        <ele>783.58</ele>
      </trkpt>
      <trkpt lat="-33.411876" lon="23.806043">
        <ele>783.71</ele>
      </trkpt>
      <trkpt lat="-33.411853" lon="23.807667">
        <ele>783</ele>
      </trkpt>
      <trkpt lat="-33.411788" lon="23.808665">
        <ele>783.1</ele>
      </trkpt>
      <trkpt lat="-33.411728" lon="23.809905">
        <ele>782.73</ele>
      </trkpt>
      <trkpt lat="-33.411709" lon="23.810732">
        <ele>782</ele>
      </trkpt>
      <trkpt lat="-33.411758" lon="23.81153">
        <ele>781</ele>
      </trkpt>
      <trkpt lat="-33.411843" lon="23.812531">
        <ele>781</ele>
      </trkpt>
      <trkpt lat="-33.411875" lon="23.815001">
        <ele>780</ele>
      </trkpt>
      <trkpt lat="-33.411824" lon="23.815637">
        <ele>780.34</ele>
      </trkpt>
      <trkpt lat="-33.411664" lon="23.816353">
        <ele>779</ele>
      </trkpt>
      <trkpt lat="-33.411358" lon="23.817646">
        <ele>779</ele>
      </trkpt>
      <trkpt lat="-33.411303" lon="23.817921">
        <ele>778.87</ele>
      </trkpt>
      <trkpt lat="-33.411264" lon="23.818311">
        <ele>778.85</ele>
      </trkpt>
      <trkpt lat="-33.411251" lon="23.820517">
        <ele>780.35</ele>
      </trkpt>
      <trkpt lat="-33.411241" lon="23.820997">
        <ele>780.29</ele>
      </trkpt>
      <trkpt lat="-33.411181" lon="23.821499">
        <ele>780</ele>
      </trkpt>
      <trkpt lat="-33.411095" lon="23.821899">
        <ele>780.16</ele>
      </trkpt>
      <trkpt lat="-33.410865" lon="23.822858">
        <ele>779</ele>
      </trkpt>
      <trkpt lat="-33.410457" lon="23.824173">
        <ele>778</ele>
      </trkpt>
      <trkpt lat="-33.410073" lon="23.825343">
        <ele>778</ele>
      </trkpt>
      <trkpt lat="-33.409865" lon="23.825832">
        <ele>777</ele>
      </trkpt>
      <trkpt lat="-33.409073" lon="23.827439">
        <ele>776.83</ele>
      </trkpt>
      <trkpt lat="-33.408491" lon="23.828667">
        <ele>776</ele>
      </trkpt>
      <trkpt lat="-33.408374" lon="23.829007">
        <ele>775</ele>
      </trkpt>
      <trkpt lat="-33.408287" lon="23.829428">
        <ele>775</ele>
      </trkpt>
      <trkpt lat="-33.407276" lon="23.834692">
        <ele>769</ele>
      </trkpt>
      <trkpt lat="-33.407086" lon="23.83542">
        <ele>769</ele>
      </trkpt>
      <trkpt lat="-33.40687" lon="23.835997">
        <ele>768.93</ele>
      </trkpt>
      <trkpt lat="-33.4061" lon="23.837737">
        <ele>768.82</ele>
      </trkpt>
      <trkpt lat="-33.405789" lon="23.838404">
        <ele>768.69</ele>
      </trkpt>
      <trkpt lat="-33.405453" lon="23.839173">
        <ele>769</ele>
      </trkpt>
      <trkpt lat="-33.405368" lon="23.839563">
        <ele>769.11</ele>
      </trkpt>
      <trkpt lat="-33.405353" lon="23.840003">
        <ele>769.88</ele>
      </trkpt>
      <trkpt lat="-33.405386" lon="23.840336">
        <ele>770</ele>
      </trkpt>
      <trkpt lat="-33.405509" lon="23.840996">
        <ele>769.14</ele>
      </trkpt>
      <trkpt lat="-33.406013" lon="23.843884">
        <ele>769.35</ele>
      </trkpt>
      <trkpt lat="-33.406089" lon="23.844454">
        <ele>769.11</ele>
      </trkpt>
      <trkpt lat="-33.406123" lon="23.844997">
        <ele>769.56</ele>
      </trkpt>
      <trkpt lat="-33.406115" lon="23.845653">
        <ele>769.4</ele>
      </trkpt>
      <trkpt lat="-33.406059" lon="23.847007">
        <ele>770</ele>
      </trkpt>
      <trkpt lat="-33.40608" lon="23.847284">
        <ele>769.89</ele>
      </trkpt>
      <trkpt lat="-33.406126" lon="23.847656">
        <ele>769</ele>
      </trkpt>
      <trkpt lat="-33.406212" lon="23.848102">
        <ele>769</ele>
      </trkpt>
      <trkpt lat="-33.406364" lon="23.848687">
        <ele>768.78</ele>
      </trkpt>
      <trkpt lat="-33.406576" lon="23.849257">
        <ele>768</ele>
      </trkpt>
      <trkpt lat="-33.406639" lon="23.849503">
        <ele>768</ele>
      </trkpt>
      <trkpt lat="-33.406691" lon="23.849703">
        <ele>768</ele>
      </trkpt>
      <trkpt lat="-33.406751" lon="23.850041">
        <ele>768</ele>
      </trkpt>
      <trkpt lat="-33.406917" lon="23.851273">
        <ele>766.7</ele>
      </trkpt>
      <trkpt lat="-33.407254" lon="23.85425">
        <ele>765</ele>
      </trkpt>
      <trkpt lat="-33.408233" lon="23.854105">
        <ele>766.45</ele>
      </trkpt>
      <trkpt lat="-33.409443" lon="23.85384">
        <ele>768.76</ele>
      </trkpt>
      <trkpt lat="-33.411033" lon="23.85347">
        <ele>771.72</ele>
      </trkpt>
      <trkpt lat="-33.412847" lon="23.853004">
        <ele>773.58</ele>
      </trkpt>
      <trkpt lat="-33.413549" lon="23.852884">
        <ele>774</ele>
      </trkpt>
      <trkpt lat="-33.413925" lon="23.852883">
        <ele>773.01</ele>
      </trkpt>
      <trkpt lat="-33.41431" lon="23.852919">
        <ele>771.37</ele>
      </trkpt>
      <trkpt lat="-33.415102" lon="23.852993">
        <ele>768</ele>
      </trkpt>
      <trkpt lat="-33.416195" lon="23.853009">
        <ele>769</ele>
      </trkpt>
      <trkpt lat="-33.416388" lon="23.853044">
        <ele>769.43</ele>
      </trkpt>
      <trkpt lat="-33.416644" lon="23.853164">
        <ele>769.97</ele>
      </trkpt>
      <trkpt lat="-33.416815" lon="23.853315">
        <ele>770</ele>
      </trkpt>
      <trkpt lat="-33.416978" lon="23.853593">
        <ele>770</ele>
      </trkpt>
      <trkpt lat="-33.417073" lon="23.853902">
        <ele>769.94</ele>
      </trkpt>
      <trkpt lat="-33.417095" lon="23.854233">
        <ele>770</ele>
      </trkpt>
      <trkpt lat="-33.41709" lon="23.854457">
        <ele>769.13</ele>
      </trkpt>
      <trkpt lat="-33.417103" lon="23.854601">
        <ele>769</ele>
      </trkpt>
      <trkpt lat="-33.417266" lon="23.854971">
        <ele>768</ele>
      </trkpt>
      <trkpt lat="-33.417582" lon="23.855619">
        <ele>769.29</ele>
      </trkpt>
      <trkpt lat="-33.417688" lon="23.855773">
        <ele>770</ele>
      </trkpt>
      <trkpt lat="-33.41796" lon="23.855993">
        <ele>771.07</ele>
      </trkpt>
      <trkpt lat="-33.418181" lon="23.856102">
        <ele>772.27</ele>
      </trkpt>
      <trkpt lat="-33.41875" lon="23.856165">
        <ele>773.92</ele>
      </trkpt>
      <trkpt lat="-33.420016" lon="23.856249">
        <ele>776.58</ele>
      </trkpt>
      <trkpt lat="-33.421459" lon="23.856226">
        <ele>779.46</ele>
      </trkpt>
      <trkpt lat="-33.421826" lon="23.856182">
        <ele>780</ele>
      </trkpt>
      <trkpt lat="-33.422192" lon="23.856064">
        <ele>781</ele>
      </trkpt>
      <trkpt lat="-33.422786" lon="23.855853">
        <ele>782</ele>
      </trkpt>
      <trkpt lat="-33.423267" lon="23.855723">
        <ele>783.06</ele>
      </trkpt>
      <trkpt lat="-33.423672" lon="23.855623">
        <ele>784.87</ele>
      </trkpt>
      <trkpt lat="-33.42397" lon="23.855462">
        <ele>785.95</ele>
      </trkpt>
      <trkpt lat="-33.424363" lon="23.855235">
        <ele>787</ele>
      </trkpt>
      <trkpt lat="-33.424735" lon="23.85505">
        <ele>788.28</ele>
      </trkpt>
      <trkpt lat="-33.42542" lon="23.854791">
        <ele>791.04</ele>
      </trkpt>
      <trkpt lat="-33.425668" lon="23.854745">
        <ele>791.9</ele>
      </trkpt>
      <trkpt lat="-33.42588" lon="23.854784">
        <ele>792.83</ele>
      </trkpt>
      <trkpt lat="-33.426743" lon="23.855034">
        <ele>795.23</ele>
      </trkpt>
      <trkpt lat="-33.42706" lon="23.855036">
        <ele>796</ele>
      </trkpt>
      <trkpt lat="-33.427706" lon="23.855072">
        <ele>797.98</ele>
      </trkpt>
      <trkpt lat="-33.42809" lon="23.85507">
        <ele>798.8</ele>
      </trkpt>
      <trkpt lat="-33.428352" lon="23.855187">
        <ele>799.54</ele>
      </trkpt>
      <trkpt lat="-33.428533" lon="23.855299">
        <ele>800.57</ele>
      </trkpt>
      <trkpt lat="-33.429005" lon="23.855716">
        <ele>802</ele>
      </trkpt>
      <trkpt lat="-33.429843" lon="23.856028">
        <ele>804</ele>
      </trkpt>
      <trkpt lat="-33.430084" lon="23.85619">
        <ele>804.55</ele>
      </trkpt>
      <trkpt lat="-33.430677" lon="23.85661">
        <ele>805.87</ele>
      </trkpt>
      <trkpt lat="-33.431109" lon="23.856882">
        <ele>806</ele>
      </trkpt>
      <trkpt lat="-33.431819" lon="23.85733">
        <ele>810.63</ele>
      </trkpt>
      <trkpt lat="-33.432107" lon="23.857451">
        <ele>811.46</ele>
      </trkpt>
      <trkpt lat="-33.432346" lon="23.857518">
        <ele>812.3</ele>
      </trkpt>
      <trkpt lat="-33.433047" lon="23.857626">
        <ele>817.18</ele>
      </trkpt>
      <trkpt lat="-33.433697" lon="23.857798">
        <ele>823.93</ele>
      </trkpt>
      <trkpt lat="-33.434153" lon="23.858037">
        <ele>828.58</ele>
      </trkpt>
      <trkpt lat="-33.434517" lon="23.858116">
        <ele>831.43</ele>
      </trkpt>
      <trkpt lat="-33.43536" lon="23.858159">
        <ele>836.58</ele>
      </trkpt>
      <trkpt lat="-33.435691" lon="23.858193">
        <ele>838.36</ele>
      </trkpt>
      <trkpt lat="-33.436056" lon="23.858287">
        <ele>840.02</ele>
      </trkpt>
      <trkpt lat="-33.436365" lon="23.858416">
        <ele>841.27</ele>
      </trkpt>
      <trkpt lat="-33.437339" lon="23.858891">
        <ele>845</ele>
      </trkpt>
      <trkpt lat="-33.439034" lon="23.859629">
        <ele>852.85</ele>
      </trkpt>
      <trkpt lat="-33.439575" lon="23.859815">
        <ele>852.32</ele>
      </trkpt>
      <trkpt lat="-33.440784" lon="23.860366">
        <ele>852.79</ele>
      </trkpt>
      <trkpt lat="-33.441632" lon="23.860687">
        <ele>855.91</ele>
      </trkpt>
      <trkpt lat="-33.442735" lon="23.861172">
        <ele>859.77</ele>
      </trkpt>
      <trkpt lat="-33.443165" lon="23.861386">
        <ele>860.84</ele>
      </trkpt>
      <trkpt lat="-33.443473" lon="23.861561">
        <ele>860</ele>
      </trkpt>
      <trkpt lat="-33.443609" lon="23.861703">
        <ele>860.77</ele>
      </trkpt>
      <trkpt lat="-33.443684" lon="23.861879">
        <ele>860.3</ele>
      </trkpt>
      <trkpt lat="-33.443733" lon="23.862071">
        <ele>860.55</ele>
      </trkpt>
      <trkpt lat="-33.443716" lon="23.862457">
        <ele>859.32</ele>
      </trkpt>
      <trkpt lat="-33.443733" lon="23.862624">
        <ele>858.87</ele>
      </trkpt>
      <trkpt lat="-33.443821" lon="23.862865">
        <ele>858.44</ele>
      </trkpt>
      <trkpt lat="-33.44403" lon="23.863285">
        <ele>857.71</ele>
      </trkpt>
      <trkpt lat="-33.444432" lon="23.863998">
        <ele>860.51</ele>
      </trkpt>
      <trkpt lat="-33.44466" lon="23.86453">
        <ele>862.1</ele>
      </trkpt>
      <trkpt lat="-33.444759" lon="23.864842">
        <ele>862.79</ele>
      </trkpt>
      <trkpt lat="-33.444994" lon="23.865697">
        <ele>865.43</ele>
      </trkpt>
      <trkpt lat="-33.445109" lon="23.865898">
        <ele>866.23</ele>
      </trkpt>
      <trkpt lat="-33.445456" lon="23.866393">
        <ele>867.64</ele>
      </trkpt>
      <trkpt lat="-33.445699" lon="23.866706">
        <ele>869</ele>
      </trkpt>
      <trkpt lat="-33.44598" lon="23.866982">
        <ele>870.09</ele>
      </trkpt>
      <trkpt lat="-33.446594" lon="23.867529">
        <ele>871.63</ele>
      </trkpt>
      <trkpt lat="-33.447083" lon="23.867928">
        <ele>872.79</ele>
      </trkpt>
      <trkpt lat="-33.447437" lon="23.868155">
        <ele>874.22</ele>
      </trkpt>
      <trkpt lat="-33.448325" lon="23.868597">
        <ele>878.64</ele>
      </trkpt>
      <trkpt lat="-33.449037" lon="23.869003">
        <ele>882.6</ele>
      </trkpt>
      <trkpt lat="-33.449503" lon="23.869221">
        <ele>884.96</ele>
      </trkpt>
      <trkpt lat="-33.449838" lon="23.8693">
        <ele>887.18</ele>
      </trkpt>
      <trkpt lat="-33.450274" lon="23.869361">
        <ele>890.22</ele>
      </trkpt>
      <trkpt lat="-33.450554" lon="23.869426">
        <ele>892.15</ele>
      </trkpt>
      <trkpt lat="-33.450747" lon="23.86953">
        <ele>893.51</ele>
      </trkpt>
      <trkpt lat="-33.450905" lon="23.869687">
        <ele>894.61</ele>
      </trkpt>
      <trkpt lat="-33.451041" lon="23.869876">
        <ele>895.56</ele>
      </trkpt>
      <trkpt lat="-33.451189" lon="23.870163">
        <ele>897.59</ele>
      </trkpt>
      <trkpt lat="-33.451534" lon="23.870983">
        <ele>901.99</ele>
      </trkpt>
      <trkpt lat="-33.451764" lon="23.871529">
        <ele>906.73</ele>
      </trkpt>
      <trkpt lat="-33.452055" lon="23.872271">
        <ele>910.79</ele>
      </trkpt>
      <trkpt lat="-33.452194" lon="23.872604">
        <ele>911.37</ele>
      </trkpt>
      <trkpt lat="-33.452312" lon="23.872836">
        <ele>911.11</ele>
      </trkpt>
      <trkpt lat="-33.452426" lon="23.87299">
        <ele>911.08</ele>
      </trkpt>
      <trkpt lat="-33.452636" lon="23.873218">
        <ele>910.69</ele>
      </trkpt>
      <trkpt lat="-33.452911" lon="23.873427">
        <ele>910</ele>
      </trkpt>
      <trkpt lat="-33.453458" lon="23.873823">
        <ele>908.21</ele>
      </trkpt>
      <trkpt lat="-33.454066" lon="23.874281">
        <ele>906.87</ele>
      </trkpt>
      <trkpt lat="-33.454737" lon="23.874863">
        <ele>907.8</ele>
      </trkpt>
      <trkpt lat="-33.455298" lon="23.875211">
        <ele>909.1</ele>
      </trkpt>
      <trkpt lat="-33.455469" lon="23.875372">
        <ele>908.95</ele>
      </trkpt>
      <trkpt lat="-33.455713" lon="23.875649">
        <ele>909.03</ele>
      </trkpt>
      <trkpt lat="-33.455944" lon="23.875984">
        <ele>908.99</ele>
      </trkpt>
      <trkpt lat="-33.456025" lon="23.87617">
        <ele>908.92</ele>
      </trkpt>
      <trkpt lat="-33.456101" lon="23.876534">
        <ele>907.82</ele>
      </trkpt>
      <trkpt lat="-33.456136" lon="23.876778">
        <ele>907.4</ele>
      </trkpt>
      <trkpt lat="-33.456157" lon="23.877227">
        <ele>904.95</ele>
      </trkpt>
      <trkpt lat="-33.456149" lon="23.877967">
        <ele>901.6</ele>
      </trkpt>
      <trkpt lat="-33.456168" lon="23.878189">
        <ele>900.44</ele>
      </trkpt>
      <trkpt lat="-33.456344" lon="23.878978">
        <ele>897.07</ele>
      </trkpt>
      <trkpt lat="-33.456365" lon="23.879152">
        <ele>895.91</ele>
      </trkpt>
      <trkpt lat="-33.456369" lon="23.880242">
        <ele>889.21</ele>
      </trkpt>
      <trkpt lat="-33.456301" lon="23.880661">
        <ele>886.78</ele>
      </trkpt>
      <trkpt lat="-33.456091" lon="23.881788">
        <ele>881.17</ele>
      </trkpt>
      <trkpt lat="-33.455845" lon="23.883418">
        <ele>871.76</ele>
      </trkpt>
      <trkpt lat="-33.455603" lon="23.88528">
        <ele>862.95</ele>
      </trkpt>
      <trkpt lat="-33.455389" lon="23.886467">
        <ele>858.02</ele>
      </trkpt>
      <trkpt lat="-33.455201" lon="23.887395">
        <ele>855.34</ele>
      </trkpt>
      <trkpt lat="-33.454881" lon="23.88867">
        <ele>852</ele>
      </trkpt>
      <trkpt lat="-33.454698" lon="23.889489">
        <ele>852.02</ele>
      </trkpt>
      <trkpt lat="-33.454649" lon="23.88984">
        <ele>852.41</ele>
      </trkpt>
      <trkpt lat="-33.454632" lon="23.890115">
        <ele>852.77</ele>
      </trkpt>
      <trkpt lat="-33.454832" lon="23.89152">
        <ele>859.36</ele>
      </trkpt>
      <trkpt lat="-33.454855" lon="23.891894">
        <ele>861</ele>
      </trkpt>
      <trkpt lat="-33.454729" lon="23.89255">
        <ele>861</ele>
      </trkpt>
      <trkpt lat="-33.454702" lon="23.892924">
        <ele>860.52</ele>
      </trkpt>
      <trkpt lat="-33.454709" lon="23.893252">
        <ele>860.12</ele>
      </trkpt>
      <trkpt lat="-33.454824" lon="23.894125">
        <ele>861</ele>
      </trkpt>
      <trkpt lat="-33.454831" lon="23.894418">
        <ele>861.77</ele>
      </trkpt>
      <trkpt lat="-33.454804" lon="23.894768">
        <ele>860.95</ele>
      </trkpt>
      <trkpt lat="-33.454823" lon="23.894996">
        <ele>860.92</ele>
      </trkpt>
      <trkpt lat="-33.454922" lon="23.895494">
        <ele>861.33</ele>
      </trkpt>
      <trkpt lat="-33.455079" lon="23.896206">
        <ele>861.7</ele>
      </trkpt>
      <trkpt lat="-33.455221" lon="23.896977">
        <ele>862.63</ele>
      </trkpt>
      <trkpt lat="-33.455275" lon="23.897193">
        <ele>862.07</ele>
      </trkpt>
      <trkpt lat="-33.455381" lon="23.897485">
        <ele>862</ele>
      </trkpt>
      <trkpt lat="-33.455617" lon="23.898021">
        <ele>861.38</ele>
      </trkpt>
      <trkpt lat="-33.456115" lon="23.898941">
        <ele>859.41</ele>
      </trkpt>
      <trkpt lat="-33.456229" lon="23.899258">
        <ele>859.71</ele>
      </trkpt>
      <trkpt lat="-33.456419" lon="23.899882">
        <ele>860.04</ele>
      </trkpt>
      <trkpt lat="-33.456797" lon="23.901464">
        <ele>862</ele>
      </trkpt>
      <trkpt lat="-33.457223" lon="23.903097">
        <ele>859.36</ele>
      </trkpt>
      <trkpt lat="-33.457568" lon="23.904341">
        <ele>855.96</ele>
      </trkpt>
      <trkpt lat="-33.457784" lon="23.905019">
        <ele>853.54</ele>
      </trkpt>
      <trkpt lat="-33.457801" lon="23.905099">
        <ele>853.28</ele>
      </trkpt>
      <trkpt lat="-33.45792" lon="23.905644">
        <ele>851.51</ele>
      </trkpt>
      <trkpt lat="-33.458" lon="23.906269">
        <ele>848.83</ele>
      </trkpt>
      <trkpt lat="-33.458008" lon="23.906823">
        <ele>846.85</ele>
      </trkpt>
      <trkpt lat="-33.457994" lon="23.907612">
        <ele>843.99</ele>
      </trkpt>
      <trkpt lat="-33.457864" lon="23.909472">
        <ele>838.92</ele>
      </trkpt>
      <trkpt lat="-33.457842" lon="23.910159">
        <ele>837.32</ele>
      </trkpt>
      <trkpt lat="-33.457735" lon="23.910592">
        <ele>836.55</ele>
      </trkpt>
      <trkpt lat="-33.457603" lon="23.911021">
        <ele>835.71</ele>
      </trkpt>
      <trkpt lat="-33.457557" lon="23.911315">
        <ele>835.07</ele>
      </trkpt>
      <trkpt lat="-33.457596" lon="23.911545">
        <ele>834.58</ele>
      </trkpt>
      <trkpt lat="-33.457752" lon="23.911979">
        <ele>832.67</ele>
      </trkpt>
      <trkpt lat="-33.458003" lon="23.912601">
        <ele>830.93</ele>
      </trkpt>
      <trkpt lat="-33.458305" lon="23.913427">
        <ele>827.87</ele>
      </trkpt>
      <trkpt lat="-33.458444" lon="23.913964">
        <ele>827.13</ele>
      </trkpt>
      <trkpt lat="-33.458509" lon="23.914112">
        <ele>826.29</ele>
      </trkpt>
      <trkpt lat="-33.458661" lon="23.914292">
        <ele>826</ele>
      </trkpt>
      <trkpt lat="-33.458812" lon="23.914429">
        <ele>825.84</ele>
      </trkpt>
      <trkpt lat="-33.458951" lon="23.914704">
        <ele>825.53</ele>
      </trkpt>
      <trkpt lat="-33.459005" lon="23.915037">
        <ele>824</ele>
      </trkpt>
      <trkpt lat="-33.458982" lon="23.915502">
        <ele>824.61</ele>
      </trkpt>
      <trkpt lat="-33.459041" lon="23.915723">
        <ele>825.23</ele>
      </trkpt>
      <trkpt lat="-33.459139" lon="23.915927">
        <ele>824.47</ele>
      </trkpt>
      <trkpt lat="-33.459202" lon="23.916099">
        <ele>823</ele>
      </trkpt>
      <trkpt lat="-33.459219" lon="23.916187">
        <ele>823</ele>
      </trkpt>
      <trkpt lat="-33.459136" lon="23.916495">
        <ele>822</ele>
      </trkpt>
      <trkpt lat="-33.458921" lon="23.917009">
        <ele>820.71</ele>
      </trkpt>
      <trkpt lat="-33.458837" lon="23.917403">
        <ele>820.75</ele>
      </trkpt>
      <trkpt lat="-33.458686" lon="23.917796">
        <ele>819.67</ele>
      </trkpt>
      <trkpt lat="-33.458649" lon="23.917946">
        <ele>819.16</ele>
      </trkpt>
      <trkpt lat="-33.458643" lon="23.918121">
        <ele>819.05</ele>
      </trkpt>
      <trkpt lat="-33.45867" lon="23.918284">
        <ele>818.48</ele>
      </trkpt>
      <trkpt lat="-33.458882" lon="23.919229">
        <ele>816.31</ele>
      </trkpt>
      <trkpt lat="-33.458937" lon="23.91964">
        <ele>814.73</ele>
      </trkpt>
      <trkpt lat="-33.458964" lon="23.919774">
        <ele>814.62</ele>
      </trkpt>
      <trkpt lat="-33.459015" lon="23.919969">
        <ele>815.16</ele>
      </trkpt>
      <trkpt lat="-33.459153" lon="23.920618">
        <ele>816.09</ele>
      </trkpt>
      <trkpt lat="-33.45921" lon="23.920777">
        <ele>816.49</ele>
      </trkpt>
      <trkpt lat="-33.459358" lon="23.920963">
        <ele>817.52</ele>
      </trkpt>
      <trkpt lat="-33.459568" lon="23.921138">
        <ele>818.42</ele>
      </trkpt>
      <trkpt lat="-33.459761" lon="23.921338">
        <ele>818.28</ele>
      </trkpt>
      <trkpt lat="-33.460282" lon="23.922303">
        <ele>814.67</ele>
      </trkpt>
      <trkpt lat="-33.460571" lon="23.922888">
        <ele>810.53</ele>
      </trkpt>
      <trkpt lat="-33.460716" lon="23.923181">
        <ele>809.99</ele>
      </trkpt>
      <trkpt lat="-33.461061" lon="23.923946">
        <ele>812.93</ele>
      </trkpt>
      <trkpt lat="-33.462494" lon="23.927007">
        <ele>827.8</ele>
      </trkpt>
      <trkpt lat="-33.462686" lon="23.92745">
        <ele>829</ele>
      </trkpt>
      <trkpt lat="-33.462865" lon="23.927925">
        <ele>830</ele>
      </trkpt>
      <trkpt lat="-33.462975" lon="23.928194">
        <ele>830.42</ele>
      </trkpt>
      <trkpt lat="-33.463029" lon="23.928303">
        <ele>831</ele>
      </trkpt>
      <trkpt lat="-33.463123" lon="23.928405">
        <ele>831</ele>
      </trkpt>
      <trkpt lat="-33.463173" lon="23.92848">
        <ele>831.1</ele>
      </trkpt>
      <trkpt lat="-33.463312" lon="23.928724">
        <ele>832</ele>
      </trkpt>
      <trkpt lat="-33.463588" lon="23.929159">
        <ele>832</ele>
      </trkpt>
      <trkpt lat="-33.463737" lon="23.929426">
        <ele>831.97</ele>
      </trkpt>
      <trkpt lat="-33.463982" lon="23.929979">
        <ele>831</ele>
      </trkpt>
      <trkpt lat="-33.464126" lon="23.93027">
        <ele>830.25</ele>
      </trkpt>
      <trkpt lat="-33.464294" lon="23.930636">
        <ele>830</ele>
      </trkpt>
      <trkpt lat="-33.464387" lon="23.930916">
        <ele>828.77</ele>
      </trkpt>
      <trkpt lat="-33.464579" lon="23.93169">
        <ele>827.09</ele>
      </trkpt>
      <trkpt lat="-33.464723" lon="23.932186">
        <ele>825.09</ele>
      </trkpt>
      <trkpt lat="-33.464781" lon="23.932421">
        <ele>823.95</ele>
      </trkpt>
      <trkpt lat="-33.464821" lon="23.932653">
        <ele>823.2</ele>
      </trkpt>
      <trkpt lat="-33.464917" lon="23.933478">
        <ele>820.74</ele>
      </trkpt>
      <trkpt lat="-33.464918" lon="23.933679">
        <ele>820.26</ele>
      </trkpt>
      <trkpt lat="-33.464742" lon="23.935131">
        <ele>817.04</ele>
      </trkpt>
      <trkpt lat="-33.464643" lon="23.937545">
        <ele>812</ele>
      </trkpt>
      <trkpt lat="-33.464666" lon="23.937891">
        <ele>812</ele>
      </trkpt>
      <trkpt lat="-33.464768" lon="23.938296">
        <ele>811.78</ele>
      </trkpt>
      <trkpt lat="-33.465153" lon="23.939408">
        <ele>811.87</ele>
      </trkpt>
      <trkpt lat="-33.465346" lon="23.939964">
        <ele>809.75</ele>
      </trkpt>
      <trkpt lat="-33.465371" lon="23.940184">
        <ele>809.58</ele>
      </trkpt>
      <trkpt lat="-33.465364" lon="23.940479">
        <ele>809.62</ele>
      </trkpt>
      <trkpt lat="-33.465296" lon="23.940989">
        <ele>809.1</ele>
      </trkpt>
      <trkpt lat="-33.465294" lon="23.941524">
        <ele>807.03</ele>
      </trkpt>
      <trkpt lat="-33.465319" lon="23.942434">
        <ele>804.52</ele>
      </trkpt>
      <trkpt lat="-33.465412" lon="23.94316">
        <ele>799.69</ele>
      </trkpt>
      <trkpt lat="-33.465695" lon="23.944495">
        <ele>790.64</ele>
      </trkpt>
      <trkpt lat="-33.465785" lon="23.945097">
        <ele>788.1</ele>
      </trkpt>
      <trkpt lat="-33.465856" lon="23.945397">
        <ele>786.52</ele>
      </trkpt>
      <trkpt lat="-33.466093" lon="23.945898">
        <ele>786.46</ele>
      </trkpt>
      <trkpt lat="-33.466205" lon="23.946251">
        <ele>787.91</ele>
      </trkpt>
      <trkpt lat="-33.466231" lon="23.946458">
        <ele>788.42</ele>
      </trkpt>
      <trkpt lat="-33.466188" lon="23.946892">
        <ele>789.12</ele>
      </trkpt>
      <trkpt lat="-33.466218" lon="23.947107">
        <ele>789.87</ele>
      </trkpt>
      <trkpt lat="-33.466597" lon="23.948159">
        <ele>794.99</ele>
      </trkpt>
      <trkpt lat="-33.467093" lon="23.949393">
        <ele>800.35</ele>
      </trkpt>
      <trkpt lat="-33.467603" lon="23.950296">
        <ele>803.08</ele>
      </trkpt>
      <trkpt lat="-33.468171" lon="23.951312">
        <ele>808.99</ele>
      </trkpt>
      <trkpt lat="-33.468284" lon="23.951462">
        <ele>809.86</ele>
      </trkpt>
      <trkpt lat="-33.468447" lon="23.951589">
        <ele>810.6</ele>
      </trkpt>
      <trkpt lat="-33.468956" lon="23.951789">
        <ele>812.31</ele>
      </trkpt>
      <trkpt lat="-33.469541" lon="23.951965">
        <ele>813.79</ele>
      </trkpt>
      <trkpt lat="-33.469827" lon="23.95203">
        <ele>815.17</ele>
      </trkpt>
      <trkpt lat="-33.46997" lon="23.952091">
        <ele>815.52</ele>
      </trkpt>
      <trkpt lat="-33.470195" lon="23.95228">
        <ele>816.62</ele>
      </trkpt>
      <trkpt lat="-33.47051" lon="23.952637">
        <ele>818.7</ele>
      </trkpt>
      <trkpt lat="-33.471014" lon="23.953249">
        <ele>820.44</ele>
      </trkpt>
      <trkpt lat="-33.47125" lon="23.95359">
        <ele>821.54</ele>
      </trkpt>
      <trkpt lat="-33.471345" lon="23.953768">
        <ele>822</ele>
      </trkpt>
      <trkpt lat="-33.471486" lon="23.954156">
        <ele>823</ele>
      </trkpt>
      <trkpt lat="-33.471541" lon="23.954433">
        <ele>822.49</ele>
      </trkpt>
      <trkpt lat="-33.471571" lon="23.954733">
        <ele>822</ele>
      </trkpt>
      <trkpt lat="-33.471563" lon="23.955112">
        <ele>820.91</ele>
      </trkpt>
      <trkpt lat="-33.471512" lon="23.955401">
        <ele>820</ele>
      </trkpt>
      <trkpt lat="-33.471432" lon="23.955691">
        <ele>819.55</ele>
      </trkpt>
      <trkpt lat="-33.47134" lon="23.956068">
        <ele>818.35</ele>
      </trkpt>
      <trkpt lat="-33.47126" lon="23.956508">
        <ele>816.8</ele>
      </trkpt>
      <trkpt lat="-33.471208" lon="23.956925">
        <ele>815.33</ele>
      </trkpt>
      <trkpt lat="-33.471184" lon="23.957272">
        <ele>814.4</ele>
      </trkpt>
      <trkpt lat="-33.471187" lon="23.957543">
        <ele>813.79</ele>
      </trkpt>
      <trkpt lat="-33.47125" lon="23.958076">
        <ele>811.68</ele>
      </trkpt>
      <trkpt lat="-33.471471" lon="23.959341">
        <ele>807.31</ele>
      </trkpt>
      <trkpt lat="-33.471512" lon="23.959546">
        <ele>806.14</ele>
      </trkpt>
      <trkpt lat="-33.471619" lon="23.959793">
        <ele>805</ele>
      </trkpt>
      <trkpt lat="-33.472335" lon="23.961015">
        <ele>803.98</ele>
      </trkpt>
      <trkpt lat="-33.473491" lon="23.96297">
        <ele>808</ele>
      </trkpt>
      <trkpt lat="-33.4739" lon="23.963722">
        <ele>811.56</ele>
      </trkpt>
      <trkpt lat="-33.47496" lon="23.965671">
        <ele>817.48</ele>
      </trkpt>
      <trkpt lat="-33.475675" lon="23.967187">
        <ele>820</ele>
      </trkpt>
      <trkpt lat="-33.475822" lon="23.967575">
        <ele>819</ele>
      </trkpt>
      <trkpt lat="-33.47585" lon="23.967768">
        <ele>818.69</ele>
      </trkpt>
      <trkpt lat="-33.475866" lon="23.967955">
        <ele>818.42</ele>
      </trkpt>
      <trkpt lat="-33.47589" lon="23.969228">
        <ele>817.14</ele>
      </trkpt>
      <trkpt lat="-33.47592" lon="23.969676">
        <ele>816.05</ele>
      </trkpt>
      <trkpt lat="-33.476076" lon="23.970776">
        <ele>812.95</ele>
      </trkpt>
      <trkpt lat="-33.476314" lon="23.972313">
        <ele>807.6</ele>
      </trkpt>
      <trkpt lat="-33.47634" lon="23.972547">
        <ele>806.79</ele>
      </trkpt>
      <trkpt lat="-33.476416" lon="23.973636">
        <ele>802.59</ele>
      </trkpt>
      <trkpt lat="-33.476489" lon="23.973973">
        <ele>801.08</ele>
      </trkpt>
      <trkpt lat="-33.476853" lon="23.975265">
        <ele>798.86</ele>
      </trkpt>
      <trkpt lat="-33.47713" lon="23.97632">
        <ele>798.76</ele>
      </trkpt>
      <trkpt lat="-33.477354" lon="23.97701">
        <ele>798.94</ele>
      </trkpt>
      <trkpt lat="-33.477427" lon="23.977419">
        <ele>799</ele>
      </trkpt>
      <trkpt lat="-33.477446" lon="23.977733">
        <ele>798.75</ele>
      </trkpt>
      <trkpt lat="-33.47743" lon="23.978453">
        <ele>799.27</ele>
      </trkpt>
      <trkpt lat="-33.477446" lon="23.978638">
        <ele>800.81</ele>
      </trkpt>
      <trkpt lat="-33.477508" lon="23.978839">
        <ele>802.02</ele>
      </trkpt>
      <trkpt lat="-33.47783" lon="23.9793">
        <ele>804.64</ele>
      </trkpt>
      <trkpt lat="-33.478179" lon="23.979898">
        <ele>807.55</ele>
      </trkpt>
      <trkpt lat="-33.478479" lon="23.980501">
        <ele>809.91</ele>
      </trkpt>
      <trkpt lat="-33.478861" lon="23.981349">
        <ele>813.18</ele>
      </trkpt>
      <trkpt lat="-33.479244" lon="23.982419">
        <ele>816.75</ele>
      </trkpt>
      <trkpt lat="-33.479392" lon="23.982923">
        <ele>817.78</ele>
      </trkpt>
      <trkpt lat="-33.479503" lon="23.983454">
        <ele>819.94</ele>
      </trkpt>
      <trkpt lat="-33.479638" lon="23.984158">
        <ele>822.97</ele>
      </trkpt>
      <trkpt lat="-33.479809" lon="23.984758">
        <ele>825.45</ele>
      </trkpt>
      <trkpt lat="-33.479945" lon="23.985274">
        <ele>827.45</ele>
      </trkpt>
      <trkpt lat="-33.480005" lon="23.985734">
        <ele>829.12</ele>
      </trkpt>
      <trkpt lat="-33.480041" lon="23.98622">
        <ele>830</ele>
      </trkpt>
      <trkpt lat="-33.480171" lon="23.987492">
        <ele>826.66</ele>
      </trkpt>
      <trkpt lat="-33.480302" lon="23.988765">
        <ele>820.26</ele>
      </trkpt>
      <trkpt lat="-33.480363" lon="23.989518">
        <ele>816.79</ele>
      </trkpt>
      <trkpt lat="-33.480352" lon="23.990442">
        <ele>812.35</ele>
      </trkpt>
      <trkpt lat="-33.480253" lon="23.992317">
        <ele>801.76</ele>
      </trkpt>
      <trkpt lat="-33.480173" lon="23.99348">
        <ele>796.59</ele>
      </trkpt>
      <trkpt lat="-33.480196" lon="23.993839">
        <ele>795.76</ele>
      </trkpt>
      <trkpt lat="-33.480319" lon="23.994654">
        <ele>795.61</ele>
      </trkpt>
      <trkpt lat="-33.480484" lon="23.995651">
        <ele>797.95</ele>
      </trkpt>
      <trkpt lat="-33.480591" lon="23.996109">
        <ele>797.49</ele>
      </trkpt>
      <trkpt lat="-33.480645" lon="23.996422">
        <ele>796.77</ele>
      </trkpt>
      <trkpt lat="-33.48062" lon="23.99675">
        <ele>795.53</ele>
      </trkpt>
      <trkpt lat="-33.480566" lon="23.997276">
        <ele>795.1</ele>
      </trkpt>
      <trkpt lat="-33.480592" lon="23.99752">
        <ele>793.96</ele>
      </trkpt>
      <trkpt lat="-33.480705" lon="23.997945">
        <ele>791.39</ele>
      </trkpt>
      <trkpt lat="-33.480898" lon="23.998613">
        <ele>787.7</ele>
      </trkpt>
      <trkpt lat="-33.480944" lon="23.999045">
        <ele>786.06</ele>
      </trkpt>
      <trkpt lat="-33.480962" lon="23.999641">
        <ele>783.83</ele>
      </trkpt>
      <trkpt lat="-33.48095" lon="24.000028">
        <ele>781.97</ele>
      </trkpt>
      <trkpt lat="-33.480894" lon="24.000428">
        <ele>782.29</ele>
      </trkpt>
      <trkpt lat="-33.480936" lon="24.000858">
        <ele>780.35</ele>
      </trkpt>
      <trkpt lat="-33.481" lon="24.001279">
        <ele>777.93</ele>
      </trkpt>
      <trkpt lat="-33.48103" lon="24.001628">
        <ele>776.07</ele>
      </trkpt>
      <trkpt lat="-33.481155" lon="24.002272">
        <ele>771.28</ele>
      </trkpt>
      <trkpt lat="-33.481147" lon="24.002441">
        <ele>770.2</ele>
      </trkpt>
      <trkpt lat="-33.481086" lon="24.002627">
        <ele>769.05</ele>
      </trkpt>
      <trkpt lat="-33.48074" lon="24.003109">
        <ele>768.17</ele>
      </trkpt>
      <trkpt lat="-33.480614" lon="24.003307">
        <ele>766.94</ele>
      </trkpt>
      <trkpt lat="-33.480373" lon="24.003632">
        <ele>764.82</ele>
      </trkpt>
      <trkpt lat="-33.480131" lon="24.00383">
        <ele>763.67</ele>
      </trkpt>
      <trkpt lat="-33.479848" lon="24.003993">
        <ele>762.72</ele>
      </trkpt>
      <trkpt lat="-33.479693" lon="24.00406">
        <ele>761.58</ele>
      </trkpt>
      <trkpt lat="-33.4796" lon="24.004159">
        <ele>761</ele>
      </trkpt>
      <trkpt lat="-33.479462" lon="24.004434">
        <ele>760.16</ele>
      </trkpt>
      <trkpt lat="-33.479057" lon="24.005409">
        <ele>760.33</ele>
      </trkpt>
      <trkpt lat="-33.478488" lon="24.006306">
        <ele>760.44</ele>
      </trkpt>
      <trkpt lat="-33.477939" lon="24.00702">
        <ele>757.04</ele>
      </trkpt>
      <trkpt lat="-33.477389" lon="24.007734">
        <ele>757.19</ele>
      </trkpt>
      <trkpt lat="-33.476718" lon="24.00859">
        <ele>753.51</ele>
      </trkpt>
      <trkpt lat="-33.476469" lon="24.008981">
        <ele>751.56</ele>
      </trkpt>
      <trkpt lat="-33.476148" lon="24.009574">
        <ele>748.54</ele>
      </trkpt>
      <trkpt lat="-33.475849" lon="24.009876">
        <ele>746.46</ele>
      </trkpt>
      <trkpt lat="-33.475105" lon="24.010529">
        <ele>742</ele>
      </trkpt>
      <trkpt lat="-33.474785" lon="24.010837">
        <ele>740.04</ele>
      </trkpt>
      <trkpt lat="-33.474621" lon="24.011063">
        <ele>738.9</ele>
      </trkpt>
      <trkpt lat="-33.474437" lon="24.011413">
        <ele>738</ele>
      </trkpt>
      <trkpt lat="-33.473858" lon="24.012809">
        <ele>734.57</ele>
      </trkpt>
      <trkpt lat="-33.473539" lon="24.013523">
        <ele>732.56</ele>
      </trkpt>
      <trkpt lat="-33.473286" lon="24.013908">
        <ele>731.04</ele>
      </trkpt>
      <trkpt lat="-33.473173" lon="24.014206">
        <ele>730.8</ele>
      </trkpt>
      <trkpt lat="-33.47284" lon="24.0154">
        <ele>729.29</ele>
      </trkpt>
      <trkpt lat="-33.472438" lon="24.016789">
        <ele>727.68</ele>
      </trkpt>
      <trkpt lat="-33.471687" lon="24.019596">
        <ele>721</ele>
      </trkpt>
      <trkpt lat="-33.471556" lon="24.0199">
        <ele>720.54</ele>
      </trkpt>
      <trkpt lat="-33.469047" lon="24.023153">
        <ele>708</ele>
      </trkpt>
      <trkpt lat="-33.468313" lon="24.024063">
        <ele>705</ele>
      </trkpt>
      <trkpt lat="-33.468104" lon="24.024352">
        <ele>704</ele>
      </trkpt>
      <trkpt lat="-33.46747" lon="24.025426">
        <ele>701.16</ele>
      </trkpt>
      <trkpt lat="-33.466496" lon="24.026949">
        <ele>697</ele>
      </trkpt>
      <trkpt lat="-33.466411" lon="24.027175">
        <ele>696</ele>
      </trkpt>
      <trkpt lat="-33.466339" lon="24.027637">
        <ele>695</ele>
      </trkpt>
      <trkpt lat="-33.466253" lon="24.028442">
        <ele>693.32</ele>
      </trkpt>
      <trkpt lat="-33.466206" lon="24.028679">
        <ele>692.65</ele>
      </trkpt>
      <trkpt lat="-33.46617" lon="24.028863">
        <ele>692.12</ele>
      </trkpt>
      <trkpt lat="-33.465949" lon="24.029553">
        <ele>690</ele>
      </trkpt>
      <trkpt lat="-33.465762" lon="24.029996">
        <ele>688.54</ele>
      </trkpt>
      <trkpt lat="-33.465349" lon="24.030592">
        <ele>688</ele>
      </trkpt>
      <trkpt lat="-33.465203" lon="24.03086">
        <ele>688.87</ele>
      </trkpt>
      <trkpt lat="-33.46514" lon="24.031102">
        <ele>689.17</ele>
      </trkpt>
      <trkpt lat="-33.465105" lon="24.03141">
        <ele>689.43</ele>
      </trkpt>
      <trkpt lat="-33.46512" lon="24.031816">
        <ele>688.65</ele>
      </trkpt>
      <trkpt lat="-33.465182" lon="24.032349">
        <ele>687.89</ele>
      </trkpt>
      <trkpt lat="-33.465179" lon="24.032653">
        <ele>687.83</ele>
      </trkpt>
      <trkpt lat="-33.465075" lon="24.033073">
        <ele>687.92</ele>
      </trkpt>
      <trkpt lat="-33.464926" lon="24.033433">
        <ele>687.61</ele>
      </trkpt>
      <trkpt lat="-33.464385" lon="24.034261">
        <ele>685.07</ele>
      </trkpt>
      <trkpt lat="-33.464183" lon="24.034523">
        <ele>683.4</ele>
      </trkpt>
      <trkpt lat="-33.4631" lon="24.035566">
        <ele>680.55</ele>
      </trkpt>
      <trkpt lat="-33.462393" lon="24.036266">
        <ele>681.41</ele>
      </trkpt>
      <trkpt lat="-33.462138" lon="24.03659">
        <ele>682.11</ele>
      </trkpt>
      <trkpt lat="-33.46195" lon="24.036917">
        <ele>682.42</ele>
      </trkpt>
      <trkpt lat="-33.461792" lon="24.037331">
        <ele>683.57</ele>
      </trkpt>
      <trkpt lat="-33.461688" lon="24.037712">
        <ele>684</ele>
      </trkpt>
      <trkpt lat="-33.461631" lon="24.038223">
        <ele>684</ele>
      </trkpt>
      <trkpt lat="-33.461445" lon="24.040117">
        <ele>679</ele>
      </trkpt>
      <trkpt lat="-33.461363" lon="24.040509">
        <ele>677.7</ele>
      </trkpt>
      <trkpt lat="-33.460988" lon="24.041652">
        <ele>673</ele>
      </trkpt>
      <trkpt lat="-33.460805" lon="24.042034">
        <ele>672</ele>
      </trkpt>
      <trkpt lat="-33.460115" lon="24.043211">
        <ele>669</ele>
      </trkpt>
      <trkpt lat="-33.457733" lon="24.047006">
        <ele>663.71</ele>
      </trkpt>
      <trkpt lat="-33.457157" lon="24.047887">
        <ele>662</ele>
      </trkpt>
      <trkpt lat="-33.457079" lon="24.048072">
        <ele>662</ele>
      </trkpt>
      <trkpt lat="-33.457076" lon="24.04826">
        <ele>662</ele>
      </trkpt>
      <trkpt lat="-33.45712" lon="24.048487">
        <ele>662</ele>
      </trkpt>
      <trkpt lat="-33.45789" lon="24.051916">
        <ele>659</ele>
      </trkpt>
      <trkpt lat="-33.458054" lon="24.052432">
        <ele>657.09</ele>
      </trkpt>
      <trkpt lat="-33.458569" lon="24.053857">
        <ele>653</ele>
      </trkpt>
      <trkpt lat="-33.458845" lon="24.054646">
        <ele>652</ele>
      </trkpt>
      <trkpt lat="-33.459181" lon="24.055414">
        <ele>651.76</ele>
      </trkpt>
      <trkpt lat="-33.45957" lon="24.056302">
        <ele>649</ele>
      </trkpt>
      <trkpt lat="-33.460139" lon="24.057471">
        <ele>651.2</ele>
      </trkpt>
      <trkpt lat="-33.460922" lon="24.05946">
        <ele>655</ele>
      </trkpt>
      <trkpt lat="-33.461191" lon="24.060138">
        <ele>655</ele>
      </trkpt>
      <trkpt lat="-33.461336" lon="24.060534">
        <ele>655</ele>
      </trkpt>
      <trkpt lat="-33.462525" lon="24.066092">
        <ele>649.4</ele>
      </trkpt>
      <trkpt lat="-33.462687" lon="24.067276">
        <ele>648</ele>
      </trkpt>
      <trkpt lat="-33.462826" lon="24.068481">
        <ele>647</ele>
      </trkpt>
      <trkpt lat="-33.463151" lon="24.071932">
        <ele>645</ele>
      </trkpt>
      <trkpt lat="-33.463757" lon="24.078226">
        <ele>644.9</ele>
      </trkpt>
      <trkpt lat="-33.46404" lon="24.080989">
        <ele>644.19</ele>
      </trkpt>
      <trkpt lat="-33.46451" lon="24.085579">
        <ele>639</ele>
      </trkpt>
      <trkpt lat="-33.464805" lon="24.088457">
        <ele>637.48</ele>
      </trkpt>
      <trkpt lat="-33.465195" lon="24.092281">
        <ele>638.19</ele>
      </trkpt>
      <trkpt lat="-33.465956" lon="24.099879">
        <ele>646.88</ele>
      </trkpt>
      <trkpt lat="-33.466751" lon="24.10774">
        <ele>646.04</ele>
      </trkpt>
      <trkpt lat="-33.467239" lon="24.112577">
        <ele>651</ele>
      </trkpt>
      <trkpt lat="-33.467361" lon="24.113405">
        <ele>651</ele>
      </trkpt>
      <trkpt lat="-33.467453" lon="24.113878">
        <ele>651</ele>
      </trkpt>
      <trkpt lat="-33.467509" lon="24.114105">
        <ele>651</ele>
      </trkpt>
      <trkpt lat="-33.467583" lon="24.114316">
        <ele>651</ele>
      </trkpt>
      <trkpt lat="-33.467896" lon="24.114697">
        <ele>651</ele>
      </trkpt>
      <trkpt lat="-33.468228" lon="24.11502">
        <ele>651</ele>
      </trkpt>
      <trkpt lat="-33.468613" lon="24.115329">
        <ele>651.01</ele>
      </trkpt>
      <trkpt lat="-33.469897" lon="24.116225">
        <ele>652.86</ele>
      </trkpt>
      <trkpt lat="-33.471419" lon="24.11727">
        <ele>648.12</ele>
      </trkpt>
      <trkpt lat="-33.472755" lon="24.118218">
        <ele>649</ele>
      </trkpt>
      <trkpt lat="-33.474058" lon="24.119134">
        <ele>652.99</ele>
      </trkpt>
      <trkpt lat="-33.475257" lon="24.119945">
        <ele>657.14</ele>
      </trkpt>
      <trkpt lat="-33.477052" lon="24.121245">
        <ele>666</ele>
      </trkpt>
      <trkpt lat="-33.477461" lon="24.12158">
        <ele>667.69</ele>
      </trkpt>
      <trkpt lat="-33.477988" lon="24.122108">
        <ele>666.63</ele>
      </trkpt>
      <trkpt lat="-33.478371" lon="24.122543">
        <ele>663.48</ele>
      </trkpt>
      <trkpt lat="-33.478946" lon="24.123197">
        <ele>662.7</ele>
      </trkpt>
      <trkpt lat="-33.480249" lon="24.124742">
        <ele>661.72</ele>
      </trkpt>
      <trkpt lat="-33.480923" lon="24.125699">
        <ele>661.99</ele>
      </trkpt>
      <trkpt lat="-33.481794" lon="24.126889">
        <ele>664</ele>
      </trkpt>
      <trkpt lat="-33.48248" lon="24.12786">
        <ele>665</ele>
      </trkpt>
      <trkpt lat="-33.482877" lon="24.128394">
        <ele>666.55</ele>
      </trkpt>
      <trkpt lat="-33.483369" lon="24.128983">
        <ele>669.86</ele>
      </trkpt>
      <trkpt lat="-33.483803" lon="24.129341">
        <ele>672.06</ele>
      </trkpt>
      <trkpt lat="-33.484872" lon="24.130159">
        <ele>677.82</ele>
      </trkpt>
      <trkpt lat="-33.485371" lon="24.130587">
        <ele>679.3</ele>
      </trkpt>
      <trkpt lat="-33.486558" lon="24.131946">
        <ele>683.19</ele>
      </trkpt>
      <trkpt lat="-33.487919" lon="24.133442">
        <ele>685</ele>
      </trkpt>
      <trkpt lat="-33.488555" lon="24.134148">
        <ele>687.01</ele>
      </trkpt>
      <trkpt lat="-33.489872" lon="24.135581">
        <ele>692.34</ele>
      </trkpt>
      <trkpt lat="-33.491675" lon="24.137591">
        <ele>697</ele>
      </trkpt>
      <trkpt lat="-33.491981" lon="24.138038">
        <ele>697.63</ele>
      </trkpt>
      <trkpt lat="-33.493175" lon="24.140052">
        <ele>699.26</ele>
      </trkpt>
      <trkpt lat="-33.493628" lon="24.140857">
        <ele>700.02</ele>
      </trkpt>
      <trkpt lat="-33.493834" lon="24.141156">
        <ele>700.8</ele>
      </trkpt>
      <trkpt lat="-33.494042" lon="24.141336">
        <ele>701</ele>
      </trkpt>
      <trkpt lat="-33.494299" lon="24.141509">
        <ele>701.06</ele>
      </trkpt>
      <trkpt lat="-33.494543" lon="24.141632">
        <ele>702</ele>
      </trkpt>
      <trkpt lat="-33.494934" lon="24.141764">
        <ele>703</ele>
      </trkpt>
      <trkpt lat="-33.496174" lon="24.14212">
        <ele>705</ele>
      </trkpt>
      <trkpt lat="-33.497" lon="24.142329">
        <ele>706</ele>
      </trkpt>
      <trkpt lat="-33.497315" lon="24.142448">
        <ele>707</ele>
      </trkpt>
      <trkpt lat="-33.497503" lon="24.142532">
        <ele>707</ele>
      </trkpt>
      <trkpt lat="-33.497743" lon="24.142682">
        <ele>708</ele>
      </trkpt>
      <trkpt lat="-33.498177" lon="24.143033">
        <ele>709</ele>
      </trkpt>
      <trkpt lat="-33.499043" lon="24.14371">
        <ele>711</ele>
      </trkpt>
      <trkpt lat="-33.500225" lon="24.144609">
        <ele>714.9</ele>
      </trkpt>
      <trkpt lat="-33.500624" lon="24.144939">
        <ele>715.17</ele>
      </trkpt>
      <trkpt lat="-33.500844" lon="24.14506">
        <ele>716</ele>
      </trkpt>
      <trkpt lat="-33.501053" lon="24.145136">
        <ele>717</ele>
      </trkpt>
      <trkpt lat="-33.501529" lon="24.145225">
        <ele>718.2</ele>
      </trkpt>
      <trkpt lat="-33.502005" lon="24.145314">
        <ele>721.73</ele>
      </trkpt>
      <trkpt lat="-33.502467" lon="24.145382">
        <ele>725.35</ele>
      </trkpt>
      <trkpt lat="-33.502733" lon="24.145457">
        <ele>727.42</ele>
      </trkpt>
      <trkpt lat="-33.50301" lon="24.145589">
        <ele>729.44</ele>
      </trkpt>
      <trkpt lat="-33.503276" lon="24.145789">
        <ele>730.49</ele>
      </trkpt>
      <trkpt lat="-33.504043" lon="24.146634">
        <ele>730.6</ele>
      </trkpt>
      <trkpt lat="-33.504311" lon="24.146951">
        <ele>731.45</ele>
      </trkpt>
      <trkpt lat="-33.504433" lon="24.147231">
        <ele>732.02</ele>
      </trkpt>
      <trkpt lat="-33.504497" lon="24.147529">
        <ele>732.81</ele>
      </trkpt>
      <trkpt lat="-33.504751" lon="24.150034">
        <ele>741.02</ele>
      </trkpt>
      <trkpt lat="-33.505037" lon="24.152586">
        <ele>747.01</ele>
      </trkpt>
      <trkpt lat="-33.505321" lon="24.154982">
        <ele>752.16</ele>
      </trkpt>
      <trkpt lat="-33.505478" lon="24.156309">
        <ele>755.01</ele>
      </trkpt>
      <trkpt lat="-33.505525" lon="24.156881">
        <ele>757</ele>
      </trkpt>
      <trkpt lat="-33.505525" lon="24.157187">
        <ele>757</ele>
      </trkpt>
      <trkpt lat="-33.505477" lon="24.157578">
        <ele>758</ele>
      </trkpt>
      <trkpt lat="-33.505301" lon="24.158674">
        <ele>757.61</ele>
      </trkpt>
      <trkpt lat="-33.505177" lon="24.159624">
        <ele>755.96</ele>
      </trkpt>
      <trkpt lat="-33.505133" lon="24.160032">
        <ele>754.89</ele>
      </trkpt>
      <trkpt lat="-33.505112" lon="24.160372">
        <ele>753.54</ele>
      </trkpt>
      <trkpt lat="-33.505166" lon="24.162182">
        <ele>748.16</ele>
      </trkpt>
      <trkpt lat="-33.505237" lon="24.165253">
        <ele>740.81</ele>
      </trkpt>
      <trkpt lat="-33.505262" lon="24.166489">
        <ele>740.49</ele>
      </trkpt>
      <trkpt lat="-33.505237" lon="24.166916">
        <ele>739.14</ele>
      </trkpt>
      <trkpt lat="-33.505136" lon="24.167599">
        <ele>737.25</ele>
      </trkpt>
      <trkpt lat="-33.504957" lon="24.168197">
        <ele>735.29</ele>
      </trkpt>
      <trkpt lat="-33.504467" lon="24.169593">
        <ele>733.02</ele>
      </trkpt>
      <trkpt lat="-33.504356" lon="24.170093">
        <ele>732.62</ele>
      </trkpt>
      <trkpt lat="-33.504167" lon="24.171805">
        <ele>729.57</ele>
      </trkpt>
      <trkpt lat="-33.503843" lon="24.174194">
        <ele>720.55</ele>
      </trkpt>
      <trkpt lat="-33.503698" lon="24.17563">
        <ele>717.4</ele>
      </trkpt>
      <trkpt lat="-33.503625" lon="24.176208">
        <ele>716.36</ele>
      </trkpt>
      <trkpt lat="-33.50362" lon="24.176548">
        <ele>715.92</ele>
      </trkpt>
      <trkpt lat="-33.50367" lon="24.176933">
        <ele>715.95</ele>
      </trkpt>
      <trkpt lat="-33.503838" lon="24.177797">
        <ele>716.05</ele>
      </trkpt>
      <trkpt lat="-33.503996" lon="24.178572">
        <ele>713.68</ele>
      </trkpt>
      <trkpt lat="-33.504098" lon="24.179536">
        <ele>708.06</ele>
      </trkpt>
      <trkpt lat="-33.504263" lon="24.180896">
        <ele>705.2</ele>
      </trkpt>
      <trkpt lat="-33.504466" lon="24.182752">
        <ele>702.49</ele>
      </trkpt>
      <trkpt lat="-33.504654" lon="24.184455">
        <ele>700</ele>
      </trkpt>
      <trkpt lat="-33.504679" lon="24.184767">
        <ele>700</ele>
      </trkpt>
      <trkpt lat="-33.504651" lon="24.185069">
        <ele>699.7</ele>
      </trkpt>
      <trkpt lat="-33.504572" lon="24.185364">
        <ele>699.07</ele>
      </trkpt>
      <trkpt lat="-33.504016" lon="24.186833">
        <ele>698</ele>
      </trkpt>
      <trkpt lat="-33.503914" lon="24.187189">
        <ele>697.89</ele>
      </trkpt>
      <trkpt lat="-33.503867" lon="24.187469">
        <ele>698.45</ele>
      </trkpt>
      <trkpt lat="-33.503884" lon="24.187802">
        <ele>699.29</ele>
      </trkpt>
      <trkpt lat="-33.503955" lon="24.188417">
        <ele>698.82</ele>
      </trkpt>
      <trkpt lat="-33.503976" lon="24.189003">
        <ele>697.85</ele>
      </trkpt>
      <trkpt lat="-33.503982" lon="24.189427">
        <ele>694.85</ele>
      </trkpt>
      <trkpt lat="-33.504001" lon="24.190032">
        <ele>692.86</ele>
      </trkpt>
      <trkpt lat="-33.5041" lon="24.190789">
        <ele>692.39</ele>
      </trkpt>
      <trkpt lat="-33.50441" lon="24.192359">
        <ele>695.17</ele>
      </trkpt>
      <trkpt lat="-33.504591" lon="24.193351">
        <ele>690.73</ele>
      </trkpt>
      <trkpt lat="-33.504732" lon="24.193975">
        <ele>690.77</ele>
      </trkpt>
      <trkpt lat="-33.504803" lon="24.194246">
        <ele>687.69</ele>
      </trkpt>
      <trkpt lat="-33.505016" lon="24.195059">
        <ele>685.99</ele>
      </trkpt>
      <trkpt lat="-33.505093" lon="24.195475">
        <ele>685.71</ele>
      </trkpt>
      <trkpt lat="-33.505127" lon="24.195934">
        <ele>685.64</ele>
      </trkpt>
      <trkpt lat="-33.505103" lon="24.196388">
        <ele>683.92</ele>
      </trkpt>
      <trkpt lat="-33.504994" lon="24.196942">
        <ele>681.33</ele>
      </trkpt>
      <trkpt lat="-33.504821" lon="24.197958">
        <ele>679</ele>
      </trkpt>
      <trkpt lat="-33.504683" lon="24.198422">
        <ele>678</ele>
      </trkpt>
      <trkpt lat="-33.504505" lon="24.19888">
        <ele>677.64</ele>
      </trkpt>
      <trkpt lat="-33.504327" lon="24.199263">
        <ele>677</ele>
      </trkpt>
      <trkpt lat="-33.503334" lon="24.201037">
        <ele>675</ele>
      </trkpt>
      <trkpt lat="-33.502843" lon="24.201936">
        <ele>673.87</ele>
      </trkpt>
      <trkpt lat="-33.502364" lon="24.202784">
        <ele>672</ele>
      </trkpt>
      <trkpt lat="-33.501504" lon="24.204332">
        <ele>671.65</ele>
      </trkpt>
      <trkpt lat="-33.501072" lon="24.205204">
        <ele>672</ele>
      </trkpt>
      <trkpt lat="-33.500812" lon="24.205931">
        <ele>672.52</ele>
      </trkpt>
      <trkpt lat="-33.50075" lon="24.206189">
        <ele>672.95</ele>
      </trkpt>
      <trkpt lat="-33.500713" lon="24.206513">
        <ele>673.43</ele>
      </trkpt>
      <trkpt lat="-33.500703" lon="24.206816">
        <ele>673.93</ele>
      </trkpt>
      <trkpt lat="-33.500737" lon="24.207332">
        <ele>674.09</ele>
      </trkpt>
      <trkpt lat="-33.5008" lon="24.207947">
        <ele>673.6</ele>
      </trkpt>
      <trkpt lat="-33.500947" lon="24.209035">
        <ele>668.93</ele>
      </trkpt>
      <trkpt lat="-33.501027" lon="24.209748">
        <ele>667.02</ele>
      </trkpt>
      <trkpt lat="-33.501111" lon="24.210352">
        <ele>666.94</ele>
      </trkpt>
      <trkpt lat="-33.501214" lon="24.210786">
        <ele>667.6</ele>
      </trkpt>
      <trkpt lat="-33.501323" lon="24.211089">
        <ele>667.29</ele>
      </trkpt>
      <trkpt lat="-33.501652" lon="24.211811">
        <ele>667.21</ele>
      </trkpt>
      <trkpt lat="-33.502519" lon="24.2141">
        <ele>667.1</ele>
      </trkpt>
      <trkpt lat="-33.502844" lon="24.214958">
        <ele>663.71</ele>
      </trkpt>
      <trkpt lat="-33.503169" lon="24.215817">
        <ele>663.09</ele>
      </trkpt>
      <trkpt lat="-33.503476" lon="24.216538">
        <ele>662.92</ele>
      </trkpt>
      <trkpt lat="-33.503543" lon="24.216832">
        <ele>663.3</ele>
      </trkpt>
      <trkpt lat="-33.503607" lon="24.217198">
        <ele>662.15</ele>
      </trkpt>
      <trkpt lat="-33.503776" lon="24.218778">
        <ele>658.85</ele>
      </trkpt>
      <trkpt lat="-33.503979" lon="24.220674">
        <ele>659.88</ele>
      </trkpt>
      <trkpt lat="-33.504034" lon="24.221414">
        <ele>658.29</ele>
      </trkpt>
      <trkpt lat="-33.504177" lon="24.22288">
        <ele>653.07</ele>
      </trkpt>
      <trkpt lat="-33.504229" lon="24.223478">
        <ele>652.7</ele>
      </trkpt>
      <trkpt lat="-33.504272" lon="24.223715">
        <ele>652.1</ele>
      </trkpt>
      <trkpt lat="-33.504357" lon="24.223983">
        <ele>651.25</ele>
      </trkpt>
      <trkpt lat="-33.50448" lon="24.224218">
        <ele>650.94</ele>
      </trkpt>
      <trkpt lat="-33.504645" lon="24.224429">
        <ele>649.79</ele>
      </trkpt>
      <trkpt lat="-33.505779" lon="24.225781">
        <ele>648.32</ele>
      </trkpt>
      <trkpt lat="-33.506573" lon="24.226585">
        <ele>649.36</ele>
      </trkpt>
      <trkpt lat="-33.506931" lon="24.226977">
        <ele>650.04</ele>
      </trkpt>
      <trkpt lat="-33.507033" lon="24.227154">
        <ele>650</ele>
      </trkpt>
      <trkpt lat="-33.5071" lon="24.227343">
        <ele>650</ele>
      </trkpt>
      <trkpt lat="-33.507152" lon="24.227642">
        <ele>649.28</ele>
      </trkpt>
      <trkpt lat="-33.507394" lon="24.230114">
        <ele>647</ele>
      </trkpt>
      <trkpt lat="-33.507485" lon="24.231041">
        <ele>644.01</ele>
      </trkpt>
      <trkpt lat="-33.507715" lon="24.233105">
        <ele>640.86</ele>
      </trkpt>
      <trkpt lat="-33.507782" lon="24.233399">
        <ele>640</ele>
      </trkpt>
      <trkpt lat="-33.507878" lon="24.233735">
        <ele>640</ele>
      </trkpt>
      <trkpt lat="-33.509004" lon="24.237157">
        <ele>635.64</ele>
      </trkpt>
      <trkpt lat="-33.509495" lon="24.238845">
        <ele>634.01</ele>
      </trkpt>
      <trkpt lat="-33.510525" lon="24.241966">
        <ele>630.03</ele>
      </trkpt>
      <trkpt lat="-33.511133" lon="24.243962">
        <ele>627.74</ele>
      </trkpt>
      <trkpt lat="-33.511452" lon="24.244572">
        <ele>626.99</ele>
      </trkpt>
      <trkpt lat="-33.513144" lon="24.24733">
        <ele>621</ele>
      </trkpt>
      <trkpt lat="-33.515204" lon="24.250694">
        <ele>619</ele>
      </trkpt>
      <trkpt lat="-33.515996" lon="24.251988">
        <ele>622</ele>
      </trkpt>
      <trkpt lat="-33.516376" lon="24.25257">
        <ele>623.01</ele>
      </trkpt>
      <trkpt lat="-33.516602" lon="24.252947">
        <ele>624</ele>
      </trkpt>
      <trkpt lat="-33.516948" lon="24.253704">
        <ele>623</ele>
      </trkpt>
      <trkpt lat="-33.517139" lon="24.254413">
        <ele>625.23</ele>
      </trkpt>
      <trkpt lat="-33.517298" lon="24.255041">
        <ele>626.39</ele>
      </trkpt>
      <trkpt lat="-33.518013" lon="24.257869">
        <ele>624.81</ele>
      </trkpt>
      <trkpt lat="-33.51857" lon="24.260068">
        <ele>620.92</ele>
      </trkpt>
      <trkpt lat="-33.518691" lon="24.260502">
        <ele>620.06</ele>
      </trkpt>
      <trkpt lat="-33.518895" lon="24.260992">
        <ele>619.57</ele>
      </trkpt>
      <trkpt lat="-33.519465" lon="24.262473">
        <ele>618.5</ele>
      </trkpt>
      <trkpt lat="-33.521064" lon="24.266416">
        <ele>620.99</ele>
      </trkpt>
      <trkpt lat="-33.521413" lon="24.267286">
        <ele>618.99</ele>
      </trkpt>
      <trkpt lat="-33.521611" lon="24.267876">
        <ele>615.98</ele>
      </trkpt>
      <trkpt lat="-33.521645" lon="24.268248">
        <ele>614.58</ele>
      </trkpt>
      <trkpt lat="-33.521654" lon="24.268681">
        <ele>613.19</ele>
      </trkpt>
      <trkpt lat="-33.521623" lon="24.26908">
        <ele>611.89</ele>
      </trkpt>
      <trkpt lat="-33.521326" lon="24.270313">
        <ele>607</ele>
      </trkpt>
      <trkpt lat="-33.520882" lon="24.272156">
        <ele>604</ele>
      </trkpt>
      <trkpt lat="-33.520069" lon="24.27553">
        <ele>602.76</ele>
      </trkpt>
      <trkpt lat="-33.519284" lon="24.278584">
        <ele>595.52</ele>
      </trkpt>
      <trkpt lat="-33.519284" lon="24.278584">
        <ele>595.2403455207823</ele>
      </trkpt>
      <trkpt lat="-33.519140441527824" lon="24.279095124559525">
        <ele>593.5047376241207</ele>
      </trkpt>
      <trkpt lat="-33.51899688305566" lon="24.27960624911905">
        <ele>592.0100720892628</ele>
      </trkpt>
      <trkpt lat="-33.51885332458348" lon="24.280117373678575">
        <ele>590.7540802463827</ele>
      </trkpt>
      <trkpt lat="-33.51870976611131" lon="24.2806284982381">
        <ele>589.5205319653095</ele>
      </trkpt>
      <trkpt lat="-33.51856620763914" lon="24.281139622797628">
        <ele>588.5256574884629</ele>
      </trkpt>
      <trkpt lat="-33.518422649166965" lon="24.28165074735715">
        <ele>587.7324241116876</ele>
      </trkpt>
      <trkpt lat="-33.51827909069479" lon="24.282161871916678">
        <ele>587.2308769826777</ele>
      </trkpt>
      <trkpt lat="-33.518135532222615" lon="24.282672996476204">
        <ele>586.7293306860374</ele>
      </trkpt>
      <trkpt lat="-33.51799197375045" lon="24.28318412103573">
        <ele>586.2277852216503</ele>
      </trkpt>
      <trkpt lat="-33.51784841527827" lon="24.283695245595254">
        <ele>585.7262405896327</ele>
      </trkpt>
      <trkpt lat="-33.51780154731626" lon="24.283862113952637">
        <ele>585.1875</ele>
      </trkpt>
      <trkpt lat="-33.517579706489414" lon="24.284331224799992">
        <ele>584.2874654170591</ele>
      </trkpt>
      <trkpt lat="-33.51735786566256" lon="24.28480033564735">
        <ele>583.5124328217935</ele>
      </trkpt>
      <trkpt lat="-33.517136024835715" lon="24.285269446494706">
        <ele>582.2496744210828</ele>
      </trkpt>
      <trkpt lat="-33.51691418400886" lon="24.28573855734206">
        <ele>580.9743735944397</ele>
      </trkpt>
      <trkpt lat="-33.516692343182015" lon="24.286207668189416">
        <ele>579.980425073416</ele>
      </trkpt>
      <trkpt lat="-33.51647050235517" lon="24.286676779036775">
        <ele>578.9123223151546</ele>
      </trkpt>
      <trkpt lat="-33.516248661528316" lon="24.28714588988413">
        <ele>577.6372996569844</ele>
      </trkpt>
      <trkpt lat="-33.51602682070147" lon="24.287615000731485">
        <ele>576.6405098906696</ele>
      </trkpt>
      <trkpt lat="-33.51580497987462" lon="24.288084111578844">
        <ele>575.5571625845064</ele>
      </trkpt>
      <trkpt lat="-33.51558313904777" lon="24.2885532224262">
        <ele>574.3122436070116</ele>
      </trkpt>
      <trkpt lat="-33.515361298220924" lon="24.289022333273554">
        <ele>573.124944243545</ele>
      </trkpt>
      <trkpt lat="-33.51513945739407" lon="24.289491444120912">
        <ele>572.2622161770705</ele>
      </trkpt>
      <trkpt lat="-33.514917616567224" lon="24.289960554968268">
        <ele>571.349208536325</ele>
      </trkpt>
      <trkpt lat="-33.51469577574038" lon="24.290429665815623">
        <ele>569.997478103912</ele>
      </trkpt>
      <trkpt lat="-33.514473934913525" lon="24.290898776662978">
        <ele>569</ele>
      </trkpt>
      <trkpt lat="-33.51425209408668" lon="24.291367887510336">
        <ele>568.0852607281953</ele>
      </trkpt>
      <trkpt lat="-33.51403025325983" lon="24.29183699835769">
        <ele>566.9766389869268</ele>
      </trkpt>
      <trkpt lat="-33.51380841243298" lon="24.292306109205047">
        <ele>566.1121815810911</ele>
      </trkpt>
      <trkpt lat="-33.51358657160613" lon="24.292775220052405">
        <ele>565.5</ele>
      </trkpt>
      <trkpt lat="-33.51336473077928" lon="24.29324433089976">
        <ele>564.5369773123815</ele>
      </trkpt>
      <trkpt lat="-33.513142889952434" lon="24.293713441747116">
        <ele>563.4706017601155</ele>
      </trkpt>
      <trkpt lat="-33.51292104912559" lon="24.294182552594474">
        <ele>562.5751673152268</ele>
      </trkpt>
      <trkpt lat="-33.512699208298734" lon="24.29465166344183">
        <ele>561.5940097128637</ele>
      </trkpt>
      <trkpt lat="-33.51247736747189" lon="24.295120774289185">
        <ele>560.806705046592</ele>
      </trkpt>
      <trkpt lat="-33.512255526645035" lon="24.29558988513654">
        <ele>559.6742716716642</ele>
      </trkpt>
      <trkpt lat="-33.51203368581819" lon="24.2960589959839">
        <ele>558.5816299539074</ele>
      </trkpt>
      <trkpt lat="-33.51181184499134" lon="24.296528106831254">
        <ele>557.8060245120834</ele>
      </trkpt>
      <trkpt lat="-33.51159000416449" lon="24.29699721767861">
        <ele>556.7653631111024</ele>
      </trkpt>
      <trkpt lat="-33.51136816333764" lon="24.297466328525967">
        <ele>555.5872782925701</ele>
      </trkpt>
      <trkpt lat="-33.5111463225108" lon="24.297935439373322">
        <ele>554.6334686768241</ele>
      </trkpt>
      <trkpt lat="-33.510924481683944" lon="24.298404550220678">
        <ele>553.7844840479605</ele>
      </trkpt>
      <trkpt lat="-33.5107026408571" lon="24.298873661068036">
        <ele>552.9528084422886</ele>
      </trkpt>
      <trkpt lat="-33.510480800030244" lon="24.29934277191539">
        <ele>551.9882722558434</ele>
      </trkpt>
      <trkpt lat="-33.5102589592034" lon="24.299811882762747">
        <ele>551.212439050898</ele>
      </trkpt>
      <trkpt lat="-33.51003711837655" lon="24.3002809936101">
        <ele>551</ele>
      </trkpt>
      <trkpt lat="-33.5098152775497" lon="24.30075010445746">
        <ele>550.6414338753646</ele>
      </trkpt>
      <trkpt lat="-33.50959343672285" lon="24.301219215304815">
        <ele>549.5533090229643</ele>
      </trkpt>
      <trkpt lat="-33.509371595896006" lon="24.30168832615217">
        <ele>548.5455721273272</ele>
      </trkpt>
      <trkpt lat="-33.50914975506915" lon="24.30215743699953">
        <ele>547.9467436271582</ele>
      </trkpt>
      <trkpt lat="-33.50892791424231" lon="24.302626547846884">
        <ele>547.0626667358447</ele>
      </trkpt>
      <trkpt lat="-33.50870607341545" lon="24.30309565869424">
        <ele>546.7877116367454</ele>
      </trkpt>
      <trkpt lat="-33.50848423258861" lon="24.303564769541595">
        <ele>546.0127585243899</ele>
      </trkpt>
      <trkpt lat="-33.50826239176176" lon="24.304033880388953">
        <ele>545.237807398662</ele>
      </trkpt>
      <trkpt lat="-33.50804055093491" lon="24.30450299123631">
        <ele>544.5</ele>
      </trkpt>
      <trkpt lat="-33.50781871010806" lon="24.304972102083664">
        <ele>544.1879111068556</ele>
      </trkpt>
      <trkpt lat="-33.50759686928121" lon="24.305441212931022">
        <ele>543.184284578776</ele>
      </trkpt>
      <trkpt lat="-33.50747417781588" lon="24.305700659751892">
        <ele>542.48486328125</ele>
      </trkpt>
      <trkpt lat="-33.50747417781588" lon="24.305700659751892">
        <ele>542.48486328125</ele>
      </trkpt>
      <trkpt lat="-33.50747417781588" lon="24.305700659751892">
        <ele>542.48486328125</ele>
      </trkpt>
      <trkpt lat="-33.50724939710685" lon="24.30616772315238">
        <ele>541.6991632339777</ele>
      </trkpt>
      <trkpt lat="-33.507024616397814" lon="24.30663478655287">
        <ele>540.7440533172246</ele>
      </trkpt>
      <trkpt lat="-33.50679983568878" lon="24.307101849953362">
        <ele>539.9512637793921</ele>
      </trkpt>
      <trkpt lat="-33.50670483114746" lon="24.307299256324768">
        <ele>539.44287109375</ele>
      </trkpt>
      <trkpt lat="-33.50670483114746" lon="24.307299256324768">
        <ele>539.44287109375</ele>
      </trkpt>
      <trkpt lat="-33.50644997575704" lon="24.3077435498254">
        <ele>538.4188052646493</ele>
      </trkpt>
      <trkpt lat="-33.506195120366634" lon="24.30818784332603">
        <ele>537.0088698930537</ele>
      </trkpt>
      <trkpt lat="-33.50594026497622" lon="24.308632136826663">
        <ele>535.6260980149964</ele>
      </trkpt>
      <trkpt lat="-33.50582477068535" lon="24.308833479881287">
        <ele>535.22265625</ele>
      </trkpt>
      <trkpt lat="-33.505592007583" lon="24.309294877327204">
        <ele>534.4095756448805</ele>
      </trkpt>
      <trkpt lat="-33.50535924448065" lon="24.30975627477312">
        <ele>533.0964972265065</ele>
      </trkpt>
      <trkpt lat="-33.505338329359624" lon="24.30979773402214">
        <ele>533.0234375</ele>
      </trkpt>
      <trkpt lat="-33.505338329359624" lon="24.30979773402214">
        <ele>533.0234375</ele>
      </trkpt>
      <trkpt lat="-33.50513854306349" lon="24.310280850450347">
        <ele>532.2645495837638</ele>
      </trkpt>
      <trkpt lat="-33.505136" lon="24.310287">
        <ele>532.2591272913661</ele>
      </trkpt>
      <trkpt lat="-33.505136" lon="24.310287">
        <ele>532.73</ele>
      </trkpt>
      <trkpt lat="-33.505136" lon="24.310287">
        <ele>532.73</ele>
      </trkpt>
      <trkpt lat="-33.505136" lon="24.310287">
        <ele>532.73</ele>
      </trkpt>
      <trkpt lat="-33.505136" lon="24.310287">
        <ele>532.73</ele>
      </trkpt>
      <trkpt lat="-33.505136" lon="24.310287">
        <ele>532.73</ele>
      </trkpt>
      <trkpt lat="-33.505136" lon="24.310287">
        <ele>532.73</ele>
      </trkpt>
      <trkpt lat="-33.505136" lon="24.310287">
        <ele>532.73</ele>
      </trkpt>
      <trkpt lat="-33.505136" lon="24.310287">
        <ele>532.2591272913661</ele>
      </trkpt>
      <trkpt lat="-33.50496147523463" lon="24.3106909096241">
        <ele>532.20703125</ele>
      </trkpt>
      <trkpt lat="-33.50485300356516" lon="24.311183094978333">
        <ele>531.828125</ele>
      </trkpt>
      <trkpt lat="-33.50485300356516" lon="24.311183094978333">
        <ele>531.828125</ele>
      </trkpt>
      <trkpt lat="-33.50462838033037" lon="24.31165025430775">
        <ele>531</ele>
      </trkpt>
      <trkpt lat="-33.504499630998026" lon="24.311918020248413">
        <ele>530.59375</ele>
      </trkpt>
      <trkpt lat="-33.504499630998026" lon="24.311918020248413">
        <ele>530.59375</ele>
      </trkpt>
      <trkpt lat="-33.504499630998026" lon="24.311918020248413">
        <ele>530.59375</ele>
      </trkpt>
      <trkpt lat="-33.504256473841174" lon="24.31237163572403">
        <ele>529.7878302190755</ele>
      </trkpt>
      <trkpt lat="-33.50421782652435" lon="24.312443733215332">
        <ele>529.609375</ele>
      </trkpt>
      <trkpt lat="-33.50421782652435" lon="24.312443733215332">
        <ele>529.609375</ele>
      </trkpt>
      <trkpt lat="-33.50403890257277" lon="24.312610030174255">
        <ele>528.984375</ele>
      </trkpt>
      <trkpt lat="-33.50403890257277" lon="24.312610030174255">
        <ele>528.984375</ele>
      </trkpt>
      <trkpt lat="-33.503801827767184" lon="24.31273877620697">
        <ele>528.15625</ele>
      </trkpt>
      <trkpt lat="-33.503801827767184" lon="24.31273877620697">
        <ele>528.15625</ele>
      </trkpt>
      <trkpt lat="-33.50383049455381" lon="24.313276937716857">
        <ele>528.026604637214</ele>
      </trkpt>
      <trkpt lat="-33.50383090301413" lon="24.3132846057415">
        <ele>528.0382690429688</ele>
      </trkpt>
      <trkpt lat="-33.50383090301413" lon="24.3132846057415">
        <ele>528.0382690429688</ele>
      </trkpt>
      <trkpt lat="-33.50381860194931" lon="24.313598424196243">
        <ele>528.4933166503906</ele>
      </trkpt>
      <trkpt lat="-33.50381860194931" lon="24.313598424196243">
        <ele>528.4933166503906</ele>
      </trkpt>
      <trkpt lat="-33.50385550513854" lon="24.313283264636993">
        <ele>528.04833984375</ele>
      </trkpt>
      <trkpt lat="-33.50385550513854" lon="24.313283264636993">
        <ele>528.04833984375</ele>
      </trkpt>
      <trkpt lat="-33.503833139571185" lon="24.31277096271515">
        <ele>528.265625</ele>
      </trkpt>
      <trkpt lat="-33.503833139571185" lon="24.31277096271515">
        <ele>528.265625</ele>
      </trkpt>
      <trkpt lat="-33.50421402084174" lon="24.312484332528417">
        <ele>529.5960813408019</ele>
      </trkpt>
      <trkpt lat="-33.504223417891865" lon="24.312477260828018">
        <ele>529.62890625</ele>
      </trkpt>
      <trkpt lat="-33.504223417891865" lon="24.312477260828018">
        <ele>529.62890625</ele>
      </trkpt>
      <trkpt lat="-33.504494036468984" lon="24.312046592808407">
        <ele>530.5742076440947</ele>
      </trkpt>
      <trkpt lat="-33.504517523314576" lon="24.31200921535492">
        <ele>530.65625</ele>
      </trkpt>
      <trkpt lat="-33.50496673014479" lon="24.31198500602082">
        <ele>532.2253873758018</ele>
      </trkpt>
      <trkpt lat="-33.505093669531625" lon="24.311978164811336">
        <ele>532.6688044966431</ele>
      </trkpt>
      <trkpt lat="-33.505093669531625" lon="24.311978164811336">
        <ele>532.6688044966431</ele>
      </trkpt>
      <trkpt lat="-33.50553601796356" lon="24.31190880751788">
        <ele>533.7522714591948</ele>
      </trkpt>
      <trkpt lat="-33.50587070321306" lon="24.311853715992925">
        <ele>534.8831065412378</ele>
      </trkpt>
      <trkpt lat="-33.50622179321089" lon="24.311782884032823">
        <ele>536.1095276509877</ele>
      </trkpt>
      <trkpt lat="-33.50656261082487" lon="24.311718476222268">
        <ele>536.800070217927</ele>
      </trkpt>
      <trkpt lat="-33.50699847821453" lon="24.31185102027796">
        <ele>537.8226470688824</ele>
      </trkpt>
      <trkpt lat="-33.50743434560418" lon="24.31198356433365">
        <ele>538.8452315883478</ele>
      </trkpt>
      <trkpt lat="-33.507870212993836" lon="24.312116108389343">
        <ele>539.8678237765562</ele>
      </trkpt>
      <trkpt lat="-33.50830608038349" lon="24.312248652445035">
        <ele>540.8904236336239</ele>
      </trkpt>
      <trkpt lat="-33.508741947773146" lon="24.312381196500727">
        <ele>541.9130311595509</ele>
      </trkpt>
      <trkpt lat="-33.5091778151628" lon="24.31251374055642">
        <ele>542.9356463546865</ele>
      </trkpt>
      <trkpt lat="-33.50926299919573" lon="24.312539644392018">
        <ele>543.2332205629209</ele>
      </trkpt>
      <trkpt lat="-33.509699233747654" lon="24.312670443308665">
        <ele>544.2571275449591</ele>
      </trkpt>
      <trkpt lat="-33.51013546829957" lon="24.312801242225312">
        <ele>545.9685982764157</ele>
      </trkpt>
      <trkpt lat="-33.5105717028515" lon="24.312932041141956">
        <ele>547.7865142332339</ele>
      </trkpt>
      <trkpt lat="-33.51100793740342" lon="24.313062840058603">
        <ele>549.3288945860695</ele>
      </trkpt>
      <trkpt lat="-33.51144417195535" lon="24.31319363897525">
        <ele>551.3528322988423</ele>
      </trkpt>
      <trkpt lat="-33.511598172152766" lon="24.313239813811464">
        <ele>551.890816986328</ele>
      </trkpt>
      <trkpt lat="-33.51203331931464" lon="24.313375726765564">
        <ele>553.4109663807321</ele>
      </trkpt>
      <trkpt lat="-33.51246846647651" lon="24.31351163971966">
        <ele>555.8622468407266</ele>
      </trkpt>
      <trkpt lat="-33.512903613638386" lon="24.31364755267376">
        <ele>557.1313783123624</ele>
      </trkpt>
      <trkpt lat="-33.51333876080026" lon="24.313783465627857">
        <ele>556.0858882184075</ele>
      </trkpt>
      <trkpt lat="-33.513773907962126" lon="24.313919378581957">
        <ele>553.5096448145957</ele>
      </trkpt>
      <trkpt lat="-33.51398296456364" lon="24.31398467488347">
        <ele>551.9930321586123</ele>
      </trkpt>
      <trkpt lat="-33.51438923073544" lon="24.314215827119522">
        <ele>549.5721282070735</ele>
      </trkpt>
      <trkpt lat="-33.51455103755302" lon="24.314307889935208">
        <ele>548.7387002002215</ele>
      </trkpt>
      <trkpt lat="-33.514932194905896" lon="24.314594027931307">
        <ele>546.5736772362143</ele>
      </trkpt>
      <trkpt lat="-33.515313352258765" lon="24.314880165927402">
        <ele>544.9086484055733</ele>
      </trkpt>
      <trkpt lat="-33.515355037850476" lon="24.31491145964793">
        <ele>544.6718678664183</ele>
      </trkpt>
      <trkpt lat="-33.51570662704129" lon="24.315247682130696">
        <ele>542.8576586539809</ele>
      </trkpt>
      <trkpt lat="-33.516058216232096" lon="24.315583904613465">
        <ele>541.5128183186334</ele>
      </trkpt>
      <trkpt lat="-33.51621108750803" lon="24.315730094431814">
        <ele>541.2991268452872</ele>
      </trkpt>
      <trkpt lat="-33.5165634379896" lon="24.316065171678023">
        <ele>540.3267959514633</ele>
      </trkpt>
      <trkpt lat="-33.516915788471174" lon="24.316400248924232">
        <ele>539.9904457418329</ele>
      </trkpt>
      <trkpt lat="-33.51702085641386" lon="24.31650016613378">
        <ele>540.3350467078853</ele>
      </trkpt>
      <trkpt lat="-33.517372283100364" lon="24.316836639034022">
        <ele>540.5</ele>
      </trkpt>
      <trkpt lat="-33.517680234067434" lon="24.31713148617854">
        <ele>540.2209298579255</ele>
      </trkpt>
      <trkpt lat="-33.518020399717265" lon="24.317484219326904">
        <ele>540</ele>
      </trkpt>
      <trkpt lat="-33.5183605653671" lon="24.317836952475268">
        <ele>540</ele>
      </trkpt>
      <trkpt lat="-33.518576748253714" lon="24.318061122288583">
        <ele>540</ele>
      </trkpt>
      <trkpt lat="-33.51891970082137" lon="24.318409954586922">
        <ele>540</ele>
      </trkpt>
      <trkpt lat="-33.51926265338902" lon="24.31875878688526">
        <ele>541.1671453769086</ele>
      </trkpt>
      <trkpt lat="-33.519299736814766" lon="24.318796506085675">
        <ele>541.2967043326935</ele>
      </trkpt>
      <trkpt lat="-33.519659210052325" lon="24.319120528185415">
        <ele>542.5526045929873</ele>
      </trkpt>
      <trkpt lat="-33.520018683289884" lon="24.319444550285155">
        <ele>544.3085100724129</ele>
      </trkpt>
      <trkpt lat="-33.520277207717456" lon="24.319677579114853">
        <ele>545.2117300373502</ele>
      </trkpt>
      <trkpt lat="-33.5206076201537" lon="24.3200434172025">
        <ele>546.3661127309315</ele>
      </trkpt>
      <trkpt lat="-33.5207283444088" lon="24.320177085084737">
        <ele>546.8742759399898</ele>
      </trkpt>
      <trkpt lat="-33.52110042776815" lon="24.32047993873194">
        <ele>549.0935232856</ele>
      </trkpt>
      <trkpt lat="-33.52121418129141" lon="24.320572527310645">
        <ele>549.7782630916893</ele>
      </trkpt>
      <trkpt lat="-33.52156379759429" lon="24.32091171856894">
        <ele>554.406769226538</ele>
      </trkpt>
      <trkpt lat="-33.52160747581572" lon="24.320954094369966">
        <ele>555.2640396163333</ele>
      </trkpt>
      <trkpt lat="-33.521861959555416" lon="24.321335661430396">
        <ele>561.0555413755309</ele>
      </trkpt>
      <trkpt lat="-33.521925580373086" lon="24.321689478158703">
        <ele>565.490334405913</ele>
      </trkpt>
      <trkpt lat="-33.52193645629675" lon="24.321909541380307">
        <ele>567.6412674898746</ele>
      </trkpt>
      <trkpt lat="-33.5219832525837" lon="24.32213226012027">
        <ele>570.5684015174629</ele>
      </trkpt>
      <trkpt lat="-33.52206369257153" lon="24.322446365356427">
        <ele>574.5460182387615</ele>
      </trkpt>
      <trkpt lat="-33.52217214016959" lon="24.32268898981681">
        <ele>578.2506340821426</ele>
      </trkpt>
      <trkpt lat="-33.522230640242334" lon="24.322906520873033">
        <ele>580.9393992655904</ele>
      </trkpt>
      <trkpt lat="-33.52238274024662" lon="24.32313457762612">
        <ele>584.8256096394316</ele>
      </trkpt>
      <trkpt lat="-33.522632875802124" lon="24.323470308161887">
        <ele>591.080710090121</ele>
      </trkpt>
      <trkpt lat="-33.52269137556514" lon="24.323645736435907">
        <ele>593.5241259794482</ele>
      </trkpt>
      <trkpt lat="-33.52281565212586" lon="24.3238190974551">
        <ele>596.8132670571474</ele>
      </trkpt>
      <trkpt lat="-33.52306987329994" lon="24.324263999256242">
        <ele>605.1257944435949</ele>
      </trkpt>
      <trkpt lat="-33.5231671674352" lon="24.32443426963664">
        <ele>608.1759832733078</ele>
      </trkpt>
      <trkpt lat="-33.52335647870662" lon="24.324744325515866">
        <ele>614.6928617353551</ele>
      </trkpt>
      <trkpt lat="-33.52353486779486" lon="24.325093684252323">
        <ele>621.3496836459963</ele>
      </trkpt>
      <trkpt lat="-33.52365864776223" lon="24.32544304298881">
        <ele>626.0806292229207</ele>
      </trkpt>
      <trkpt lat="-33.52376422465354" lon="24.325779300771927">
        <ele>626.083417329768</ele>
      </trkpt>
      <trkpt lat="-33.523749662330566" lon="24.32613302649287">
        <ele>623.971798800234</ele>
      </trkpt>
      <trkpt lat="-33.523840676804234" lon="24.32634264173393">
        <ele>622.3946118942629</ele>
      </trkpt>
      <trkpt lat="-33.52406639228346" lon="24.32670946840679">
        <ele>618.2667103182365</ele>
      </trkpt>
      <trkpt lat="-33.5242484204673" lon="24.327076295079678">
        <ele>612.0073960309563</ele>
      </trkpt>
      <trkpt lat="-33.52433579385892" lon="24.327281543337676">
        <ele>608.3167142487787</ele>
      </trkpt>
      <trkpt lat="-33.524550586379426" lon="24.327460589688684">
        <ele>603.0489179107677</ele>
      </trkpt>
      <trkpt lat="-33.52477630000705" lon="24.327595966199652">
        <ele>598.6554348629791</ele>
      </trkpt>
      <trkpt lat="-33.5250566209491" lon="24.32770077381946">
        <ele>593.8830022201873</ele>
      </trkpt>
      <trkpt lat="-33.525235006530544" lon="24.327753177630086">
        <ele>591.913944659289</ele>
      </trkpt>
      <trkpt lat="-33.525529888010325" lon="24.32811563731994">
        <ele>583.9795786751134</ele>
      </trkpt>
      <trkpt lat="-33.52577744205718" lon="24.32842132621326">
        <ele>577.9899119054899</ele>
      </trkpt>
      <trkpt lat="-33.52609540043359" lon="24.328802736483713">
        <ele>571.0803595914792</ele>
      </trkpt>
      <trkpt lat="-33.52617061467478" lon="24.328892960507375">
        <ele>569.8357391272776</ele>
      </trkpt>
      <trkpt lat="-33.52647957563928" lon="24.32928486921247">
        <ele>565.3791356284637</ele>
      </trkpt>
      <trkpt lat="-33.526788536603775" lon="24.329676777917566">
        <ele>561.898656573263</ele>
      </trkpt>
      <trkpt lat="-33.52689691396629" lon="24.329814251698025">
        <ele>560.7191409332445</ele>
      </trkpt>
      <trkpt lat="-33.52720273399345" lon="24.330209692275723">
        <ele>558.2557872906327</ele>
      </trkpt>
      <trkpt lat="-33.527372562183956" lon="24.330429288612777">
        <ele>556.4743605565744</ele>
      </trkpt>
      <trkpt lat="-33.527580528814255" lon="24.330757802293903">
        <ele>554.3169509617339</ele>
      </trkpt>
      <trkpt lat="-33.52777202235188" lon="24.331056675652462">
        <ele>552.2629562481306</ele>
      </trkpt>
      <trkpt lat="-33.52805342056304" lon="24.331477404749922">
        <ele>550.038917267324</ele>
      </trkpt>
      <trkpt lat="-33.528056173271736" lon="24.331481520428696">
        <ele>550.0159346715725</ele>
      </trkpt>
      <trkpt lat="-33.5283238508209" lon="24.33191130525981">
        <ele>547.957430283694</ele>
      </trkpt>
      <trkpt lat="-33.52846592549028" lon="24.332202768537">
        <ele>546.4371956991733</ele>
      </trkpt>
      <trkpt lat="-33.52874404324916" lon="24.332626629106358">
        <ele>544.5880548837595</ele>
      </trkpt>
      <trkpt lat="-33.52902216100805" lon="24.33305048967571">
        <ele>543.5</ele>
      </trkpt>
      <trkpt lat="-33.52906417648148" lon="24.333114522632684">
        <ele>543.5</ele>
      </trkpt>
      <trkpt lat="-33.529350951196506" lon="24.33353000177397">
        <ele>542.4567912773928</ele>
      </trkpt>
      <trkpt lat="-33.529637725911535" lon="24.33394548091525">
        <ele>541.2466205661185</ele>
      </trkpt>
      <trkpt lat="-33.529689894685696" lon="24.334021063023272">
        <ele>541.1203750478343</ele>
      </trkpt>
      <trkpt lat="-33.52997427047302" lon="24.33443891080286">
        <ele>540.3094018499833</ele>
      </trkpt>
      <trkpt lat="-33.53010954980504" lon="24.334637683592348">
        <ele>540.0301816304126</ele>
      </trkpt>
      <trkpt lat="-33.530280887702396" lon="24.334855139151585">
        <ele>539.7612190319924</ele>
      </trkpt>
      <trkpt lat="-33.530521753447225" lon="24.335230473403954">
        <ele>539.5095593472872</ele>
      </trkpt>
      <trkpt lat="-33.53070550624484" lon="24.33552240004545">
        <ele>539.2559738390478</ele>
      </trkpt>
      <trkpt lat="-33.530899191203986" lon="24.33581432668703">
        <ele>538.9309785986973</ele>
      </trkpt>
      <trkpt lat="-33.531150076120824" lon="24.33626198688713">
        <ele>538.2009904740444</ele>
      </trkpt>
      <trkpt lat="-33.53119468406456" lon="24.33634158195116">
        <ele>538.1910477229396</ele>
      </trkpt>
      <trkpt lat="-33.53147832185546" lon="24.336760157992696">
        <ele>537.8628811150656</ele>
      </trkpt>
      <trkpt lat="-33.531507557781275" lon="24.336803302659916">
        <ele>537.8806735346296</ele>
      </trkpt>
      <trkpt lat="-33.53161681500332" lon="24.337011821689657">
        <ele>537.5</ele>
      </trkpt>
      <trkpt lat="-33.53186264324676" lon="24.33733949444968">
        <ele>537.3608396331547</ele>
      </trkpt>
      <trkpt lat="-33.532120886281774" lon="24.337720786374803">
        <ele>536.0939813909355</ele>
      </trkpt>
      <trkpt lat="-33.53227732160537" lon="24.33805143797926">
        <ele>535.4272646119352</ele>
      </trkpt>
      <trkpt lat="-33.532436239740285" lon="24.338394004955546">
        <ele>534.9847647493007</ele>
      </trkpt>
      <trkpt lat="-33.532612539204074" lon="24.338772318052236">
        <ele>534.8821293728374</ele>
      </trkpt>
      <trkpt lat="-33.53279877064136" lon="24.33912977924581">
        <ele>534.9621849118266</ele>
      </trkpt>
      <trkpt lat="-33.53297506936592" lon="24.339436600103596">
        <ele>534.8307961835526</ele>
      </trkpt>
      <trkpt lat="-33.53311261737696" lon="24.339766485442567">
        <ele>535.0588496527635</ele>
      </trkpt>
      <trkpt lat="-33.53317221113636" lon="24.33990053339008">
        <ele>535.267086694832</ele>
      </trkpt>
      <trkpt lat="-33.533346026032" lon="24.34021331193381">
        <ele>535.8744447294156</ele>
      </trkpt>
      <trkpt lat="-33.53345776399423" lon="24.340463534769043">
        <ele>536.3912875753524</ele>
      </trkpt>
      <trkpt lat="-33.53365006190283" lon="24.340848348183158">
        <ele>537.8736686797347</ele>
      </trkpt>
      <trkpt lat="-33.533883402569614" lon="24.341186378608825">
        <ele>539.9257197917599</ele>
      </trkpt>
      <trkpt lat="-33.534033092477166" lon="24.341323703468333">
        <ele>541.0505193981808</ele>
      </trkpt>
      <trkpt lat="-33.53405652678749" lon="24.341478745481822">
        <ele>541.4098958426621</ele>
      </trkpt>
      <trkpt lat="-33.53402570830721" lon="24.341584379990536">
        <ele>541.5021998605226</ele>
      </trkpt>
      <trkpt lat="-33.53406533206556" lon="24.3417639586539">
        <ele>542.275829799939</ele>
      </trkpt>
      <trkpt lat="-33.53411816371643" lon="24.342012199747927">
        <ele>542.9669768953463</ele>
      </trkpt>
      <trkpt lat="-33.534206216395276" lon="24.342276286017295">
        <ele>544.645085992751</ele>
      </trkpt>
      <trkpt lat="-33.53428546372967" lon="24.342498118482865">
        <ele>545.6361165372655</ele>
      </trkpt>
      <trkpt lat="-33.534311879491206" lon="24.34273051440144">
        <ele>546.5899342980701</ele>
      </trkpt>
      <trkpt lat="-33.53429867161143" lon="24.342931219965948">
        <ele>546.6098324242048</ele>
      </trkpt>
      <trkpt lat="-33.53421502165805" lon="24.34325868694026">
        <ele>546.300600357263</ele>
      </trkpt>
      <trkpt lat="-33.53410495580704" lon="24.343612562541324">
        <ele>545.9635408939794</ele>
      </trkpt>
      <trkpt lat="-33.53392885015207" lon="24.343924184340267">
        <ele>545.3220094267745</ele>
      </trkpt>
      <trkpt lat="-33.53383639454038" lon="24.34415658025722">
        <ele>545.1712349924492</ele>
      </trkpt>
      <trkpt lat="-33.53380997863358" lon="24.344357285821673">
        <ele>545.5712219290435</ele>
      </trkpt>
      <trkpt lat="-33.53386281044051" lon="24.34461080864139">
        <ele>546.6788814546308</ele>
      </trkpt>
      <trkpt lat="-33.534055" lon="24.344833">
        <ele>547.71</ele>
      </trkpt>
      <trkpt lat="-33.534422" lon="24.345149">
        <ele>550.67</ele>
      </trkpt>
      <trkpt lat="-33.534856" lon="24.345263">
        <ele>553.38</ele>
      </trkpt>
      <trkpt lat="-33.535195" lon="24.345244">
        <ele>555.33</ele>
      </trkpt>
      <trkpt lat="-33.53559" lon="24.345086">
        <ele>555.96</ele>
      </trkpt>
      <trkpt lat="-33.535692" lon="24.345045">
        <ele>556.13</ele>
      </trkpt>
      <trkpt lat="-33.536291" lon="24.345017">
        <ele>558.92</ele>
      </trkpt>
      <trkpt lat="-33.536638" lon="24.345149">
        <ele>561.78</ele>
      </trkpt>
      <trkpt lat="-33.538492" lon="24.346739">
        <ele>575.04</ele>
      </trkpt>
      <trkpt lat="-33.538681" lon="24.347306">
        <ele>578.75</ele>
      </trkpt>
      <trkpt lat="-33.538961" lon="24.347893">
        <ele>575.95</ele>
      </trkpt>
      <trkpt lat="-33.539241" lon="24.348479">
        <ele>569.91</ele>
      </trkpt>
      <trkpt lat="-33.539396" lon="24.349026">
        <ele>564.73</ele>
      </trkpt>
      <trkpt lat="-33.540018" lon="24.351228">
        <ele>549.21</ele>
      </trkpt>
      <trkpt lat="-33.540108" lon="24.351555">
        <ele>548.47</ele>
      </trkpt>
      <trkpt lat="-33.540447" lon="24.352662">
        <ele>545.11</ele>
      </trkpt>
      <trkpt lat="-33.540455" lon="24.352945">
        <ele>545.05</ele>
      </trkpt>
      <trkpt lat="-33.540645" lon="24.353154">
        <ele>542.73</ele>
      </trkpt>
      <trkpt lat="-33.540905" lon="24.353646">
        <ele>540.92</ele>
      </trkpt>
      <trkpt lat="-33.541382" lon="24.354674">
        <ele>535.01</ele>
      </trkpt>
      <trkpt lat="-33.54146" lon="24.354841">
        <ele>534.05</ele>
      </trkpt>
      <trkpt lat="-33.541384" lon="24.355036">
        <ele>534.31</ele>
      </trkpt>
      <trkpt lat="-33.541361" lon="24.355279">
        <ele>533.73</ele>
      </trkpt>
      <trkpt lat="-33.541361" lon="24.355655">
        <ele>532.14</ele>
      </trkpt>
      <trkpt lat="-33.541564" lon="24.356065">
        <ele>529.54</ele>
      </trkpt>
      <trkpt lat="-33.541749" lon="24.35644">
        <ele>527.16</ele>
      </trkpt>
      <trkpt lat="-33.541865" lon="24.356551">
        <ele>525.93</ele>
      </trkpt>
      <trkpt lat="-33.54194" lon="24.356915">
        <ele>523.76</ele>
      </trkpt>
      <trkpt lat="-33.541964" lon="24.357031">
        <ele>523.07</ele>
      </trkpt>
      <trkpt lat="-33.54212" lon="24.3574">
        <ele>521</ele>
      </trkpt>
      <trkpt lat="-33.542335" lon="24.357685">
        <ele>520</ele>
      </trkpt>
      <trkpt lat="-33.542578" lon="24.358318">
        <ele>520</ele>
      </trkpt>
      <trkpt lat="-33.5427" lon="24.358929">
        <ele>519.64</ele>
      </trkpt>
      <trkpt lat="-33.542792" lon="24.359465">
        <ele>519</ele>
      </trkpt>
      <trkpt lat="-33.5427" lon="24.359743">
        <ele>519.38</ele>
      </trkpt>
      <trkpt lat="-33.54263" lon="24.360257">
        <ele>520</ele>
      </trkpt>
      <trkpt lat="-33.542584" lon="24.36055">
        <ele>519.8</ele>
      </trkpt>
      <trkpt lat="-33.542532" lon="24.360758">
        <ele>519.73</ele>
      </trkpt>
      <trkpt lat="-33.54247" lon="24.360931">
        <ele>519.68</ele>
      </trkpt>
      <trkpt lat="-33.542352" lon="24.361266">
        <ele>519.57</ele>
      </trkpt>
      <trkpt lat="-33.541883" lon="24.362037">
        <ele>518.9</ele>
      </trkpt>
      <trkpt lat="-33.541037" lon="24.363144">
        <ele>516.7</ele>
      </trkpt>
      <trkpt lat="-33.540544" lon="24.36379">
        <ele>515.72</ele>
      </trkpt>
      <trkpt lat="-33.540241" lon="24.364112">
        <ele>515.45</ele>
      </trkpt>
      <trkpt lat="-33.540016" lon="24.365307">
        <ele>518.38</ele>
      </trkpt>
      <trkpt lat="-33.539841" lon="24.366235">
        <ele>520.66</ele>
      </trkpt>
      <trkpt lat="-33.539726" lon="24.366842">
        <ele>519.86</ele>
      </trkpt>
      <trkpt lat="-33.539801" lon="24.367537">
        <ele>519.44</ele>
      </trkpt>
      <trkpt lat="-33.539609" lon="24.368335">
        <ele>517.24</ele>
      </trkpt>
      <trkpt lat="-33.539544" lon="24.368606">
        <ele>516.5</ele>
      </trkpt>
      <trkpt lat="-33.539419" lon="24.369237">
        <ele>515</ele>
      </trkpt>
      <trkpt lat="-33.539168" lon="24.370498">
        <ele>515.16</ele>
      </trkpt>
      <trkpt lat="-33.538846" lon="24.37176">
        <ele>517.36</ele>
      </trkpt>
      <trkpt lat="-33.538492" lon="24.373794">
        <ele>518</ele>
      </trkpt>
      <trkpt lat="-33.538438" lon="24.374902">
        <ele>516</ele>
      </trkpt>
      <trkpt lat="-33.538345" lon="24.375533">
        <ele>513.71</ele>
      </trkpt>
      <trkpt lat="-33.538138" lon="24.376936">
        <ele>508.63</ele>
      </trkpt>
      <trkpt lat="-33.5376" lon="24.378196">
        <ele>503.21</ele>
      </trkpt>
      <trkpt lat="-33.537269" lon="24.37897">
        <ele>499.88</ele>
      </trkpt>
      <trkpt lat="-33.537211" lon="24.379187">
        <ele>499.1</ele>
      </trkpt>
      <trkpt lat="-33.53758" lon="24.379501">
        <ele>498.44</ele>
      </trkpt>
      <trkpt lat="-33.537743" lon="24.379574">
        <ele>498.33</ele>
      </trkpt>
      <trkpt lat="-33.538095" lon="24.379733">
        <ele>498.07</ele>
      </trkpt>
      <trkpt lat="-33.53838" lon="24.379799">
        <ele>498.77</ele>
      </trkpt>
      <trkpt lat="-33.538555" lon="24.379998">
        <ele>497.88</ele>
      </trkpt>
      <trkpt lat="-33.538478" lon="24.38058">
        <ele>497</ele>
      </trkpt>
      <trkpt lat="-33.538389" lon="24.38125">
        <ele>498.8</ele>
      </trkpt>
      <trkpt lat="-33.538362" lon="24.381455">
        <ele>499.34</ele>
      </trkpt>
      <trkpt lat="-33.538426" lon="24.382006">
        <ele>500.05</ele>
      </trkpt>
      <trkpt lat="-33.538382" lon="24.382393">
        <ele>500.81</ele>
      </trkpt>
      <trkpt lat="-33.538371" lon="24.382492">
        <ele>501</ele>
      </trkpt>
      <trkpt lat="-33.538444" lon="24.3829">
        <ele>502</ele>
      </trkpt>
      <trkpt lat="-33.538582" lon="24.38322">
        <ele>502.13</ele>
      </trkpt>
      <trkpt lat="-33.538635" lon="24.383698">
        <ele>503.5</ele>
      </trkpt>
      <trkpt lat="-33.53873" lon="24.384567">
        <ele>506</ele>
      </trkpt>
      <trkpt lat="-33.538546" lon="24.384876">
        <ele>508.51</ele>
      </trkpt>
      <trkpt lat="-33.538288" lon="24.385042">
        <ele>509.72</ele>
      </trkpt>
      <trkpt lat="-33.538288" lon="24.385682">
        <ele>512.07</ele>
      </trkpt>
      <trkpt lat="-33.538187" lon="24.386587">
        <ele>517.66</ele>
      </trkpt>
      <trkpt lat="-33.538242" lon="24.387042">
        <ele>520.34</ele>
      </trkpt>
      <trkpt lat="-33.53826" lon="24.387194">
        <ele>521.23</ele>
      </trkpt>
      <trkpt lat="-33.538242" lon="24.387547">
        <ele>523.79</ele>
      </trkpt>
      <trkpt lat="-33.537966" lon="24.388176">
        <ele>526.94</ele>
      </trkpt>
      <trkpt lat="-33.537966" lon="24.389048">
        <ele>529.58</ele>
      </trkpt>
      <trkpt lat="-33.537635" lon="24.390748">
        <ele>527.27</ele>
      </trkpt>
      <trkpt lat="-33.537626" lon="24.391763">
        <ele>527</ele>
      </trkpt>
      <trkpt lat="-33.537672" lon="24.392569">
        <ele>526.53</ele>
      </trkpt>
      <trkpt lat="-33.537635" lon="24.393364">
        <ele>526</ele>
      </trkpt>
      <trkpt lat="-33.537322" lon="24.394578">
        <ele>524</ele>
      </trkpt>
      <trkpt lat="-33.537304" lon="24.395483">
        <ele>523</ele>
      </trkpt>
      <trkpt lat="-33.537414" lon="24.396211">
        <ele>522.82</ele>
      </trkpt>
      <trkpt lat="-33.537616" lon="24.396752">
        <ele>523</ele>
      </trkpt>
      <trkpt lat="-33.537624" lon="24.397564">
        <ele>521.96</ele>
      </trkpt>
      <trkpt lat="-33.537469" lon="24.400295">
        <ele>517.6</ele>
      </trkpt>
      <trkpt lat="-33.537368" lon="24.400566">
        <ele>517</ele>
      </trkpt>
      <trkpt lat="-33.537361" lon="24.400562">
        <ele>517</ele>
      </trkpt>
      <trkpt lat="-33.539493" lon="24.401638">
        <ele>514.84</ele>
      </trkpt>
      <trkpt lat="-33.540543" lon="24.402158">
        <ele>514.17</ele>
      </trkpt>
      <trkpt lat="-33.539493" lon="24.401638">
        <ele>514.84</ele>
      </trkpt>
      <trkpt lat="-33.540524" lon="24.402148">
        <ele>514.18</ele>
      </trkpt>
      <trkpt lat="-33.541704" lon="24.402733">
        <ele>513.43</ele>
      </trkpt>
      <trkpt lat="-33.542983" lon="24.403372">
        <ele>514.71</ele>
      </trkpt>
      <trkpt lat="-33.545572" lon="24.404703">
        <ele>518.99</ele>
      </trkpt>
      <trkpt lat="-33.546798" lon="24.405331">
        <ele>522.51</ele>
      </trkpt>
      <trkpt lat="-33.547234" lon="24.405517">
        <ele>523.76</ele>
      </trkpt>
      <trkpt lat="-33.547554" lon="24.405596">
        <ele>525.39</ele>
      </trkpt>
      <trkpt lat="-33.547832" lon="24.405636">
        <ele>526.64</ele>
      </trkpt>
      <trkpt lat="-33.548625" lon="24.405732">
        <ele>526.91</ele>
      </trkpt>
      <trkpt lat="-33.549153" lon="24.405796">
        <ele>529.71</ele>
      </trkpt>
      <trkpt lat="-33.549705" lon="24.4058">
        <ele>529.47</ele>
      </trkpt>
      <trkpt lat="-33.550063" lon="24.40588">
        <ele>529.39</ele>
      </trkpt>
      <trkpt lat="-33.550458" lon="24.406034">
        <ele>528.96</ele>
      </trkpt>
      <trkpt lat="-33.550673" lon="24.406157">
        <ele>530.22</ele>
      </trkpt>
      <trkpt lat="-33.550779" lon="24.406266">
        <ele>530.96</ele>
      </trkpt>
      <trkpt lat="-33.551" lon="24.406621">
        <ele>532.33</ele>
      </trkpt>
      <trkpt lat="-33.551375" lon="24.407179">
        <ele>533.69</ele>
      </trkpt>
      <trkpt lat="-33.551787" lon="24.40777">
        <ele>534.14</ele>
      </trkpt>
      <trkpt lat="-33.551948" lon="24.407929">
        <ele>534.33</ele>
      </trkpt>
      <trkpt lat="-33.552191" lon="24.408059">
        <ele>534.73</ele>
      </trkpt>
      <trkpt lat="-33.554016" lon="24.408445">
        <ele>540.97</ele>
      </trkpt>
      <trkpt lat="-33.554537" lon="24.408528">
        <ele>543.55</ele>
      </trkpt>
      <trkpt lat="-33.554813" lon="24.408634">
        <ele>544.56</ele>
      </trkpt>
      <trkpt lat="-33.555022" lon="24.408772">
        <ele>544.9</ele>
      </trkpt>
      <trkpt lat="-33.555226" lon="24.40898">
        <ele>544.2</ele>
      </trkpt>
      <trkpt lat="-33.555556" lon="24.409463">
        <ele>543.87</ele>
      </trkpt>
      <trkpt lat="-33.556588" lon="24.411087">
        <ele>544.93</ele>
      </trkpt>
      <trkpt lat="-33.5571" lon="24.411813">
        <ele>545.06</ele>
      </trkpt>
      <trkpt lat="-33.557893" lon="24.412934">
        <ele>549.07</ele>
      </trkpt>
      <trkpt lat="-33.559041" lon="24.414608">
        <ele>551</ele>
      </trkpt>
      <trkpt lat="-33.559311" lon="24.414986">
        <ele>552.4</ele>
      </trkpt>
      <trkpt lat="-33.559499" lon="24.415136">
        <ele>553.55</ele>
      </trkpt>
      <trkpt lat="-33.559802" lon="24.41542">
        <ele>555.91</ele>
      </trkpt>
      <trkpt lat="-33.560108" lon="24.415627">
        <ele>557.03</ele>
      </trkpt>
      <trkpt lat="-33.560572" lon="24.415863">
        <ele>559.27</ele>
      </trkpt>
      <trkpt lat="-33.56336" lon="24.417335">
        <ele>572.47</ele>
      </trkpt>
      <trkpt lat="-33.564831" lon="24.418083">
        <ele>579.82</ele>
      </trkpt>
      <trkpt lat="-33.565866" lon="24.418641">
        <ele>584.29</ele>
      </trkpt>
      <trkpt lat="-33.567428" lon="24.419468">
        <ele>593.51</ele>
      </trkpt>
      <trkpt lat="-33.568814" lon="24.420176">
        <ele>602.79</ele>
      </trkpt>
      <trkpt lat="-33.569041" lon="24.420322">
        <ele>604.32</ele>
      </trkpt>
      <trkpt lat="-33.56927" lon="24.420608">
        <ele>606.99</ele>
      </trkpt>
      <trkpt lat="-33.569446" lon="24.420941">
        <ele>609.64</ele>
      </trkpt>
      <trkpt lat="-33.569549" lon="24.421339">
        <ele>612.68</ele>
      </trkpt>
      <trkpt lat="-33.569747" lon="24.422587">
        <ele>624.31</ele>
      </trkpt>
      <trkpt lat="-33.569852" lon="24.423205">
        <ele>627.65</ele>
      </trkpt>
      <trkpt lat="-33.570072" lon="24.42443">
        <ele>627.85</ele>
      </trkpt>
      <trkpt lat="-33.570293" lon="24.425581">
        <ele>625.82</ele>
      </trkpt>
      <trkpt lat="-33.570519" lon="24.426392">
        <ele>624.3</ele>
      </trkpt>
      <trkpt lat="-33.570781" lon="24.427245">
        <ele>623.47</ele>
      </trkpt>
      <trkpt lat="-33.570956" lon="24.427908">
        <ele>623</ele>
      </trkpt>
      <trkpt lat="-33.571076" lon="24.428421">
        <ele>623.04</ele>
      </trkpt>
      <trkpt lat="-33.571228" lon="24.428842">
        <ele>623.64</ele>
      </trkpt>
      <trkpt lat="-33.571498" lon="24.429149">
        <ele>625.08</ele>
      </trkpt>
      <trkpt lat="-33.571673" lon="24.429423">
        <ele>626.75</ele>
      </trkpt>
      <trkpt lat="-33.571734" lon="24.429892">
        <ele>631.23</ele>
      </trkpt>
      <trkpt lat="-33.571711" lon="24.430266">
        <ele>631.98</ele>
      </trkpt>
      <trkpt lat="-33.571689" lon="24.43064">
        <ele>628.34</ele>
      </trkpt>
      <trkpt lat="-33.571625" lon="24.431243">
        <ele>624</ele>
      </trkpt>
      <trkpt lat="-33.571499" lon="24.432448">
        <ele>625.69</ele>
      </trkpt>
      <trkpt lat="-33.571401" lon="24.433781">
        <ele>627.84</ele>
      </trkpt>
      <trkpt lat="-33.571204" lon="24.436446">
        <ele>627.47</ele>
      </trkpt>
      <trkpt lat="-33.570948" lon="24.439611">
        <ele>628.99</ele>
      </trkpt>
      <trkpt lat="-33.570746" lon="24.442087">
        <ele>636</ele>
      </trkpt>
      <trkpt lat="-33.570595" lon="24.44386">
        <ele>635</ele>
      </trkpt>
      <trkpt lat="-33.570465" lon="24.444845">
        <ele>632.32</ele>
      </trkpt>
      <trkpt lat="-33.570427" lon="24.445075">
        <ele>632.06</ele>
      </trkpt>
      <trkpt lat="-33.569742" lon="24.447409">
        <ele>625.27</ele>
      </trkpt>
      <trkpt lat="-33.569501" lon="24.448166">
        <ele>622.59</ele>
      </trkpt>
      <trkpt lat="-33.569424" lon="24.448532">
        <ele>622.05</ele>
      </trkpt>
      <trkpt lat="-33.5694" lon="24.448869">
        <ele>620.89</ele>
      </trkpt>
      <trkpt lat="-33.569445" lon="24.449576">
        <ele>619.28</ele>
      </trkpt>
      <trkpt lat="-33.569578" lon="24.451375">
        <ele>619.13</ele>
      </trkpt>
      <trkpt lat="-33.569562" lon="24.451851">
        <ele>618.85</ele>
      </trkpt>
      <trkpt lat="-33.569486" lon="24.452548">
        <ele>616.9</ele>
      </trkpt>
      <trkpt lat="-33.569465" lon="24.453035">
        <ele>616.31</ele>
      </trkpt>
      <trkpt lat="-33.569405" lon="24.453917">
        <ele>614.81</ele>
      </trkpt>
      <trkpt lat="-33.569354" lon="24.454652">
        <ele>613.56</ele>
      </trkpt>
      <trkpt lat="-33.569275" lon="24.455023">
        <ele>613.02</ele>
      </trkpt>
      <trkpt lat="-33.56914" lon="24.455488">
        <ele>613.07</ele>
      </trkpt>
      <trkpt lat="-33.568815" lon="24.456471">
        <ele>611.79</ele>
      </trkpt>
      <trkpt lat="-33.568673" lon="24.456944">
        <ele>609.81</ele>
      </trkpt>
      <trkpt lat="-33.568549" lon="24.457468">
        <ele>608.95</ele>
      </trkpt>
      <trkpt lat="-33.568181" lon="24.459577">
        <ele>606.38</ele>
      </trkpt>
      <trkpt lat="-33.568066" lon="24.460751">
        <ele>607.58</ele>
      </trkpt>
      <trkpt lat="-33.567889" lon="24.462113">
        <ele>606.34</ele>
      </trkpt>
      <trkpt lat="-33.567677" lon="24.463555">
        <ele>604.87</ele>
      </trkpt>
      <trkpt lat="-33.567511" lon="24.464887">
        <ele>601.77</ele>
      </trkpt>
      <trkpt lat="-33.567408" lon="24.465793">
        <ele>600.99</ele>
      </trkpt>
      <trkpt lat="-33.567359" lon="24.466451">
        <ele>599.65</ele>
      </trkpt>
      <trkpt lat="-33.567285" lon="24.467475">
        <ele>600.65</ele>
      </trkpt>
      <trkpt lat="-33.567055" lon="24.470754">
        <ele>596.52</ele>
      </trkpt>
      <trkpt lat="-33.566757" lon="24.474887">
        <ele>604.49</ele>
      </trkpt>
      <trkpt lat="-33.566558" lon="24.477395">
        <ele>606.05</ele>
      </trkpt>
      <trkpt lat="-33.56641" lon="24.479339">
        <ele>610.02</ele>
      </trkpt>
      <trkpt lat="-33.566314" lon="24.480734">
        <ele>609.3</ele>
      </trkpt>
      <trkpt lat="-33.566322" lon="24.481174">
        <ele>608.82</ele>
      </trkpt>
      <trkpt lat="-33.566622" lon="24.484943">
        <ele>608.5</ele>
      </trkpt>
      <trkpt lat="-33.566824" lon="24.487421">
        <ele>615.91</ele>
      </trkpt>
      <trkpt lat="-33.566818" lon="24.487626">
        <ele>615.87</ele>
      </trkpt>
      <trkpt lat="-33.566765" lon="24.488098">
        <ele>614.55</ele>
      </trkpt>
      <trkpt lat="-33.566707" lon="24.488462">
        <ele>614.21</ele>
      </trkpt>
      <trkpt lat="-33.56665" lon="24.488826">
        <ele>616.69</ele>
      </trkpt>
      <trkpt lat="-33.566537" lon="24.489497">
        <ele>617.02</ele>
      </trkpt>
      <trkpt lat="-33.566453" lon="24.490242">
        <ele>618.32</ele>
      </trkpt>
      <trkpt lat="-33.566199" lon="24.492779">
        <ele>619.55</ele>
      </trkpt>
      <trkpt lat="-33.566094" lon="24.493766">
        <ele>616.82</ele>
      </trkpt>
      <trkpt lat="-33.566031" lon="24.494413">
        <ele>616.38</ele>
      </trkpt>
      <trkpt lat="-33.565885" lon="24.496014">
        <ele>608.44</ele>
      </trkpt>
      <trkpt lat="-33.565789" lon="24.497008">
        <ele>605.99</ele>
      </trkpt>
      <trkpt lat="-33.565631" lon="24.498426">
        <ele>602.58</ele>
      </trkpt>
      <trkpt lat="-33.565563" lon="24.499046">
        <ele>603.66</ele>
      </trkpt>
      <trkpt lat="-33.565406" lon="24.500544">
        <ele>613.01</ele>
      </trkpt>
      <trkpt lat="-33.565341" lon="24.500952">
        <ele>613.56</ele>
      </trkpt>
      <trkpt lat="-33.565241" lon="24.501367">
        <ele>612.83</ele>
      </trkpt>
      <trkpt lat="-33.564332" lon="24.504435">
        <ele>600.94</ele>
      </trkpt>
      <trkpt lat="-33.563698" lon="24.506554">
        <ele>609.29</ele>
      </trkpt>
      <trkpt lat="-33.562919" lon="24.509112">
        <ele>622.72</ele>
      </trkpt>
      <trkpt lat="-33.562844" lon="24.50951">
        <ele>624.47</ele>
      </trkpt>
      <trkpt lat="-33.562805" lon="24.509944">
        <ele>626.91</ele>
      </trkpt>
      <trkpt lat="-33.562804" lon="24.510259">
        <ele>628.74</ele>
      </trkpt>
      <trkpt lat="-33.562833" lon="24.510571">
        <ele>629.97</ele>
      </trkpt>
      <trkpt lat="-33.562989" lon="24.511508">
        <ele>633</ele>
      </trkpt>
      <trkpt lat="-33.563135" lon="24.512518">
        <ele>632.85</ele>
      </trkpt>
      <trkpt lat="-33.563211" lon="24.513038">
        <ele>631.11</ele>
      </trkpt>
      <trkpt lat="-33.56328" lon="24.513241">
        <ele>629.93</ele>
      </trkpt>
      <trkpt lat="-33.563426" lon="24.5136">
        <ele>628.04</ele>
      </trkpt>
      <trkpt lat="-33.563519" lon="24.513922">
        <ele>626.97</ele>
      </trkpt>
      <trkpt lat="-33.563593" lon="24.514351">
        <ele>623.94</ele>
      </trkpt>
      <trkpt lat="-33.563632" lon="24.514871">
        <ele>620.45</ele>
      </trkpt>
      <trkpt lat="-33.56362" lon="24.515455">
        <ele>618</ele>
      </trkpt>
      <trkpt lat="-33.563582" lon="24.515718">
        <ele>616.53</ele>
      </trkpt>
      <trkpt lat="-33.563487" lon="24.515943">
        <ele>615.22</ele>
      </trkpt>
      <trkpt lat="-33.563336" lon="24.516161">
        <ele>613.95</ele>
      </trkpt>
      <trkpt lat="-33.563125" lon="24.516341">
        <ele>612.01</ele>
      </trkpt>
      <trkpt lat="-33.562899" lon="24.516469">
        <ele>610.68</ele>
      </trkpt>
      <trkpt lat="-33.56248" lon="24.516669">
        <ele>607</ele>
      </trkpt>
      <trkpt lat="-33.561614" lon="24.517055">
        <ele>602.42</ele>
      </trkpt>
      <trkpt lat="-33.560923" lon="24.517383">
        <ele>598.62</ele>
      </trkpt>
      <trkpt lat="-33.559833" lon="24.517889">
        <ele>595.04</ele>
      </trkpt>
      <trkpt lat="-33.559458" lon="24.518038">
        <ele>594.04</ele>
      </trkpt>
      <trkpt lat="-33.559229" lon="24.518078">
        <ele>593.8</ele>
      </trkpt>
      <trkpt lat="-33.558966" lon="24.518053">
        <ele>593.04</ele>
      </trkpt>
      <trkpt lat="-33.558319" lon="24.517861">
        <ele>593.07</ele>
      </trkpt>
      <trkpt lat="-33.5573" lon="24.517529">
        <ele>595</ele>
      </trkpt>
      <trkpt lat="-33.556946" lon="24.517457">
        <ele>594.42</ele>
      </trkpt>
      <trkpt lat="-33.556508" lon="24.517389">
        <ele>592.69</ele>
      </trkpt>
      <trkpt lat="-33.556089" lon="24.517374">
        <ele>589.9</ele>
      </trkpt>
      <trkpt lat="-33.555615" lon="24.517443">
        <ele>587.2</ele>
      </trkpt>
      <trkpt lat="-33.554096" lon="24.517758">
        <ele>583.7</ele>
      </trkpt>
      <trkpt lat="-33.553336" lon="24.517882">
        <ele>579.93</ele>
      </trkpt>
      <trkpt lat="-33.551789" lon="24.518117">
        <ele>572.58</ele>
      </trkpt>
      <trkpt lat="-33.551488" lon="24.518174">
        <ele>571.34</ele>
      </trkpt>
      <trkpt lat="-33.551624" lon="24.520336">
        <ele>562.58</ele>
      </trkpt>
      <trkpt lat="-33.551673" lon="24.521286">
        <ele>564</ele>
      </trkpt>
      <trkpt lat="-33.551697" lon="24.521742">
        <ele>567.27</ele>
      </trkpt>
      <trkpt lat="-33.55181" lon="24.523774">
        <ele>576.05</ele>
      </trkpt>
      <trkpt lat="-33.551887" lon="24.524415">
        <ele>577.7</ele>
      </trkpt>
      <trkpt lat="-33.552364" lon="24.526847">
        <ele>583.02</ele>
      </trkpt>
      <trkpt lat="-33.55268" lon="24.528467">
        <ele>588.92</ele>
      </trkpt>
      <trkpt lat="-33.553166" lon="24.530883">
        <ele>597.4</ele>
      </trkpt>
      <trkpt lat="-33.553411" lon="24.532248">
        <ele>601</ele>
      </trkpt>
      <trkpt lat="-33.553611" lon="24.533166">
        <ele>601.02</ele>
      </trkpt>
      <trkpt lat="-33.553836" lon="24.534086">
        <ele>599.21</ele>
      </trkpt>
      <trkpt lat="-33.554079" lon="24.534911">
        <ele>597</ele>
      </trkpt>
      <trkpt lat="-33.554379" lon="24.535833">
        <ele>594.57</ele>
      </trkpt>
      <trkpt lat="-33.554835" lon="24.537137">
        <ele>590.99</ele>
      </trkpt>
      <trkpt lat="-33.555754" lon="24.539497">
        <ele>582.27</ele>
      </trkpt>
      <trkpt lat="-33.556591" lon="24.541689">
        <ele>575.26</ele>
      </trkpt>
      <trkpt lat="-33.557604" lon="24.544265">
        <ele>564.74</ele>
      </trkpt>
      <trkpt lat="-33.558101" lon="24.545561">
        <ele>559</ele>
      </trkpt>
      <trkpt lat="-33.558349" lon="24.546202">
        <ele>559</ele>
      </trkpt>
      <trkpt lat="-33.558596" lon="24.546844">
        <ele>562.22</ele>
      </trkpt>
      <trkpt lat="-33.559223" lon="24.548419">
        <ele>567</ele>
      </trkpt>
      <trkpt lat="-33.559645" lon="24.549299">
        <ele>569.82</ele>
      </trkpt>
      <trkpt lat="-33.560314" lon="24.550555">
        <ele>573</ele>
      </trkpt>
      <trkpt lat="-33.560594" lon="24.551041">
        <ele>573.53</ele>
      </trkpt>
      <trkpt lat="-33.561277" lon="24.552094">
        <ele>574.24</ele>
      </trkpt>
      <trkpt lat="-33.562238" lon="24.553523">
        <ele>574.63</ele>
      </trkpt>
      <trkpt lat="-33.563113" lon="24.55482">
        <ele>570.19</ele>
      </trkpt>
      <trkpt lat="-33.56439" lon="24.556735">
        <ele>558.11</ele>
      </trkpt>
      <trkpt lat="-33.565893" lon="24.55897">
        <ele>548.06</ele>
      </trkpt>
      <trkpt lat="-33.566588" lon="24.559993">
        <ele>542.37</ele>
      </trkpt>
      <trkpt lat="-33.567804" lon="24.561784">
        <ele>549.05</ele>
      </trkpt>
      <trkpt lat="-33.568279" lon="24.562503">
        <ele>555.54</ele>
      </trkpt>
      <trkpt lat="-33.568686" lon="24.563193">
        <ele>562.94</ele>
      </trkpt>
      <trkpt lat="-33.569554" lon="24.564593">
        <ele>581.24</ele>
      </trkpt>
      <trkpt lat="-33.570024" lon="24.565379">
        <ele>588.6</ele>
      </trkpt>
      <trkpt lat="-33.570149" lon="24.565652">
        <ele>590.88</ele>
      </trkpt>
      <trkpt lat="-33.570307" lon="24.566163">
        <ele>595.77</ele>
      </trkpt>
      <trkpt lat="-33.570402" lon="24.56662">
        <ele>598.42</ele>
      </trkpt>
      <trkpt lat="-33.570464" lon="24.567001">
        <ele>600.64</ele>
      </trkpt>
      <trkpt lat="-33.570513" lon="24.567484">
        <ele>602.81</ele>
      </trkpt>
      <trkpt lat="-33.570556" lon="24.567969">
        <ele>602.7</ele>
      </trkpt>
      <trkpt lat="-33.570674" lon="24.568802">
        <ele>599.89</ele>
      </trkpt>
      <trkpt lat="-33.570781" lon="24.569356">
        <ele>597.67</ele>
      </trkpt>
      <trkpt lat="-33.570909" lon="24.569738">
        <ele>595.45</ele>
      </trkpt>
      <trkpt lat="-33.571031" lon="24.569954">
        <ele>594.19</ele>
      </trkpt>
      <trkpt lat="-33.57118" lon="24.57014">
        <ele>592.23</ele>
      </trkpt>
      <trkpt lat="-33.57154" lon="24.570407">
        <ele>588.3</ele>
      </trkpt>
      <trkpt lat="-33.572274" lon="24.570939">
        <ele>577.99</ele>
      </trkpt>
      <trkpt lat="-33.573357" lon="24.571658">
        <ele>566.93</ele>
      </trkpt>
      <trkpt lat="-33.573548" lon="24.571807">
        <ele>564.95</ele>
      </trkpt>
      <trkpt lat="-33.574073" lon="24.572274">
        <ele>559.56</ele>
      </trkpt>
      <trkpt lat="-33.574186" lon="24.572406">
        <ele>557.92</ele>
      </trkpt>
      <trkpt lat="-33.574249" lon="24.572596">
        <ele>556.06</ele>
      </trkpt>
      <trkpt lat="-33.574672" lon="24.574194">
        <ele>542.72</ele>
      </trkpt>
      <trkpt lat="-33.574827" lon="24.574792">
        <ele>540.75</ele>
      </trkpt>
      <trkpt lat="-33.574888" lon="24.57502">
        <ele>542.1</ele>
      </trkpt>
      <trkpt lat="-33.575495" lon="24.577272">
        <ele>555.42</ele>
      </trkpt>
      <trkpt lat="-33.575775" lon="24.57838">
        <ele>559.37</ele>
      </trkpt>
      <trkpt lat="-33.576071" lon="24.579521">
        <ele>560.43</ele>
      </trkpt>
      <trkpt lat="-33.576864" lon="24.582529">
        <ele>557.97</ele>
      </trkpt>
      <trkpt lat="-33.5772" lon="24.583759">
        <ele>561.38</ele>
      </trkpt>
      <trkpt lat="-33.577622" lon="24.585418">
        <ele>568.26</ele>
      </trkpt>
      <trkpt lat="-33.577793" lon="24.586068">
        <ele>567.96</ele>
      </trkpt>
      <trkpt lat="-33.577981" lon="24.586788">
        <ele>565.09</ele>
      </trkpt>
      <trkpt lat="-33.578042" lon="24.587042">
        <ele>565.19</ele>
      </trkpt>
      <trkpt lat="-33.578052" lon="24.587039">
        <ele>565.34</ele>
      </trkpt>
      <trkpt lat="-33.578052" lon="24.587039">
        <ele>564.0656748962356</ele>
      </trkpt>
      <trkpt lat="-33.57817818228573" lon="24.587557037108372">
        <ele>561.2910453337245</ele>
      </trkpt>
      <trkpt lat="-33.578304364571466" lon="24.588075074216743">
        <ele>558.6466599820413</ele>
      </trkpt>
      <trkpt lat="-33.578430546857206" lon="24.588593111325114">
        <ele>556.4706378672272</ele>
      </trkpt>
      <trkpt lat="-33.57850636515859" lon="24.58890438079834">
        <ele>555.1875</ele>
      </trkpt>
      <trkpt lat="-33.57850636515859" lon="24.58890438079834">
        <ele>555.1875</ele>
      </trkpt>
      <trkpt lat="-33.57864424421917" lon="24.589418107678007">
        <ele>553.3811213008678</ele>
      </trkpt>
      <trkpt lat="-33.57878212327975" lon="24.589931834557675">
        <ele>550.3969720569439</ele>
      </trkpt>
      <trkpt lat="-33.57892000234033" lon="24.590445561437342">
        <ele>546.1070968799759</ele>
      </trkpt>
      <trkpt lat="-33.578935412192024" lon="24.590502977371216">
        <ele>545.701171875</ele>
      </trkpt>
      <trkpt lat="-33.578935412192024" lon="24.590502977371216">
        <ele>545.701171875</ele>
      </trkpt>
      <trkpt lat="-33.579059807813636" lon="24.591021641611636">
        <ele>542.5826126396735</ele>
      </trkpt>
      <trkpt lat="-33.57918420343524" lon="24.591540305852057">
        <ele>542.3262344163704</ele>
      </trkpt>
      <trkpt lat="-33.579275072914186" lon="24.59191918373108">
        <ele>540.966796875</ele>
      </trkpt>
      <trkpt lat="-33.57967314181077" lon="24.591668161264888">
        <ele>542.5016648494639</ele>
      </trkpt>
      <trkpt lat="-33.580071210707366" lon="24.591417138798693">
        <ele>544.4914719678927</ele>
      </trkpt>
      <trkpt lat="-33.58046927960395" lon="24.591166116332502">
        <ele>549.3497820703452</ele>
      </trkpt>
      <trkpt lat="-33.58086734850055" lon="24.59091509386631">
        <ele>553.7146215843968</ele>
      </trkpt>
      <trkpt lat="-33.580923" lon="24.59088">
        <ele>554.2059783451259</ele>
      </trkpt>
      <trkpt lat="-33.580923" lon="24.59088">
        <ele>554.83</ele>
      </trkpt>
      <trkpt lat="-33.580921" lon="24.590935">
        <ele>554.5</ele>
      </trkpt>
      <trkpt lat="-33.580978433747696" lon="24.591052858836424">
        <ele>554.7692207371525</ele>
      </trkpt>
      <trkpt lat="-33.580978433747696" lon="24.591052858836424">
        <ele>553.9572107428685</ele>
      </trkpt>
      <trkpt lat="-33.58057299719153" lon="24.59128627573786">
        <ele>549.7415165174618</ele>
      </trkpt>
      <trkpt lat="-33.58016756063537" lon="24.5915196926393">
        <ele>544.594295840594</ele>
      </trkpt>
      <trkpt lat="-33.57986500678079" lon="24.591693878173828">
        <ele>542</ele>
      </trkpt>
      <trkpt lat="-33.57947596902392" lon="24.591964531164777">
        <ele>539.8606988345392</ele>
      </trkpt>
      <trkpt lat="-33.57934441745388" lon="24.59205605139711">
        <ele>540.1477170282742</ele>
      </trkpt>
      <trkpt lat="-33.57934441745388" lon="24.59205605139711">
        <ele>540.8824941992929</ele>
      </trkpt>
      <trkpt lat="-33.579428" lon="24.592369">
        <ele>539.24</ele>
      </trkpt>
      <trkpt lat="-33.579772" lon="24.593654">
        <ele>537.56</ele>
      </trkpt>
      <trkpt lat="-33.580118" lon="24.594957">
        <ele>541.85</ele>
      </trkpt>
      <trkpt lat="-33.580379" lon="24.595947">
        <ele>549.43</ele>
      </trkpt>
      <trkpt lat="-33.581123" lon="24.598793">
        <ele>577.16</ele>
      </trkpt>
      <trkpt lat="-33.581238" lon="24.599127">
        <ele>579.5</ele>
      </trkpt>
      <trkpt lat="-33.581393" lon="24.599431">
        <ele>580.65</ele>
      </trkpt>
      <trkpt lat="-33.581645" lon="24.599787">
        <ele>580.41</ele>
      </trkpt>
      <trkpt lat="-33.581898" lon="24.600032">
        <ele>577.54</ele>
      </trkpt>
      <trkpt lat="-33.582034" lon="24.600103">
        <ele>575.85</ele>
      </trkpt>
      <trkpt lat="-33.582245" lon="24.600151">
        <ele>573.22</ele>
      </trkpt>
      <trkpt lat="-33.582539" lon="24.600148">
        <ele>569.34</ele>
      </trkpt>
      <trkpt lat="-33.582989" lon="24.600119">
        <ele>564.92</ele>
      </trkpt>
      <trkpt lat="-33.583143" lon="24.600133">
        <ele>563.67</ele>
      </trkpt>
      <trkpt lat="-33.583253" lon="24.600195">
        <ele>562.2</ele>
      </trkpt>
      <trkpt lat="-33.583418" lon="24.600375">
        <ele>559.65</ele>
      </trkpt>
      <trkpt lat="-33.584026" lon="24.601282">
        <ele>549.11</ele>
      </trkpt>
      <trkpt lat="-33.5842" lon="24.601588">
        <ele>549.33</ele>
      </trkpt>
      <trkpt lat="-33.584634" lon="24.603">
        <ele>561.58</ele>
      </trkpt>
      <trkpt lat="-33.584928" lon="24.60389">
        <ele>565.64</ele>
      </trkpt>
      <trkpt lat="-33.585223" lon="24.604779">
        <ele>565.41</ele>
      </trkpt>
      <trkpt lat="-33.585419" lon="24.605371">
        <ele>567.53</ele>
      </trkpt>
      <trkpt lat="-33.585979" lon="24.607136">
        <ele>576.75</ele>
      </trkpt>
      <trkpt lat="-33.586212" lon="24.607785">
        <ele>577.92</ele>
      </trkpt>
      <trkpt lat="-33.586354" lon="24.608255">
        <ele>577.2</ele>
      </trkpt>
      <trkpt lat="-33.586439" lon="24.608683">
        <ele>577.37</ele>
      </trkpt>
      <trkpt lat="-33.586526" lon="24.609452">
        <ele>577.2</ele>
      </trkpt>
      <trkpt lat="-33.586578" lon="24.609777">
        <ele>578.86</ele>
      </trkpt>
      <trkpt lat="-33.586735" lon="24.61075">
        <ele>589.56</ele>
      </trkpt>
      <trkpt lat="-33.586839" lon="24.611399">
        <ele>594.94</ele>
      </trkpt>
      <trkpt lat="-33.586892" lon="24.611724">
        <ele>596.89</ele>
      </trkpt>
      <trkpt lat="-33.586987" lon="24.612378">
        <ele>596.77</ele>
      </trkpt>
      <trkpt lat="-33.587048" lon="24.612641">
        <ele>596.1</ele>
      </trkpt>
      <trkpt lat="-33.587153" lon="24.613025">
        <ele>592.94</ele>
      </trkpt>
      <trkpt lat="-33.587273" lon="24.613701">
        <ele>585.77</ele>
      </trkpt>
      <trkpt lat="-33.587357" lon="24.613931">
        <ele>583.72</ele>
      </trkpt>
      <trkpt lat="-33.58742" lon="24.614071">
        <ele>584.25</ele>
      </trkpt>
      <trkpt lat="-33.587425" lon="24.6142">
        <ele>583.69</ele>
      </trkpt>
      <trkpt lat="-33.58737" lon="24.614446">
        <ele>581.45</ele>
      </trkpt>
      <trkpt lat="-33.587298" lon="24.614943">
        <ele>578.93</ele>
      </trkpt>
      <trkpt lat="-33.587269" lon="24.615195">
        <ele>577.93</ele>
      </trkpt>
      <trkpt lat="-33.587283" lon="24.615389">
        <ele>577.47</ele>
      </trkpt>
      <trkpt lat="-33.587411" lon="24.616248">
        <ele>576.93</ele>
      </trkpt>
      <trkpt lat="-33.587486" lon="24.61689">
        <ele>574.65</ele>
      </trkpt>
      <trkpt lat="-33.587528" lon="24.617042">
        <ele>573.8</ele>
      </trkpt>
      <trkpt lat="-33.587611" lon="24.617165">
        <ele>573.36</ele>
      </trkpt>
      <trkpt lat="-33.587871" lon="24.617334">
        <ele>573.68</ele>
      </trkpt>
      <trkpt lat="-33.587998" lon="24.617449">
        <ele>575.54</ele>
      </trkpt>
      <trkpt lat="-33.588044" lon="24.617546">
        <ele>575.96</ele>
      </trkpt>
      <trkpt lat="-33.588043" lon="24.618012">
        <ele>571.49</ele>
      </trkpt>
      <trkpt lat="-33.588076" lon="24.618175">
        <ele>570.75</ele>
      </trkpt>
      <trkpt lat="-33.588249" lon="24.618515">
        <ele>572.97</ele>
      </trkpt>
      <trkpt lat="-33.588304" lon="24.618698">
        <ele>574.26</ele>
      </trkpt>
      <trkpt lat="-33.588354" lon="24.619049">
        <ele>578.18</ele>
      </trkpt>
      <trkpt lat="-33.588436" lon="24.619385">
        <ele>583.99</ele>
      </trkpt>
      <trkpt lat="-33.588479" lon="24.619846">
        <ele>589.91</ele>
      </trkpt>
      <trkpt lat="-33.58854" lon="24.620245">
        <ele>593.49</ele>
      </trkpt>
      <trkpt lat="-33.588554" lon="24.620562">
        <ele>596.29</ele>
      </trkpt>
      <trkpt lat="-33.588508" lon="24.62169">
        <ele>607.21</ele>
      </trkpt>
      <trkpt lat="-33.588481" lon="24.622295">
        <ele>610.04</ele>
      </trkpt>
      <trkpt lat="-33.588516" lon="24.62248">
        <ele>610.23</ele>
      </trkpt>
      <trkpt lat="-33.58859" lon="24.622673">
        <ele>609.68</ele>
      </trkpt>
      <trkpt lat="-33.588731" lon="24.622809">
        <ele>608.79</ele>
      </trkpt>
      <trkpt lat="-33.588893" lon="24.62291">
        <ele>606.97</ele>
      </trkpt>
      <trkpt lat="-33.589484" lon="24.62317">
        <ele>602.41</ele>
      </trkpt>
      <trkpt lat="-33.589947" lon="24.623366">
        <ele>601.53</ele>
      </trkpt>
      <trkpt lat="-33.590105" lon="24.623473">
        <ele>601.86</ele>
      </trkpt>
      <trkpt lat="-33.59022" lon="24.623582">
        <ele>602.35</ele>
      </trkpt>
      <trkpt lat="-33.590293" lon="24.62375">
        <ele>601.93</ele>
      </trkpt>
      <trkpt lat="-33.590446" lon="24.624284">
        <ele>598.15</ele>
      </trkpt>
      <trkpt lat="-33.590609" lon="24.624959">
        <ele>594.38</ele>
      </trkpt>
      <trkpt lat="-33.590676" lon="24.625122">
        <ele>593.43</ele>
      </trkpt>
      <trkpt lat="-33.59081" lon="24.625301">
        <ele>592.94</ele>
      </trkpt>
      <trkpt lat="-33.591244" lon="24.625708">
        <ele>592.15</ele>
      </trkpt>
      <trkpt lat="-33.591444" lon="24.625919">
        <ele>592.75</ele>
      </trkpt>
      <trkpt lat="-33.591551" lon="24.626142">
        <ele>592.92</ele>
      </trkpt>
      <trkpt lat="-33.591654" lon="24.626438">
        <ele>591.51</ele>
      </trkpt>
      <trkpt lat="-33.591733" lon="24.626646">
        <ele>591.7</ele>
      </trkpt>
      <trkpt lat="-33.591769" lon="24.626839">
        <ele>591.44</ele>
      </trkpt>
      <trkpt lat="-33.591715" lon="24.627366">
        <ele>589.45</ele>
      </trkpt>
      <trkpt lat="-33.591615" lon="24.627745">
        <ele>588.55</ele>
      </trkpt>
      <trkpt lat="-33.591498" lon="24.628061">
        <ele>588.59</ele>
      </trkpt>
      <trkpt lat="-33.590987" lon="24.628924">
        <ele>595.29</ele>
      </trkpt>
      <trkpt lat="-33.590483" lon="24.629858">
        <ele>599.31</ele>
      </trkpt>
      <trkpt lat="-33.590223" lon="24.630232">
        <ele>602.79</ele>
      </trkpt>
      <trkpt lat="-33.589995" lon="24.630588">
        <ele>604.81</ele>
      </trkpt>
      <trkpt lat="-33.589867" lon="24.630981">
        <ele>604.16</ele>
      </trkpt>
      <trkpt lat="-33.589787" lon="24.631505">
        <ele>602.21</ele>
      </trkpt>
      <trkpt lat="-33.589755" lon="24.632052">
        <ele>599.09</ele>
      </trkpt>
      <trkpt lat="-33.589812" lon="24.632515">
        <ele>596.8</ele>
      </trkpt>
      <trkpt lat="-33.589856" lon="24.632946">
        <ele>593.96</ele>
      </trkpt>
      <trkpt lat="-33.589844" lon="24.633184">
        <ele>592.57</ele>
      </trkpt>
      <trkpt lat="-33.589786" lon="24.633443">
        <ele>591.07</ele>
      </trkpt>
      <trkpt lat="-33.589647" lon="24.633713">
        <ele>590.82</ele>
      </trkpt>
      <trkpt lat="-33.589453" lon="24.634005">
        <ele>591</ele>
      </trkpt>
      <trkpt lat="-33.589324" lon="24.634135">
        <ele>591</ele>
      </trkpt>
      <trkpt lat="-33.589043" lon="24.63429">
        <ele>591.82</ele>
      </trkpt>
      <trkpt lat="-33.588296" lon="24.634601">
        <ele>593.08</ele>
      </trkpt>
      <trkpt lat="-33.58805" lon="24.634771">
        <ele>594.3</ele>
      </trkpt>
      <trkpt lat="-33.587869" lon="24.634934">
        <ele>595.06</ele>
      </trkpt>
      <trkpt lat="-33.587737" lon="24.635123">
        <ele>595.4</ele>
      </trkpt>
      <trkpt lat="-33.587551" lon="24.635446">
        <ele>594.68</ele>
      </trkpt>
      <trkpt lat="-33.587389" lon="24.635882">
        <ele>593.8</ele>
      </trkpt>
      <trkpt lat="-33.586949" lon="24.637211">
        <ele>590.07</ele>
      </trkpt>
      <trkpt lat="-33.586888" lon="24.637347">
        <ele>589.38</ele>
      </trkpt>
      <trkpt lat="-33.586689" lon="24.637674">
        <ele>588.38</ele>
      </trkpt>
      <trkpt lat="-33.58646" lon="24.637936">
        <ele>588.05</ele>
      </trkpt>
      <trkpt lat="-33.586322" lon="24.638082">
        <ele>588.78</ele>
      </trkpt>
      <trkpt lat="-33.586209" lon="24.638128">
        <ele>588.36</ele>
      </trkpt>
      <trkpt lat="-33.586088" lon="24.638148">
        <ele>587.82</ele>
      </trkpt>
      <trkpt lat="-33.585965" lon="24.638144">
        <ele>587.91</ele>
      </trkpt>
      <trkpt lat="-33.585866" lon="24.638112">
        <ele>588.29</ele>
      </trkpt>
      <trkpt lat="-33.58573" lon="24.638044">
        <ele>588.57</ele>
      </trkpt>
      <trkpt lat="-33.585624" lon="24.63795">
        <ele>588.93</ele>
      </trkpt>
      <trkpt lat="-33.585155" lon="24.63739">
        <ele>592.05</ele>
      </trkpt>
      <trkpt lat="-33.584887" lon="24.637078">
        <ele>592.1</ele>
      </trkpt>
      <trkpt lat="-33.584779" lon="24.636982">
        <ele>592.4</ele>
      </trkpt>
      <trkpt lat="-33.584692" lon="24.636924">
        <ele>592.57</ele>
      </trkpt>
      <trkpt lat="-33.584572" lon="24.636908">
        <ele>593.08</ele>
      </trkpt>
      <trkpt lat="-33.584452" lon="24.636942">
        <ele>593.25</ele>
      </trkpt>
      <trkpt lat="-33.584284" lon="24.637045">
        <ele>592.75</ele>
      </trkpt>
      <trkpt lat="-33.584157" lon="24.63716">
        <ele>591.67</ele>
      </trkpt>
      <trkpt lat="-33.584046" lon="24.637361">
        <ele>590.24</ele>
      </trkpt>
      <trkpt lat="-33.583727" lon="24.638001">
        <ele>589.39</ele>
      </trkpt>
      <trkpt lat="-33.583472" lon="24.638351">
        <ele>587.28</ele>
      </trkpt>
      <trkpt lat="-33.583343" lon="24.638619">
        <ele>586.79</ele>
      </trkpt>
      <trkpt lat="-33.583205" lon="24.639255">
        <ele>584.67</ele>
      </trkpt>
      <trkpt lat="-33.58312" lon="24.640016">
        <ele>581.52</ele>
      </trkpt>
      <trkpt lat="-33.583183" lon="24.640628">
        <ele>582.28</ele>
      </trkpt>
      <trkpt lat="-33.583161" lon="24.6408">
        <ele>581.02</ele>
      </trkpt>
      <trkpt lat="-33.582972" lon="24.641365">
        <ele>575.79</ele>
      </trkpt>
      <trkpt lat="-33.582904" lon="24.641627">
        <ele>573.84</ele>
      </trkpt>
      <trkpt lat="-33.58287" lon="24.641913">
        <ele>572.47</ele>
      </trkpt>
      <trkpt lat="-33.582875" lon="24.64233">
        <ele>570.79</ele>
      </trkpt>
      <trkpt lat="-33.582826" lon="24.643892">
        <ele>562.05</ele>
      </trkpt>
      <trkpt lat="-33.582761" lon="24.644475">
        <ele>557.48</ele>
      </trkpt>
      <trkpt lat="-33.582751" lon="24.645732">
        <ele>552.85</ele>
      </trkpt>
      <trkpt lat="-33.582738" lon="24.646558">
        <ele>550.73</ele>
      </trkpt>
      <trkpt lat="-33.582707" lon="24.646809">
        <ele>549.39</ele>
      </trkpt>
      <trkpt lat="-33.582596" lon="24.647206">
        <ele>545.73</ele>
      </trkpt>
      <trkpt lat="-33.582277" lon="24.648084">
        <ele>536.55</ele>
      </trkpt>
      <trkpt lat="-33.582158" lon="24.64851">
        <ele>533.52</ele>
      </trkpt>
      <trkpt lat="-33.582078" lon="24.648888">
        <ele>531.15</ele>
      </trkpt>
      <trkpt lat="-33.582001" lon="24.649684">
        <ele>526.61</ele>
      </trkpt>
      <trkpt lat="-33.581874" lon="24.650314">
        <ele>519.61</ele>
      </trkpt>
      <trkpt lat="-33.581658" lon="24.651191">
        <ele>509.56</ele>
      </trkpt>
      <trkpt lat="-33.58156" lon="24.651488">
        <ele>505.96</ele>
      </trkpt>
      <trkpt lat="-33.581197" lon="24.652192">
        <ele>496.69</ele>
      </trkpt>
      <trkpt lat="-33.580252" lon="24.653803">
        <ele>470.12</ele>
      </trkpt>
      <trkpt lat="-33.580124" lon="24.654097">
        <ele>468.26</ele>
      </trkpt>
      <trkpt lat="-33.579859" lon="24.654832">
        <ele>464.88</ele>
      </trkpt>
      <trkpt lat="-33.579594" lon="24.655476">
        <ele>463.98</ele>
      </trkpt>
      <trkpt lat="-33.579308" lon="24.656062">
        <ele>462.54</ele>
      </trkpt>
      <trkpt lat="-33.578987" lon="24.656546">
        <ele>459.95</ele>
      </trkpt>
      <trkpt lat="-33.578739" lon="24.656825">
        <ele>458.17</ele>
      </trkpt>
      <trkpt lat="-33.578353" lon="24.657175">
        <ele>454.78</ele>
      </trkpt>
      <trkpt lat="-33.578108" lon="24.657365">
        <ele>451.3</ele>
      </trkpt>
      <trkpt lat="-33.578023" lon="24.657475">
        <ele>450.11</ele>
      </trkpt>
      <trkpt lat="-33.577982" lon="24.657604">
        <ele>446.21</ele>
      </trkpt>
      <trkpt lat="-33.577928" lon="24.657995">
        <ele>442.9</ele>
      </trkpt>
      <trkpt lat="-33.577841" lon="24.658843">
        <ele>435.54</ele>
      </trkpt>
      <trkpt lat="-33.577778" lon="24.659382">
        <ele>431.04</ele>
      </trkpt>
      <trkpt lat="-33.577707" lon="24.659551">
        <ele>429.71</ele>
      </trkpt>
      <trkpt lat="-33.577615" lon="24.659665">
        <ele>428.34</ele>
      </trkpt>
      <trkpt lat="-33.577501" lon="24.65972">
        <ele>427.41</ele>
      </trkpt>
      <trkpt lat="-33.577372" lon="24.659723">
        <ele>426.03</ele>
      </trkpt>
      <trkpt lat="-33.577141" lon="24.659615">
        <ele>423.91</ele>
      </trkpt>
      <trkpt lat="-33.57685" lon="24.659411">
        <ele>420.9</ele>
      </trkpt>
      <trkpt lat="-33.576724" lon="24.659291">
        <ele>419.43</ele>
      </trkpt>
      <trkpt lat="-33.576572" lon="24.659119">
        <ele>417.42</ele>
      </trkpt>
      <trkpt lat="-33.576387" lon="24.658862">
        <ele>414.18</ele>
      </trkpt>
      <trkpt lat="-33.576199" lon="24.65855">
        <ele>410.14</ele>
      </trkpt>
      <trkpt lat="-33.576056" lon="24.658402">
        <ele>407.44</ele>
      </trkpt>
      <trkpt lat="-33.575884" lon="24.658302">
        <ele>405.45</ele>
      </trkpt>
      <trkpt lat="-33.57565" lon="24.65825">
        <ele>403.82</ele>
      </trkpt>
      <trkpt lat="-33.575394" lon="24.658245">
        <ele>401.69</ele>
      </trkpt>
      <trkpt lat="-33.575306" lon="24.658269">
        <ele>400.74</ele>
      </trkpt>
      <trkpt lat="-33.575306" lon="24.658269">
        <ele>400.74</ele>
      </trkpt>
      <trkpt lat="-33.575237" lon="24.658288">
        <ele>400.01</ele>
      </trkpt>
      <trkpt lat="-33.575092" lon="24.658374">
        <ele>398.58</ele>
      </trkpt>
      <trkpt lat="-33.574942" lon="24.65853">
        <ele>396.81</ele>
      </trkpt>
      <trkpt lat="-33.574771" lon="24.658737">
        <ele>394.44</ele>
      </trkpt>
      <trkpt lat="-33.574685" lon="24.658884">
        <ele>392.66</ele>
      </trkpt>
      <trkpt lat="-33.574638" lon="24.659081">
        <ele>392.16</ele>
      </trkpt>
      <trkpt lat="-33.574638" lon="24.65933">
        <ele>392.04</ele>
      </trkpt>
      <trkpt lat="-33.57467" lon="24.659487">
        <ele>391.25</ele>
      </trkpt>
      <trkpt lat="-33.57471" lon="24.659565">
        <ele>391.25</ele>
      </trkpt>
      <trkpt lat="-33.574778" lon="24.659635">
        <ele>391.88</ele>
      </trkpt>
      <trkpt lat="-33.574972" lon="24.659764">
        <ele>395.76</ele>
      </trkpt>
      <trkpt lat="-33.575042" lon="24.659889">
        <ele>394.71</ele>
      </trkpt>
      <trkpt lat="-33.57508" lon="24.660064">
        <ele>392</ele>
      </trkpt>
      <trkpt lat="-33.575076" lon="24.660269">
        <ele>388.21</ele>
      </trkpt>
      <trkpt lat="-33.575053" lon="24.660571">
        <ele>383.2</ele>
      </trkpt>
      <trkpt lat="-33.575007" lon="24.660851">
        <ele>379.39</ele>
      </trkpt>
      <trkpt lat="-33.574945" lon="24.661155">
        <ele>374.92</ele>
      </trkpt>
      <trkpt lat="-33.574886" lon="24.661368">
        <ele>370.79</ele>
      </trkpt>
      <trkpt lat="-33.574856" lon="24.66158">
        <ele>367.98</ele>
      </trkpt>
      <trkpt lat="-33.574808" lon="24.662202">
        <ele>359.84</ele>
      </trkpt>
      <trkpt lat="-33.574815" lon="24.662321">
        <ele>358.49</ele>
      </trkpt>
      <trkpt lat="-33.574859" lon="24.662417">
        <ele>359.63</ele>
      </trkpt>
      <trkpt lat="-33.575076" lon="24.662735">
        <ele>359.41</ele>
      </trkpt>
      <trkpt lat="-33.575155" lon="24.663088">
        <ele>351.97</ele>
      </trkpt>
      <trkpt lat="-33.575205" lon="24.663222">
        <ele>349.82</ele>
      </trkpt>
      <trkpt lat="-33.575357" lon="24.66349">
        <ele>345.57</ele>
      </trkpt>
      <trkpt lat="-33.575494" lon="24.66368">
        <ele>342.16</ele>
      </trkpt>
      <trkpt lat="-33.575539" lon="24.663826">
        <ele>339.14</ele>
      </trkpt>
      <trkpt lat="-33.575586" lon="24.664032">
        <ele>334.94</ele>
      </trkpt>
      <trkpt lat="-33.575648" lon="24.664235">
        <ele>330.15</ele>
      </trkpt>
      <trkpt lat="-33.575805" lon="24.664545">
        <ele>324.21</ele>
      </trkpt>
      <trkpt lat="-33.575967" lon="24.664768">
        <ele>319.84</ele>
      </trkpt>
      <trkpt lat="-33.576142" lon="24.664931">
        <ele>317.06</ele>
      </trkpt>
      <trkpt lat="-33.576266" lon="24.66503">
        <ele>314.49</ele>
      </trkpt>
      <trkpt lat="-33.576358" lon="24.665148">
        <ele>311.91</ele>
      </trkpt>
      <trkpt lat="-33.576433" lon="24.665315">
        <ele>310.39</ele>
      </trkpt>
      <trkpt lat="-33.576488" lon="24.665466">
        <ele>308.51</ele>
      </trkpt>
      <trkpt lat="-33.57656" lon="24.665739">
        <ele>304.84</ele>
      </trkpt>
      <trkpt lat="-33.57662" lon="24.66593">
        <ele>302.06</ele>
      </trkpt>
      <trkpt lat="-33.577072" lon="24.66679">
        <ele>282.94</ele>
      </trkpt>
      <trkpt lat="-33.577125" lon="24.666962">
        <ele>280.02</ele>
      </trkpt>
      <trkpt lat="-33.577108" lon="24.667076">
        <ele>280.92</ele>
      </trkpt>
      <trkpt lat="-33.577116" lon="24.667229">
        <ele>280.25</ele>
      </trkpt>
      <trkpt lat="-33.577167" lon="24.667426">
        <ele>277.56</ele>
      </trkpt>
      <trkpt lat="-33.577324" lon="24.667707">
        <ele>268.64</ele>
      </trkpt>
      <trkpt lat="-33.577456" lon="24.667892">
        <ele>262.77</ele>
      </trkpt>
      <trkpt lat="-33.577514" lon="24.668102">
        <ele>262.11</ele>
      </trkpt>
      <trkpt lat="-33.577584" lon="24.66823">
        <ele>259.04</ele>
      </trkpt>
      <trkpt lat="-33.577723" lon="24.668419">
        <ele>252.49</ele>
      </trkpt>
      <trkpt lat="-33.577888" lon="24.668615">
        <ele>246.4</ele>
      </trkpt>
      <trkpt lat="-33.578014" lon="24.668807">
        <ele>242.47</ele>
      </trkpt>
      <trkpt lat="-33.578124" lon="24.668891">
        <ele>237.47</ele>
      </trkpt>
      <trkpt lat="-33.578363" lon="24.669003">
        <ele>233.95</ele>
      </trkpt>
      <trkpt lat="-33.578468" lon="24.669021">
        <ele>232.84</ele>
      </trkpt>
      <trkpt lat="-33.578554" lon="24.668963">
        <ele>232.24</ele>
      </trkpt>
      <trkpt lat="-33.578565" lon="24.668919">
        <ele>232.17</ele>
      </trkpt>
      <trkpt lat="-33.578575" lon="24.66888">
        <ele>232.12</ele>
      </trkpt>
      <trkpt lat="-33.578524" lon="24.668688">
        <ele>232.57</ele>
      </trkpt>
      <trkpt lat="-33.578453" lon="24.668483">
        <ele>231.55</ele>
      </trkpt>
      <trkpt lat="-33.578417" lon="24.668323">
        <ele>232.1</ele>
      </trkpt>
      <trkpt lat="-33.578378" lon="24.667888">
        <ele>235.37</ele>
      </trkpt>
      <trkpt lat="-33.578381" lon="24.667528">
        <ele>236.12</ele>
      </trkpt>
      <trkpt lat="-33.578425" lon="24.667298">
        <ele>236.53</ele>
      </trkpt>
      <trkpt lat="-33.578496" lon="24.667098">
        <ele>235.82</ele>
      </trkpt>
      <trkpt lat="-33.578602" lon="24.666933">
        <ele>234.61</ele>
      </trkpt>
      <trkpt lat="-33.57877" lon="24.666822">
        <ele>232.73</ele>
      </trkpt>
      <trkpt lat="-33.579366" lon="24.666612">
        <ele>226.12</ele>
      </trkpt>
      <trkpt lat="-33.579484" lon="24.666599">
        <ele>224.9</ele>
      </trkpt>
      <trkpt lat="-33.579649" lon="24.666609">
        <ele>223.22</ele>
      </trkpt>
      <trkpt lat="-33.579737" lon="24.666455">
        <ele>221.85</ele>
      </trkpt>
      <trkpt lat="-33.579838" lon="24.666195">
        <ele>222.37</ele>
      </trkpt>
      <trkpt lat="-33.579881" lon="24.665976">
        <ele>225.86</ele>
      </trkpt>
      <trkpt lat="-33.579867" lon="24.665621">
        <ele>232.64</ele>
      </trkpt>
      <trkpt lat="-33.579842" lon="24.665478">
        <ele>235.05</ele>
      </trkpt>
      <trkpt lat="-33.579757" lon="24.665331">
        <ele>234.11</ele>
      </trkpt>
      <trkpt lat="-33.579629" lon="24.665167">
        <ele>232.94</ele>
      </trkpt>
      <trkpt lat="-33.579575" lon="24.664964">
        <ele>234.16</ele>
      </trkpt>
      <trkpt lat="-33.579536" lon="24.664725">
        <ele>235.04</ele>
      </trkpt>
      <trkpt lat="-33.579526" lon="24.664503">
        <ele>236.12</ele>
      </trkpt>
      <trkpt lat="-33.579539" lon="24.664286">
        <ele>236.91</ele>
      </trkpt>
      <trkpt lat="-33.579587" lon="24.664132">
        <ele>237.93</ele>
      </trkpt>
      <trkpt lat="-33.579685" lon="24.664031">
        <ele>239.83</ele>
      </trkpt>
      <trkpt lat="-33.579821" lon="24.663958">
        <ele>242.17</ele>
      </trkpt>
      <trkpt lat="-33.579945" lon="24.663922">
        <ele>244.56</ele>
      </trkpt>
      <trkpt lat="-33.58007" lon="24.663948">
        <ele>247.33</ele>
      </trkpt>
      <trkpt lat="-33.580197" lon="24.664069">
        <ele>250.9</ele>
      </trkpt>
      <trkpt lat="-33.580446" lon="24.664616">
        <ele>259.88</ele>
      </trkpt>
      <trkpt lat="-33.580583" lon="24.664866">
        <ele>262.71</ele>
      </trkpt>
      <trkpt lat="-33.58077" lon="24.665053">
        <ele>266.97</ele>
      </trkpt>
      <trkpt lat="-33.581127" lon="24.665372">
        <ele>272.6</ele>
      </trkpt>
      <trkpt lat="-33.581288" lon="24.665459">
        <ele>275.45</ele>
      </trkpt>
      <trkpt lat="-33.581437" lon="24.665478">
        <ele>277.58</ele>
      </trkpt>
      <trkpt lat="-33.581575" lon="24.665449">
        <ele>279.67</ele>
      </trkpt>
      <trkpt lat="-33.581742" lon="24.66535">
        <ele>282.01</ele>
      </trkpt>
      <trkpt lat="-33.582061" lon="24.665001">
        <ele>284.23</ele>
      </trkpt>
      <trkpt lat="-33.582194" lon="24.664904">
        <ele>285.16</ele>
      </trkpt>
      <trkpt lat="-33.5823" lon="24.66486">
        <ele>285.91</ele>
      </trkpt>
      <trkpt lat="-33.582469" lon="24.664828">
        <ele>287.09</ele>
      </trkpt>
      <trkpt lat="-33.582755" lon="24.664846">
        <ele>289.12</ele>
      </trkpt>
      <trkpt lat="-33.582951" lon="24.664901">
        <ele>291.28</ele>
      </trkpt>
      <trkpt lat="-33.583104" lon="24.665021">
        <ele>293.04</ele>
      </trkpt>
      <trkpt lat="-33.58368" lon="24.665796">
        <ele>303.14</ele>
      </trkpt>
      <trkpt lat="-33.58385" lon="24.666096">
        <ele>309</ele>
      </trkpt>
      <trkpt lat="-33.583966" lon="24.666429">
        <ele>315.03</ele>
      </trkpt>
      <trkpt lat="-33.584042" lon="24.666589">
        <ele>318.41</ele>
      </trkpt>
      <trkpt lat="-33.584345" lon="24.667055">
        <ele>327.6</ele>
      </trkpt>
      <trkpt lat="-33.584645" lon="24.667578">
        <ele>334.3</ele>
      </trkpt>
      <trkpt lat="-33.584776" lon="24.66769">
        <ele>336.78</ele>
      </trkpt>
      <trkpt lat="-33.585104" lon="24.667888">
        <ele>343.39</ele>
      </trkpt>
      <trkpt lat="-33.585413" lon="24.668118">
        <ele>348.63</ele>
      </trkpt>
      <trkpt lat="-33.585534" lon="24.668163">
        <ele>350.36</ele>
      </trkpt>
      <trkpt lat="-33.585777" lon="24.668167">
        <ele>354.53</ele>
      </trkpt>
      <trkpt lat="-33.585994" lon="24.66816">
        <ele>357.44</ele>
      </trkpt>
      <trkpt lat="-33.586363" lon="24.668122">
        <ele>362.08</ele>
      </trkpt>
      <trkpt lat="-33.586643" lon="24.668111">
        <ele>366.15</ele>
      </trkpt>
      <trkpt lat="-33.586924" lon="24.668099">
        <ele>372.53</ele>
      </trkpt>
      <trkpt lat="-33.587074" lon="24.668119">
        <ele>375.79</ele>
      </trkpt>
      <trkpt lat="-33.58728" lon="24.668226">
        <ele>380.53</ele>
      </trkpt>
      <trkpt lat="-33.587457" lon="24.668391">
        <ele>383.57</ele>
      </trkpt>
      <trkpt lat="-33.587742" lon="24.668682">
        <ele>389.73</ele>
      </trkpt>
      <trkpt lat="-33.587956" lon="24.668882">
        <ele>394.54</ele>
      </trkpt>
      <trkpt lat="-33.58809" lon="24.66895">
        <ele>397.2</ele>
      </trkpt>
      <trkpt lat="-33.588433" lon="24.669079">
        <ele>404.46</ele>
      </trkpt>
      <trkpt lat="-33.588634" lon="24.669137">
        <ele>409.28</ele>
      </trkpt>
      <trkpt lat="-33.588735" lon="24.669208">
        <ele>412.27</ele>
      </trkpt>
      <trkpt lat="-33.588876" lon="24.6694">
        <ele>415.83</ele>
      </trkpt>
      <trkpt lat="-33.58918" lon="24.669839">
        <ele>422.31</ele>
      </trkpt>
      <trkpt lat="-33.589459" lon="24.670166">
        <ele>426.43</ele>
      </trkpt>
      <trkpt lat="-33.589948" lon="24.670589">
        <ele>435.72</ele>
      </trkpt>
      <trkpt lat="-33.590473" lon="24.671136">
        <ele>441.02</ele>
      </trkpt>
      <trkpt lat="-33.590676" lon="24.671351">
        <ele>441.78</ele>
      </trkpt>
      <trkpt lat="-33.590844" lon="24.671485">
        <ele>442.66</ele>
      </trkpt>
      <trkpt lat="-33.590949" lon="24.671522">
        <ele>445.3</ele>
      </trkpt>
      <trkpt lat="-33.591132" lon="24.671558">
        <ele>450.62</ele>
      </trkpt>
      <trkpt lat="-33.591482" lon="24.671624">
        <ele>465.93</ele>
      </trkpt>
      <trkpt lat="-33.591596" lon="24.671686">
        <ele>471.69</ele>
      </trkpt>
      <trkpt lat="-33.591682" lon="24.67181">
        <ele>471.64</ele>
      </trkpt>
      <trkpt lat="-33.591917" lon="24.67231">
        <ele>469.95</ele>
      </trkpt>
      <trkpt lat="-33.592146" lon="24.672864">
        <ele>462.2</ele>
      </trkpt>
      <trkpt lat="-33.592213" lon="24.672984">
        <ele>461.17</ele>
      </trkpt>
      <trkpt lat="-33.592299" lon="24.673075">
        <ele>461.61</ele>
      </trkpt>
      <trkpt lat="-33.592577" lon="24.673267">
        <ele>467.46</ele>
      </trkpt>
      <trkpt lat="-33.592718" lon="24.673403">
        <ele>468.1</ele>
      </trkpt>
      <trkpt lat="-33.592918" lon="24.673656">
        <ele>467.65</ele>
      </trkpt>
      <trkpt lat="-33.59303" lon="24.673849">
        <ele>466.12</ele>
      </trkpt>
      <trkpt lat="-33.593121" lon="24.674022">
        <ele>463.42</ele>
      </trkpt>
      <trkpt lat="-33.59322" lon="24.674106">
        <ele>463.5</ele>
      </trkpt>
      <trkpt lat="-33.593325" lon="24.674135">
        <ele>464</ele>
      </trkpt>
      <trkpt lat="-33.593483" lon="24.674116">
        <ele>465.54</ele>
      </trkpt>
      <trkpt lat="-33.593597" lon="24.674059">
        <ele>466.78</ele>
      </trkpt>
      <trkpt lat="-33.593775" lon="24.67389">
        <ele>472.54</ele>
      </trkpt>
      <trkpt lat="-33.593849" lon="24.673716">
        <ele>476.26</ele>
      </trkpt>
      <trkpt lat="-33.593894" lon="24.673513">
        <ele>478.92</ele>
      </trkpt>
      <trkpt lat="-33.59396" lon="24.673407">
        <ele>480.28</ele>
      </trkpt>
      <trkpt lat="-33.594065" lon="24.673324">
        <ele>482.03</ele>
      </trkpt>
      <trkpt lat="-33.594137" lon="24.673312">
        <ele>483.04</ele>
      </trkpt>
      <trkpt lat="-33.594185" lon="24.673347">
        <ele>483.71</ele>
      </trkpt>
      <trkpt lat="-33.594338" lon="24.67351">
        <ele>486.76</ele>
      </trkpt>
      <trkpt lat="-33.594595" lon="24.673763">
        <ele>493.99</ele>
      </trkpt>
      <trkpt lat="-33.59491" lon="24.674053">
        <ele>500.59</ele>
      </trkpt>
      <trkpt lat="-33.595007" lon="24.674107">
        <ele>502.67</ele>
      </trkpt>
      <trkpt lat="-33.595161" lon="24.674134">
        <ele>506.29</ele>
      </trkpt>
      <trkpt lat="-33.595365" lon="24.674216">
        <ele>509.32</ele>
      </trkpt>
      <trkpt lat="-33.59548" lon="24.674299">
        <ele>510.74</ele>
      </trkpt>
      <trkpt lat="-33.595605" lon="24.674433">
        <ele>510.79</ele>
      </trkpt>
      <trkpt lat="-33.595827" lon="24.674635">
        <ele>511.35</ele>
      </trkpt>
      <trkpt lat="-33.596146" lon="24.674862">
        <ele>512.4</ele>
      </trkpt>
      <trkpt lat="-33.596512" lon="24.675088">
        <ele>514.05</ele>
      </trkpt>
      <trkpt lat="-33.596681" lon="24.675183">
        <ele>514.51</ele>
      </trkpt>
      <trkpt lat="-33.59684" lon="24.675222">
        <ele>515.58</ele>
      </trkpt>
      <trkpt lat="-33.597073" lon="24.675257">
        <ele>517.84</ele>
      </trkpt>
      <trkpt lat="-33.597514" lon="24.675289">
        <ele>523.06</ele>
      </trkpt>
      <trkpt lat="-33.597606" lon="24.675322">
        <ele>523.38</ele>
      </trkpt>
      <trkpt lat="-33.598024" lon="24.675626">
        <ele>521.55</ele>
      </trkpt>
      <trkpt lat="-33.598195" lon="24.675705">
        <ele>521.26</ele>
      </trkpt>
      <trkpt lat="-33.598627" lon="24.675875">
        <ele>521.96</ele>
      </trkpt>
      <trkpt lat="-33.598894" lon="24.675999">
        <ele>523.39</ele>
      </trkpt>
      <trkpt lat="-33.599485" lon="24.67632">
        <ele>525.29</ele>
      </trkpt>
      <trkpt lat="-33.599671" lon="24.676391">
        <ele>525.88</ele>
      </trkpt>
      <trkpt lat="-33.599962" lon="24.676473">
        <ele>527.07</ele>
      </trkpt>
      <trkpt lat="-33.600047" lon="24.676542">
        <ele>527.26</ele>
      </trkpt>
      <trkpt lat="-33.600131" lon="24.676628">
        <ele>526.99</ele>
      </trkpt>
      <trkpt lat="-33.600198" lon="24.676729">
        <ele>526.9</ele>
      </trkpt>
      <trkpt lat="-33.600248" lon="24.676857">
        <ele>526.72</ele>
      </trkpt>
      <trkpt lat="-33.600286" lon="24.677015">
        <ele>526.7</ele>
      </trkpt>
      <trkpt lat="-33.600295" lon="24.677379">
        <ele>527.88</ele>
      </trkpt>
      <trkpt lat="-33.600308" lon="24.677501">
        <ele>528.63</ele>
      </trkpt>
      <trkpt lat="-33.600422" lon="24.677843">
        <ele>530.03</ele>
      </trkpt>
      <trkpt lat="-33.600549" lon="24.678261">
        <ele>531.91</ele>
      </trkpt>
      <trkpt lat="-33.600527" lon="24.678271">
        <ele>531.89</ele>
      </trkpt>
      <trkpt lat="-33.600612" lon="24.678535">
        <ele>533.07</ele>
      </trkpt>
      <trkpt lat="-33.600783" lon="24.67913">
        <ele>534.51</ele>
      </trkpt>
      <trkpt lat="-33.60085" lon="24.679338">
        <ele>534.52</ele>
      </trkpt>
      <trkpt lat="-33.60091" lon="24.679488">
        <ele>534.8</ele>
      </trkpt>
      <trkpt lat="-33.601107" lon="24.679824">
        <ele>534.41</ele>
      </trkpt>
      <trkpt lat="-33.601439" lon="24.680446">
        <ele>532.79</ele>
      </trkpt>
      <trkpt lat="-33.601731" lon="24.680981">
        <ele>528.68</ele>
      </trkpt>
      <trkpt lat="-33.601891" lon="24.681227">
        <ele>526.5</ele>
      </trkpt>
      <trkpt lat="-33.601975" lon="24.681325">
        <ele>525.36</ele>
      </trkpt>
      <trkpt lat="-33.602141" lon="24.68147">
        <ele>523.6</ele>
      </trkpt>
      <trkpt lat="-33.602568" lon="24.681686">
        <ele>519.16</ele>
      </trkpt>
      <trkpt lat="-33.60273" lon="24.681814">
        <ele>518.34</ele>
      </trkpt>
      <trkpt lat="-33.602766" lon="24.681858">
        <ele>518.33</ele>
      </trkpt>
      <trkpt lat="-33.602792" lon="24.681937">
        <ele>518.06</ele>
      </trkpt>
      <trkpt lat="-33.602832" lon="24.682107">
        <ele>517.35</ele>
      </trkpt>
      <trkpt lat="-33.602934" lon="24.682283">
        <ele>517.03</ele>
      </trkpt>
      <trkpt lat="-33.603102" lon="24.682443">
        <ele>517.28</ele>
      </trkpt>
      <trkpt lat="-33.603202" lon="24.682516">
        <ele>517.06</ele>
      </trkpt>
      <trkpt lat="-33.60331" lon="24.68262">
        <ele>515.92</ele>
      </trkpt>
      <trkpt lat="-33.603492" lon="24.682879">
        <ele>514.18</ele>
      </trkpt>
      <trkpt lat="-33.603522" lon="24.682944">
        <ele>513.57</ele>
      </trkpt>
      <trkpt lat="-33.603522" lon="24.683032">
        <ele>513.03</ele>
      </trkpt>
      <trkpt lat="-33.603476" lon="24.683144">
        <ele>513</ele>
      </trkpt>
      <trkpt lat="-33.603336" lon="24.683404">
        <ele>514.81</ele>
      </trkpt>
      <trkpt lat="-33.603284" lon="24.683473">
        <ele>515.62</ele>
      </trkpt>
      <trkpt lat="-33.603271" lon="24.683551">
        <ele>516.53</ele>
      </trkpt>
      <trkpt lat="-33.603298" lon="24.683823">
        <ele>519.68</ele>
      </trkpt>
      <trkpt lat="-33.603457" lon="24.684475">
        <ele>526.27</ele>
      </trkpt>
      <trkpt lat="-33.603481" lon="24.684602">
        <ele>527.75</ele>
      </trkpt>
      <trkpt lat="-33.603522" lon="24.685417">
        <ele>537.19</ele>
      </trkpt>
      <trkpt lat="-33.603545" lon="24.686358">
        <ele>547.17</ele>
      </trkpt>
      <trkpt lat="-33.603645" lon="24.687262">
        <ele>555.68</ele>
      </trkpt>
      <trkpt lat="-33.603683" lon="24.687448">
        <ele>556.92</ele>
      </trkpt>
      <trkpt lat="-33.603781" lon="24.687829">
        <ele>558.86</ele>
      </trkpt>
      <trkpt lat="-33.603826" lon="24.688109">
        <ele>559.91</ele>
      </trkpt>
      <trkpt lat="-33.603873" lon="24.688889">
        <ele>561.25</ele>
      </trkpt>
      <trkpt lat="-33.603879" lon="24.689367">
        <ele>562.59</ele>
      </trkpt>
      <trkpt lat="-33.60382" lon="24.689847">
        <ele>564.11</ele>
      </trkpt>
      <trkpt lat="-33.603753" lon="24.690202">
        <ele>564.64</ele>
      </trkpt>
      <trkpt lat="-33.60371" lon="24.690487">
        <ele>565.34</ele>
      </trkpt>
      <trkpt lat="-33.603722" lon="24.690866">
        <ele>566.42</ele>
      </trkpt>
      <trkpt lat="-33.603763" lon="24.691276">
        <ele>566.71</ele>
      </trkpt>
      <trkpt lat="-33.604066" lon="24.692512">
        <ele>567.65</ele>
      </trkpt>
      <trkpt lat="-33.604177" lon="24.692775">
        <ele>568.24</ele>
      </trkpt>
      <trkpt lat="-33.604537" lon="24.693439">
        <ele>566.49</ele>
      </trkpt>
      <trkpt lat="-33.604867" lon="24.694104">
        <ele>558.93</ele>
      </trkpt>
      <trkpt lat="-33.605045" lon="24.694339">
        <ele>556.04</ele>
      </trkpt>
      <trkpt lat="-33.605245" lon="24.694694">
        <ele>552.92</ele>
      </trkpt>
      <trkpt lat="-33.605561" lon="24.695283">
        <ele>548.32</ele>
      </trkpt>
      <trkpt lat="-33.605643" lon="24.69553">
        <ele>546.02</ele>
      </trkpt>
      <trkpt lat="-33.605677" lon="24.695751">
        <ele>546</ele>
      </trkpt>
      <trkpt lat="-33.605706" lon="24.696047">
        <ele>546.25</ele>
      </trkpt>
      <trkpt lat="-33.605731" lon="24.696367">
        <ele>549.58</ele>
      </trkpt>
      <trkpt lat="-33.605775" lon="24.696714">
        <ele>552.55</ele>
      </trkpt>
      <trkpt lat="-33.60582" lon="24.697373">
        <ele>556.14</ele>
      </trkpt>
      <trkpt lat="-33.60592" lon="24.697851">
        <ele>557.13</ele>
      </trkpt>
      <trkpt lat="-33.606059" lon="24.698236">
        <ele>556.84</ele>
      </trkpt>
      <trkpt lat="-33.606253" lon="24.698594">
        <ele>557.37</ele>
      </trkpt>
      <trkpt lat="-33.606425" lon="24.699">
        <ele>558.08</ele>
      </trkpt>
      <trkpt lat="-33.606524" lon="24.699193">
        <ele>559.41</ele>
      </trkpt>
      <trkpt lat="-33.606575" lon="24.699407">
        <ele>561.9</ele>
      </trkpt>
      <trkpt lat="-33.606604" lon="24.699673">
        <ele>564.99</ele>
      </trkpt>
      <trkpt lat="-33.606637" lon="24.700327">
        <ele>571.76</ele>
      </trkpt>
      <trkpt lat="-33.60669" lon="24.700803">
        <ele>576.71</ele>
      </trkpt>
      <trkpt lat="-33.607107" lon="24.70235">
        <ele>592.62</ele>
      </trkpt>
      <trkpt lat="-33.607213" lon="24.702664">
        <ele>595.18</ele>
      </trkpt>
      <trkpt lat="-33.607436" lon="24.703197">
        <ele>598.17</ele>
      </trkpt>
      <trkpt lat="-33.607599" lon="24.703607">
        <ele>599.43</ele>
      </trkpt>
      <trkpt lat="-33.607777" lon="24.704051">
        <ele>599.41</ele>
      </trkpt>
      <trkpt lat="-33.608013" lon="24.704697">
        <ele>598.3</ele>
      </trkpt>
      <trkpt lat="-33.608155" lon="24.705132">
        <ele>597.63</ele>
      </trkpt>
      <trkpt lat="-33.608224" lon="24.705369">
        <ele>597.59</ele>
      </trkpt>
      <trkpt lat="-33.608323" lon="24.705838">
        <ele>596.17</ele>
      </trkpt>
      <trkpt lat="-33.608409" lon="24.706158">
        <ele>595.58</ele>
      </trkpt>
      <trkpt lat="-33.608496" lon="24.706561">
        <ele>595.5</ele>
      </trkpt>
      <trkpt lat="-33.608547" lon="24.706886">
        <ele>595.28</ele>
      </trkpt>
      <trkpt lat="-33.608622" lon="24.707562">
        <ele>595.63</ele>
      </trkpt>
      <trkpt lat="-33.608663" lon="24.707761">
        <ele>595.92</ele>
      </trkpt>
      <trkpt lat="-33.608888" lon="24.708643">
        <ele>597.98</ele>
      </trkpt>
      <trkpt lat="-33.609095" lon="24.70941">
        <ele>598.93</ele>
      </trkpt>
      <trkpt lat="-33.609139" lon="24.709512">
        <ele>599.04</ele>
      </trkpt>
      <trkpt lat="-33.609397" lon="24.709981">
        <ele>600.04</ele>
      </trkpt>
      <trkpt lat="-33.609759" lon="24.710488">
        <ele>603.13</ele>
      </trkpt>
      <trkpt lat="-33.609825" lon="24.710605">
        <ele>603.51</ele>
      </trkpt>
      <trkpt lat="-33.609892" lon="24.710748">
        <ele>603.99</ele>
      </trkpt>
      <trkpt lat="-33.609958" lon="24.710996">
        <ele>605.71</ele>
      </trkpt>
      <trkpt lat="-33.609991" lon="24.711213">
        <ele>606.47</ele>
      </trkpt>
      <trkpt lat="-33.610098" lon="24.712161">
        <ele>611.48</ele>
      </trkpt>
      <trkpt lat="-33.610135" lon="24.71237">
        <ele>612.39</ele>
      </trkpt>
      <trkpt lat="-33.610275" lon="24.712822">
        <ele>615.35</ele>
      </trkpt>
      <trkpt lat="-33.610434" lon="24.713389">
        <ele>618.03</ele>
      </trkpt>
      <trkpt lat="-33.610622" lon="24.714006">
        <ele>620.19</ele>
      </trkpt>
      <trkpt lat="-33.61095" lon="24.714842">
        <ele>622.89</ele>
      </trkpt>
      <trkpt lat="-33.611013" lon="24.71502">
        <ele>623.8</ele>
      </trkpt>
      <trkpt lat="-33.611048" lon="24.715192">
        <ele>624.56</ele>
      </trkpt>
      <trkpt lat="-33.611053" lon="24.715439">
        <ele>625</ele>
      </trkpt>
      <trkpt lat="-33.610996" lon="24.716244">
        <ele>627.75</ele>
      </trkpt>
      <trkpt lat="-33.611019" lon="24.716893">
        <ele>631.85</ele>
      </trkpt>
      <trkpt lat="-33.611069" lon="24.717325">
        <ele>635.77</ele>
      </trkpt>
      <trkpt lat="-33.611139" lon="24.717898">
        <ele>638.41</ele>
      </trkpt>
      <trkpt lat="-33.611196" lon="24.718195">
        <ele>638.93</ele>
      </trkpt>
      <trkpt lat="-33.611325" lon="24.718697">
        <ele>640.5</ele>
      </trkpt>
      <trkpt lat="-33.611398" lon="24.718893">
        <ele>641.27</ele>
      </trkpt>
      <trkpt lat="-33.611554" lon="24.719173">
        <ele>641.83</ele>
      </trkpt>
      <trkpt lat="-33.611677" lon="24.719311">
        <ele>642.74</ele>
      </trkpt>
      <trkpt lat="-33.611934" lon="24.719566">
        <ele>644.1</ele>
      </trkpt>
      <trkpt lat="-33.612559" lon="24.719965">
        <ele>646.18</ele>
      </trkpt>
      <trkpt lat="-33.612739" lon="24.720115">
        <ele>645.68</ele>
      </trkpt>
      <trkpt lat="-33.612914" lon="24.720333">
        <ele>644.83</ele>
      </trkpt>
      <trkpt lat="-33.61301" lon="24.720507">
        <ele>644.41</ele>
      </trkpt>
      <trkpt lat="-33.613084" lon="24.720692">
        <ele>644.36</ele>
      </trkpt>
      <trkpt lat="-33.613353" lon="24.721734">
        <ele>644.72</ele>
      </trkpt>
      <trkpt lat="-33.613456" lon="24.722045">
        <ele>645.48</ele>
      </trkpt>
      <trkpt lat="-33.613581" lon="24.722355">
        <ele>646.92</ele>
      </trkpt>
      <trkpt lat="-33.613718" lon="24.722606">
        <ele>647.44</ele>
      </trkpt>
      <trkpt lat="-33.613923" lon="24.722924">
        <ele>648.62</ele>
      </trkpt>
      <trkpt lat="-33.614075" lon="24.723095">
        <ele>649.87</ele>
      </trkpt>
      <trkpt lat="-33.614493" lon="24.723459">
        <ele>653.06</ele>
      </trkpt>
      <trkpt lat="-33.614792" lon="24.723696">
        <ele>655.97</ele>
      </trkpt>
      <trkpt lat="-33.61492" lon="24.723773">
        <ele>657.02</ele>
      </trkpt>
      <trkpt lat="-33.615224" lon="24.723895">
        <ele>659.93</ele>
      </trkpt>
      <trkpt lat="-33.615359" lon="24.723935">
        <ele>661.27</ele>
      </trkpt>
      <trkpt lat="-33.615451" lon="24.724027">
        <ele>662.02</ele>
      </trkpt>
      <trkpt lat="-33.615563" lon="24.724256">
        <ele>663.27</ele>
      </trkpt>
      <trkpt lat="-33.616095" lon="24.725722">
        <ele>674.69</ele>
      </trkpt>
      <trkpt lat="-33.616559" lon="24.726966">
        <ele>686.15</ele>
      </trkpt>
      <trkpt lat="-33.616744" lon="24.727305">
        <ele>689.78</ele>
      </trkpt>
      <trkpt lat="-33.616927" lon="24.727669">
        <ele>693.52</ele>
      </trkpt>
      <trkpt lat="-33.617052" lon="24.728002">
        <ele>697.18</ele>
      </trkpt>
      <trkpt lat="-33.617185" lon="24.728326">
        <ele>701.42</ele>
      </trkpt>
      <trkpt lat="-33.617334" lon="24.728467">
        <ele>704.31</ele>
      </trkpt>
      <trkpt lat="-33.617448" lon="24.728612">
        <ele>706.99</ele>
      </trkpt>
      <trkpt lat="-33.617587" lon="24.728955">
        <ele>711.9</ele>
      </trkpt>
      <trkpt lat="-33.617757" lon="24.729306">
        <ele>717.51</ele>
      </trkpt>
      <trkpt lat="-33.617914" lon="24.729529">
        <ele>722.09</ele>
      </trkpt>
      <trkpt lat="-33.618006" lon="24.729606">
        <ele>724.46</ele>
      </trkpt>
      <trkpt lat="-33.618278" lon="24.729688">
        <ele>731.13</ele>
      </trkpt>
      <trkpt lat="-33.618397" lon="24.729787">
        <ele>733.63</ele>
      </trkpt>
      <trkpt lat="-33.618524" lon="24.729909">
        <ele>737.05</ele>
      </trkpt>
      <trkpt lat="-33.618888" lon="24.730294">
        <ele>744.87</ele>
      </trkpt>
      <trkpt lat="-33.619065" lon="24.730417">
        <ele>747.86</ele>
      </trkpt>
      <trkpt lat="-33.619432" lon="24.730618">
        <ele>753.48</ele>
      </trkpt>
      <trkpt lat="-33.619739" lon="24.730811">
        <ele>758.71</ele>
      </trkpt>
      <trkpt lat="-33.62014" lon="24.731153">
        <ele>764.09</ele>
      </trkpt>
      <trkpt lat="-33.620281" lon="24.731337">
        <ele>766.03</ele>
      </trkpt>
      <trkpt lat="-33.620585" lon="24.731904">
        <ele>768.39</ele>
      </trkpt>
      <trkpt lat="-33.621029" lon="24.732633">
        <ele>768.65</ele>
      </trkpt>
      <trkpt lat="-33.621167" lon="24.732941">
        <ele>767.79</ele>
      </trkpt>
      <trkpt lat="-33.621561" lon="24.73453">
        <ele>767.04</ele>
      </trkpt>
      <trkpt lat="-33.62173" lon="24.735124">
        <ele>766.72</ele>
      </trkpt>
      <trkpt lat="-33.621892" lon="24.735531">
        <ele>766.06</ele>
      </trkpt>
      <trkpt lat="-33.622008" lon="24.735979">
        <ele>765.99</ele>
      </trkpt>
      <trkpt lat="-33.622117" lon="24.736481">
        <ele>766.15</ele>
      </trkpt>
      <trkpt lat="-33.622296" lon="24.737183">
        <ele>766.9</ele>
      </trkpt>
      <trkpt lat="-33.622536" lon="24.738188">
        <ele>766.22</ele>
      </trkpt>
      <trkpt lat="-33.622601" lon="24.738557">
        <ele>765.77</ele>
      </trkpt>
      <trkpt lat="-33.622634" lon="24.739122">
        <ele>765.51</ele>
      </trkpt>
      <trkpt lat="-33.622681" lon="24.739582">
        <ele>765.79</ele>
      </trkpt>
      <trkpt lat="-33.622721" lon="24.739806">
        <ele>766.02</ele>
      </trkpt>
      <trkpt lat="-33.622955" lon="24.740501">
        <ele>767.56</ele>
      </trkpt>
      <trkpt lat="-33.62327" lon="24.741254">
        <ele>768.77</ele>
      </trkpt>
      <trkpt lat="-33.623534" lon="24.7418">
        <ele>769.19</ele>
      </trkpt>
      <trkpt lat="-33.623721" lon="24.742291">
        <ele>767.9</ele>
      </trkpt>
      <trkpt lat="-33.623844" lon="24.742668">
        <ele>766.18</ele>
      </trkpt>
      <trkpt lat="-33.624" lon="24.743408">
        <ele>766.01</ele>
      </trkpt>
      <trkpt lat="-33.624047" lon="24.743807">
        <ele>765.68</ele>
      </trkpt>
      <trkpt lat="-33.624029" lon="24.744033">
        <ele>765.81</ele>
      </trkpt>
      <trkpt lat="-33.623913" lon="24.744497">
        <ele>764.39</ele>
      </trkpt>
      <trkpt lat="-33.623848" lon="24.744888">
        <ele>762</ele>
      </trkpt>
      <trkpt lat="-33.623826" lon="24.745131">
        <ele>758.92</ele>
      </trkpt>
      <trkpt lat="-33.623788" lon="24.745736">
        <ele>750.84</ele>
      </trkpt>
      <trkpt lat="-33.6238" lon="24.745973">
        <ele>748.31</ele>
      </trkpt>
      <trkpt lat="-33.623863" lon="24.746124">
        <ele>746.77</ele>
      </trkpt>
      <trkpt lat="-33.623922" lon="24.746187">
        <ele>745.73</ele>
      </trkpt>
      <trkpt lat="-33.624032" lon="24.746259">
        <ele>744.63</ele>
      </trkpt>
      <trkpt lat="-33.624173" lon="24.746311">
        <ele>743.21</ele>
      </trkpt>
      <trkpt lat="-33.624666" lon="24.746537">
        <ele>734.48</ele>
      </trkpt>
      <trkpt lat="-33.624792" lon="24.746617">
        <ele>731.75</ele>
      </trkpt>
      <trkpt lat="-33.624881" lon="24.746712">
        <ele>729.4</ele>
      </trkpt>
      <trkpt lat="-33.62504" lon="24.746927">
        <ele>724.47</ele>
      </trkpt>
      <trkpt lat="-33.625192" lon="24.747188">
        <ele>720.26</ele>
      </trkpt>
      <trkpt lat="-33.625377" lon="24.747423">
        <ele>717.3</ele>
      </trkpt>
      <trkpt lat="-33.625582" lon="24.747639">
        <ele>715.78</ele>
      </trkpt>
      <trkpt lat="-33.626218" lon="24.748051">
        <ele>711.5</ele>
      </trkpt>
      <trkpt lat="-33.626381" lon="24.748209">
        <ele>710.17</ele>
      </trkpt>
      <trkpt lat="-33.626609" lon="24.748559">
        <ele>709.46</ele>
      </trkpt>
      <trkpt lat="-33.62688" lon="24.748876">
        <ele>706.75</ele>
      </trkpt>
      <trkpt lat="-33.627105" lon="24.749067">
        <ele>703.98</ele>
      </trkpt>
      <trkpt lat="-33.627732" lon="24.749614">
        <ele>701.89</ele>
      </trkpt>
      <trkpt lat="-33.627996" lon="24.74988">
        <ele>698.2</ele>
      </trkpt>
      <trkpt lat="-33.628201" lon="24.750128">
        <ele>696.21</ele>
      </trkpt>
      <trkpt lat="-33.62861" lon="24.750622">
        <ele>696.15</ele>
      </trkpt>
      <trkpt lat="-33.629116" lon="24.751154">
        <ele>697.01</ele>
      </trkpt>
      <trkpt lat="-33.629691" lon="24.751696">
        <ele>696.14</ele>
      </trkpt>
      <trkpt lat="-33.629803" lon="24.751775">
        <ele>697.06</ele>
      </trkpt>
      <trkpt lat="-33.629972" lon="24.751873">
        <ele>697.85</ele>
      </trkpt>
      <trkpt lat="-33.630345" lon="24.751985">
        <ele>695.84</ele>
      </trkpt>
      <trkpt lat="-33.630482" lon="24.752037">
        <ele>694.79</ele>
      </trkpt>
      <trkpt lat="-33.630703" lon="24.752201">
        <ele>692.13</ele>
      </trkpt>
      <trkpt lat="-33.631149" lon="24.752612">
        <ele>687.76</ele>
      </trkpt>
      <trkpt lat="-33.631318" lon="24.752736">
        <ele>687.42</ele>
      </trkpt>
      <trkpt lat="-33.631421" lon="24.752778">
        <ele>686.94</ele>
      </trkpt>
      <trkpt lat="-33.631532" lon="24.752808">
        <ele>686.88</ele>
      </trkpt>
      <trkpt lat="-33.631666" lon="24.752802">
        <ele>686.84</ele>
      </trkpt>
      <trkpt lat="-33.632109" lon="24.752701">
        <ele>689.35</ele>
      </trkpt>
      <trkpt lat="-33.632405" lon="24.752591">
        <ele>692.68</ele>
      </trkpt>
      <trkpt lat="-33.6327" lon="24.75248">
        <ele>693.76</ele>
      </trkpt>
      <trkpt lat="-33.633004" lon="24.752406">
        <ele>691.9</ele>
      </trkpt>
      <trkpt lat="-33.633481" lon="24.752389">
        <ele>690.97</ele>
      </trkpt>
      <trkpt lat="-33.634012" lon="24.752337">
        <ele>691.57</ele>
      </trkpt>
      <trkpt lat="-33.634355" lon="24.75232">
        <ele>693.01</ele>
      </trkpt>
      <trkpt lat="-33.634561" lon="24.752334">
        <ele>694.06</ele>
      </trkpt>
      <trkpt lat="-33.634763" lon="24.752384">
        <ele>696.15</ele>
      </trkpt>
      <trkpt lat="-33.635052" lon="24.75251">
        <ele>698.72</ele>
      </trkpt>
      <trkpt lat="-33.635374" lon="24.752697">
        <ele>704.25</ele>
      </trkpt>
      <trkpt lat="-33.635516" lon="24.752835">
        <ele>707.37</ele>
      </trkpt>
      <trkpt lat="-33.635667" lon="24.753163">
        <ele>712.32</ele>
      </trkpt>
      <trkpt lat="-33.635783" lon="24.753389">
        <ele>716.74</ele>
      </trkpt>
      <trkpt lat="-33.63585" lon="24.753445">
        <ele>717.76</ele>
      </trkpt>
      <trkpt lat="-33.635945" lon="24.753467">
        <ele>718.75</ele>
      </trkpt>
      <trkpt lat="-33.636753" lon="24.75326">
        <ele>727.9</ele>
      </trkpt>
      <trkpt lat="-33.636894" lon="24.753256">
        <ele>727.97</ele>
      </trkpt>
      <trkpt lat="-33.637013" lon="24.753301">
        <ele>727.14</ele>
      </trkpt>
      <trkpt lat="-33.637103" lon="24.753414">
        <ele>726.01</ele>
      </trkpt>
      <trkpt lat="-33.63718" lon="24.753547">
        <ele>725.73</ele>
      </trkpt>
      <trkpt lat="-33.637231" lon="24.753725">
        <ele>724.74</ele>
      </trkpt>
      <trkpt lat="-33.637361" lon="24.754469">
        <ele>723</ele>
      </trkpt>
      <trkpt lat="-33.637412" lon="24.754821">
        <ele>723.63</ele>
      </trkpt>
      <trkpt lat="-33.637412" lon="24.755255">
        <ele>725.85</ele>
      </trkpt>
      <trkpt lat="-33.637372" lon="24.75545">
        <ele>727.39</ele>
      </trkpt>
      <trkpt lat="-33.637332" lon="24.755732">
        <ele>729.86</ele>
      </trkpt>
      <trkpt lat="-33.6373" lon="24.756331">
        <ele>735.76</ele>
      </trkpt>
      <trkpt lat="-33.637325" lon="24.756613">
        <ele>738.05</ele>
      </trkpt>
      <trkpt lat="-33.637361" lon="24.757286">
        <ele>739.71</ele>
      </trkpt>
      <trkpt lat="-33.637374" lon="24.757873">
        <ele>740.61</ele>
      </trkpt>
      <trkpt lat="-33.637334" lon="24.758457">
        <ele>740.89</ele>
      </trkpt>
      <trkpt lat="-33.637291" lon="24.758845">
        <ele>741</ele>
      </trkpt>
      <trkpt lat="-33.63722" lon="24.759264">
        <ele>740.69</ele>
      </trkpt>
      <trkpt lat="-33.637151" lon="24.759513">
        <ele>740.09</ele>
      </trkpt>
      <trkpt lat="-33.637074" lon="24.759715">
        <ele>738.98</ele>
      </trkpt>
      <trkpt lat="-33.636697" lon="24.760414">
        <ele>734.66</ele>
      </trkpt>
      <trkpt lat="-33.636581" lon="24.760649">
        <ele>733.84</ele>
      </trkpt>
      <trkpt lat="-33.636395" lon="24.761113">
        <ele>731.55</ele>
      </trkpt>
      <trkpt lat="-33.636221" lon="24.761622">
        <ele>729.16</ele>
      </trkpt>
      <trkpt lat="-33.6361" lon="24.762047">
        <ele>726.84</ele>
      </trkpt>
      <trkpt lat="-33.635999" lon="24.762541">
        <ele>725.16</ele>
      </trkpt>
      <trkpt lat="-33.63593" lon="24.763174">
        <ele>725.14</ele>
      </trkpt>
      <trkpt lat="-33.635836" lon="24.76422">
        <ele>728.98</ele>
      </trkpt>
      <trkpt lat="-33.635712" lon="24.764648">
        <ele>732.76</ele>
      </trkpt>
      <trkpt lat="-33.635623" lon="24.764949">
        <ele>733.16</ele>
      </trkpt>
      <trkpt lat="-33.63554" lon="24.765322">
        <ele>732.15</ele>
      </trkpt>
      <trkpt lat="-33.635367" lon="24.766273">
        <ele>731.67</ele>
      </trkpt>
      <trkpt lat="-33.635352" lon="24.766602">
        <ele>732.92</ele>
      </trkpt>
      <trkpt lat="-33.635378" lon="24.76721">
        <ele>734.96</ele>
      </trkpt>
      <trkpt lat="-33.635417" lon="24.767332">
        <ele>735.51</ele>
      </trkpt>
      <trkpt lat="-33.635533" lon="24.767483">
        <ele>736.96</ele>
      </trkpt>
      <trkpt lat="-33.635804" lon="24.767775">
        <ele>738.84</ele>
      </trkpt>
      <trkpt lat="-33.635923" lon="24.767948">
        <ele>738.45</ele>
      </trkpt>
      <trkpt lat="-33.636172" lon="24.768534">
        <ele>737.89</ele>
      </trkpt>
      <trkpt lat="-33.636236" lon="24.768818">
        <ele>735.6</ele>
      </trkpt>
      <trkpt lat="-33.63649" lon="24.769953">
        <ele>734.04</ele>
      </trkpt>
      <trkpt lat="-33.63653" lon="24.7702">
        <ele>733.41</ele>
      </trkpt>
      <trkpt lat="-33.636529" lon="24.770417">
        <ele>732.4</ele>
      </trkpt>
      <trkpt lat="-33.636466" lon="24.770695">
        <ele>731.14</ele>
      </trkpt>
      <trkpt lat="-33.636366" lon="24.770943">
        <ele>729.46</ele>
      </trkpt>
      <trkpt lat="-33.636216" lon="24.771216">
        <ele>728.36</ele>
      </trkpt>
      <trkpt lat="-33.636061" lon="24.771427">
        <ele>727.39</ele>
      </trkpt>
      <trkpt lat="-33.635628" lon="24.771833">
        <ele>724.84</ele>
      </trkpt>
      <trkpt lat="-33.635341" lon="24.772116">
        <ele>725.29</ele>
      </trkpt>
      <trkpt lat="-33.635106" lon="24.772369">
        <ele>725.6</ele>
      </trkpt>
      <trkpt lat="-33.634435" lon="24.773175">
        <ele>726.87</ele>
      </trkpt>
      <trkpt lat="-33.634037" lon="24.773843">
        <ele>732.81</ele>
      </trkpt>
      <trkpt lat="-33.633906" lon="24.774111">
        <ele>734.9</ele>
      </trkpt>
      <trkpt lat="-33.633842" lon="24.774407">
        <ele>737.72</ele>
      </trkpt>
      <trkpt lat="-33.633838" lon="24.774676">
        <ele>739.76</ele>
      </trkpt>
      <trkpt lat="-33.63393" lon="24.775386">
        <ele>744.47</ele>
      </trkpt>
      <trkpt lat="-33.634027" lon="24.775705">
        <ele>745.01</ele>
      </trkpt>
      <trkpt lat="-33.634121" lon="24.775878">
        <ele>744.96</ele>
      </trkpt>
      <trkpt lat="-33.634274" lon="24.776012">
        <ele>744.9</ele>
      </trkpt>
      <trkpt lat="-33.634405" lon="24.776083">
        <ele>744.67</ele>
      </trkpt>
      <trkpt lat="-33.634586" lon="24.776156">
        <ele>744.63</ele>
      </trkpt>
      <trkpt lat="-33.634803" lon="24.776212">
        <ele>745</ele>
      </trkpt>
      <trkpt lat="-33.634946" lon="24.776272">
        <ele>744.03</ele>
      </trkpt>
      <trkpt lat="-33.635035" lon="24.776351">
        <ele>743.15</ele>
      </trkpt>
      <trkpt lat="-33.635268" lon="24.776588">
        <ele>740.27</ele>
      </trkpt>
      <trkpt lat="-33.635537" lon="24.77698">
        <ele>737.24</ele>
      </trkpt>
      <trkpt lat="-33.63601" lon="24.777779">
        <ele>730.8</ele>
      </trkpt>
      <trkpt lat="-33.636396" lon="24.778386">
        <ele>724.81</ele>
      </trkpt>
      <trkpt lat="-33.636523" lon="24.778602">
        <ele>723.11</ele>
      </trkpt>
      <trkpt lat="-33.636618" lon="24.778807">
        <ele>721.82</ele>
      </trkpt>
      <trkpt lat="-33.636725" lon="24.779217">
        <ele>720.08</ele>
      </trkpt>
      <trkpt lat="-33.636834" lon="24.779816">
        <ele>719.58</ele>
      </trkpt>
      <trkpt lat="-33.63696" lon="24.780311">
        <ele>721.83</ele>
      </trkpt>
      <trkpt lat="-33.637184" lon="24.78097">
        <ele>727.27</ele>
      </trkpt>
      <trkpt lat="-33.637318" lon="24.781621">
        <ele>732.45</ele>
      </trkpt>
      <trkpt lat="-33.637581" lon="24.782494">
        <ele>738.95</ele>
      </trkpt>
      <trkpt lat="-33.637733" lon="24.782897">
        <ele>742.76</ele>
      </trkpt>
      <trkpt lat="-33.637866" lon="24.783186">
        <ele>744.44</ele>
      </trkpt>
      <trkpt lat="-33.638008" lon="24.783557">
        <ele>746.81</ele>
      </trkpt>
      <trkpt lat="-33.638181" lon="24.784182">
        <ele>751.35</ele>
      </trkpt>
      <trkpt lat="-33.638228" lon="24.784459">
        <ele>754.24</ele>
      </trkpt>
      <trkpt lat="-33.63825" lon="24.784741">
        <ele>756.38</ele>
      </trkpt>
      <trkpt lat="-33.638248" lon="24.785101">
        <ele>759.17</ele>
      </trkpt>
      <trkpt lat="-33.638261" lon="24.785259">
        <ele>761.6</ele>
      </trkpt>
      <trkpt lat="-33.638292" lon="24.785415">
        <ele>762.4</ele>
      </trkpt>
      <trkpt lat="-33.638318" lon="24.785593">
        <ele>763.52</ele>
      </trkpt>
      <trkpt lat="-33.638341" lon="24.785791">
        <ele>764.69</ele>
      </trkpt>
      <trkpt lat="-33.638361" lon="24.786072">
        <ele>765.51</ele>
      </trkpt>
      <trkpt lat="-33.638437" lon="24.786393">
        <ele>766.84</ele>
      </trkpt>
      <trkpt lat="-33.638456" lon="24.78653">
        <ele>767</ele>
      </trkpt>
      <trkpt lat="-33.638464" lon="24.786631">
        <ele>767.57</ele>
      </trkpt>
      <trkpt lat="-33.638479" lon="24.787159">
        <ele>769.65</ele>
      </trkpt>
      <trkpt lat="-33.638469" lon="24.787327">
        <ele>770.62</ele>
      </trkpt>
      <trkpt lat="-33.638425" lon="24.787633">
        <ele>773.23</ele>
      </trkpt>
      <trkpt lat="-33.638402" lon="24.787725">
        <ele>773.9</ele>
      </trkpt>
      <trkpt lat="-33.638318" lon="24.787915">
        <ele>776.08</ele>
      </trkpt>
      <trkpt lat="-33.638285" lon="24.788075">
        <ele>778.19</ele>
      </trkpt>
      <trkpt lat="-33.638282" lon="24.788159">
        <ele>779.52</ele>
      </trkpt>
      <trkpt lat="-33.63829" lon="24.78824">
        <ele>780.8</ele>
      </trkpt>
      <trkpt lat="-33.63836" lon="24.788551">
        <ele>783.02</ele>
      </trkpt>
      <trkpt lat="-33.638372" lon="24.788664">
        <ele>783.94</ele>
      </trkpt>
      <trkpt lat="-33.638376" lon="24.788753">
        <ele>784.71</ele>
      </trkpt>
      <trkpt lat="-33.638371" lon="24.788831">
        <ele>785.7</ele>
      </trkpt>
      <trkpt lat="-33.638347" lon="24.788946">
        <ele>787.49</ele>
      </trkpt>
      <trkpt lat="-33.638283" lon="24.789086">
        <ele>789.39</ele>
      </trkpt>
      <trkpt lat="-33.638233" lon="24.789225">
        <ele>791.54</ele>
      </trkpt>
      <trkpt lat="-33.638206" lon="24.789456">
        <ele>794.61</ele>
      </trkpt>
      <trkpt lat="-33.638203" lon="24.78963">
        <ele>796.68</ele>
      </trkpt>
      <trkpt lat="-33.638217" lon="24.79">
        <ele>800.79</ele>
      </trkpt>
      <trkpt lat="-33.638322" lon="24.79088">
        <ele>807.26</ele>
      </trkpt>
      <trkpt lat="-33.638373" lon="24.791517">
        <ele>810.2</ele>
      </trkpt>
      <trkpt lat="-33.638369" lon="24.791626">
        <ele>811.16</ele>
      </trkpt>
      <trkpt lat="-33.63834" lon="24.791773">
        <ele>812.95</ele>
      </trkpt>
      <trkpt lat="-33.638235" lon="24.792125">
        <ele>817.53</ele>
      </trkpt>
      <trkpt lat="-33.638155" lon="24.792479">
        <ele>820.48</ele>
      </trkpt>
      <trkpt lat="-33.638078" lon="24.792739">
        <ele>820.33</ele>
      </trkpt>
      <trkpt lat="-33.638069" lon="24.792815">
        <ele>820.36</ele>
      </trkpt>
      <trkpt lat="-33.638068" lon="24.792966">
        <ele>820.46</ele>
      </trkpt>
      <trkpt lat="-33.638123" lon="24.793266">
        <ele>820.76</ele>
      </trkpt>
      <trkpt lat="-33.638165" lon="24.793391">
        <ele>820.93</ele>
      </trkpt>
      <trkpt lat="-33.63851" lon="24.794225">
        <ele>825.46</ele>
      </trkpt>
      <trkpt lat="-33.638593" lon="24.79446">
        <ele>827.97</ele>
      </trkpt>
      <trkpt lat="-33.638623" lon="24.79459">
        <ele>829.8</ele>
      </trkpt>
      <trkpt lat="-33.63863" lon="24.794703">
        <ele>831.24</ele>
      </trkpt>
      <trkpt lat="-33.638617" lon="24.794824">
        <ele>832.75</ele>
      </trkpt>
      <trkpt lat="-33.638557" lon="24.79516">
        <ele>836.2</ele>
      </trkpt>
      <trkpt lat="-33.638552" lon="24.795283">
        <ele>837.23</ele>
      </trkpt>
      <trkpt lat="-33.638553" lon="24.795347">
        <ele>837.97</ele>
      </trkpt>
      <trkpt lat="-33.638563" lon="24.795388">
        <ele>838.71</ele>
      </trkpt>
      <trkpt lat="-33.638608" lon="24.79549">
        <ele>841.07</ele>
      </trkpt>
      <trkpt lat="-33.638642" lon="24.79555">
        <ele>842</ele>
      </trkpt>
      <trkpt lat="-33.638854" lon="24.795713">
        <ele>846.37</ele>
      </trkpt>
      <trkpt lat="-33.638926" lon="24.795789">
        <ele>847.63</ele>
      </trkpt>
      <trkpt lat="-33.638969" lon="24.795858">
        <ele>848.44</ele>
      </trkpt>
      <trkpt lat="-33.63899" lon="24.795989">
        <ele>849.96</ele>
      </trkpt>
      <trkpt lat="-33.638989" lon="24.796104">
        <ele>850.65</ele>
      </trkpt>
      <trkpt lat="-33.638947" lon="24.796393">
        <ele>852.7</ele>
      </trkpt>
      <trkpt lat="-33.638972" lon="24.796571">
        <ele>854.11</ele>
      </trkpt>
      <trkpt lat="-33.639041" lon="24.796935">
        <ele>857.46</ele>
      </trkpt>
      <trkpt lat="-33.639084" lon="24.7971">
        <ele>857.96</ele>
      </trkpt>
      <trkpt lat="-33.639294" lon="24.797656">
        <ele>861.32</ele>
      </trkpt>
      <trkpt lat="-33.63935" lon="24.797729">
        <ele>861.94</ele>
      </trkpt>
      <trkpt lat="-33.639471" lon="24.797829">
        <ele>862.67</ele>
      </trkpt>
      <trkpt lat="-33.639623" lon="24.797912">
        <ele>862.85</ele>
      </trkpt>
      <trkpt lat="-33.639926" lon="24.798133">
        <ele>862.69</ele>
      </trkpt>
      <trkpt lat="-33.640257" lon="24.798412">
        <ele>862.48</ele>
      </trkpt>
      <trkpt lat="-33.640451" lon="24.798591">
        <ele>860.24</ele>
      </trkpt>
      <trkpt lat="-33.640735" lon="24.798903">
        <ele>855.43</ele>
      </trkpt>
      <trkpt lat="-33.640785" lon="24.798944">
        <ele>854.59</ele>
      </trkpt>
      <trkpt lat="-33.641606" lon="24.799493">
        <ele>840.79</ele>
      </trkpt>
      <trkpt lat="-33.641931" lon="24.79968">
        <ele>835.14</ele>
      </trkpt>
      <trkpt lat="-33.642339" lon="24.799856">
        <ele>829.01</ele>
      </trkpt>
      <trkpt lat="-33.642439" lon="24.79991">
        <ele>827.68</ele>
      </trkpt>
      <trkpt lat="-33.642603" lon="24.80003">
        <ele>825.99</ele>
      </trkpt>
      <trkpt lat="-33.643076" lon="24.800485">
        <ele>822.69</ele>
      </trkpt>
      <trkpt lat="-33.643152" lon="24.800542">
        <ele>822.3</ele>
      </trkpt>
      <trkpt lat="-33.643217" lon="24.800576">
        <ele>822.35</ele>
      </trkpt>
      <trkpt lat="-33.643593" lon="24.800698">
        <ele>822</ele>
      </trkpt>
      <trkpt lat="-33.643881" lon="24.800743">
        <ele>821.69</ele>
      </trkpt>
      <trkpt lat="-33.64401" lon="24.800749">
        <ele>821.66</ele>
      </trkpt>
      <trkpt lat="-33.644217" lon="24.800728">
        <ele>820.98</ele>
      </trkpt>
      <trkpt lat="-33.644399" lon="24.800741">
        <ele>820.44</ele>
      </trkpt>
      <trkpt lat="-33.644861" lon="24.800819">
        <ele>820.02</ele>
      </trkpt>
      <trkpt lat="-33.64527" lon="24.800921">
        <ele>818.48</ele>
      </trkpt>
      <trkpt lat="-33.645402" lon="24.800945">
        <ele>817.19</ele>
      </trkpt>
      <trkpt lat="-33.645448" lon="24.800946">
        <ele>816.61</ele>
      </trkpt>
      <trkpt lat="-33.6455" lon="24.80093">
        <ele>816.06</ele>
      </trkpt>
      <trkpt lat="-33.646016" lon="24.800698">
        <ele>814.38</ele>
      </trkpt>
      <trkpt lat="-33.646248" lon="24.800619">
        <ele>815.19</ele>
      </trkpt>
      <trkpt lat="-33.646443" lon="24.8006">
        <ele>816.14</ele>
      </trkpt>
      <trkpt lat="-33.646506" lon="24.800611">
        <ele>816.48</ele>
      </trkpt>
      <trkpt lat="-33.646631" lon="24.80068">
        <ele>816.29</ele>
      </trkpt>
      <trkpt lat="-33.646776" lon="24.800841">
        <ele>815.51</ele>
      </trkpt>
      <trkpt lat="-33.646909" lon="24.801027">
        <ele>814.12</ele>
      </trkpt>
      <trkpt lat="-33.647014" lon="24.801231">
        <ele>813.06</ele>
      </trkpt>
      <trkpt lat="-33.647232" lon="24.80178">
        <ele>810.38</ele>
      </trkpt>
      <trkpt lat="-33.647259" lon="24.801889">
        <ele>809.68</ele>
      </trkpt>
      <trkpt lat="-33.647281" lon="24.802046">
        <ele>808.33</ele>
      </trkpt>
      <trkpt lat="-33.647306" lon="24.802364">
        <ele>805.05</ele>
      </trkpt>
      <trkpt lat="-33.647336" lon="24.802564">
        <ele>802.44</ele>
      </trkpt>
      <trkpt lat="-33.647386" lon="24.802674">
        <ele>801.91</ele>
      </trkpt>
      <trkpt lat="-33.647492" lon="24.80272">
        <ele>802.68</ele>
      </trkpt>
      <trkpt lat="-33.647532" lon="24.802361">
        <ele>806.61</ele>
      </trkpt>
      <trkpt lat="-33.647567" lon="24.802156">
        <ele>809.49</ele>
      </trkpt>
      <trkpt lat="-33.64758" lon="24.802036">
        <ele>811.59</ele>
      </trkpt>
      <trkpt lat="-33.647575" lon="24.801875">
        <ele>814.09</ele>
      </trkpt>
      <trkpt lat="-33.647533" lon="24.801517">
        <ele>818.96</ele>
      </trkpt>
      <trkpt lat="-33.647534" lon="24.801376">
        <ele>820.74</ele>
      </trkpt>
      <trkpt lat="-33.647583" lon="24.801046">
        <ele>825.59</ele>
      </trkpt>
      <trkpt lat="-33.647591" lon="24.800933">
        <ele>827.01</ele>
      </trkpt>
      <trkpt lat="-33.647554" lon="24.800807">
        <ele>827.97</ele>
      </trkpt>
      <trkpt lat="-33.647459" lon="24.800621">
        <ele>829.81</ele>
      </trkpt>
      <trkpt lat="-33.647415" lon="24.800477">
        <ele>830.86</ele>
      </trkpt>
      <trkpt lat="-33.647403" lon="24.80036">
        <ele>831.81</ele>
      </trkpt>
      <trkpt lat="-33.647417" lon="24.800242">
        <ele>833.647308945423</ele>
      </trkpt>
      <trkpt lat="-33.64775641184697" lon="24.800257086753845">
        <ele>833.25244140625</ele>
      </trkpt>
      <trkpt lat="-33.647419253720656" lon="24.800216853618622">
        <ele>833.8828125</ele>
      </trkpt>
      <trkpt lat="-33.647457" lon="24.800044">
        <ele>834.58</ele>
      </trkpt>
      <trkpt lat="-33.647573" lon="24.799723">
        <ele>835.19</ele>
      </trkpt>
      <trkpt lat="-33.647673" lon="24.799544">
        <ele>834.3</ele>
      </trkpt>
      <trkpt lat="-33.647826" lon="24.799328">
        <ele>832.02</ele>
      </trkpt>
      <trkpt lat="-33.647936" lon="24.799212">
        <ele>830.29</ele>
      </trkpt>
      <trkpt lat="-33.648034" lon="24.799049">
        <ele>827.43</ele>
      </trkpt>
      <trkpt lat="-33.648103" lon="24.798891">
        <ele>825.35</ele>
      </trkpt>
      <trkpt lat="-33.648137" lon="24.798787">
        <ele>823.91</ele>
      </trkpt>
      <trkpt lat="-33.648174" lon="24.798602">
        <ele>822.61</ele>
      </trkpt>
      <trkpt lat="-33.648208" lon="24.798357">
        <ele>821.6</ele>
      </trkpt>
      <trkpt lat="-33.648255" lon="24.79744">
        <ele>813.84</ele>
      </trkpt>
      <trkpt lat="-33.648227" lon="24.797142">
        <ele>810.11</ele>
      </trkpt>
      <trkpt lat="-33.648099" lon="24.79627">
        <ele>796.08</ele>
      </trkpt>
      <trkpt lat="-33.648072" lon="24.795937">
        <ele>792.84</ele>
      </trkpt>
      <trkpt lat="-33.648074" lon="24.795623">
        <ele>789.96</ele>
      </trkpt>
      <trkpt lat="-33.648088" lon="24.795366">
        <ele>787.93</ele>
      </trkpt>
      <trkpt lat="-33.648112" lon="24.795256">
        <ele>787.09</ele>
      </trkpt>
      <trkpt lat="-33.648152" lon="24.795126">
        <ele>786.58</ele>
      </trkpt>
      <trkpt lat="-33.648316" lon="24.794737">
        <ele>782.04</ele>
      </trkpt>
      <trkpt lat="-33.648475" lon="24.794218">
        <ele>774.84</ele>
      </trkpt>
      <trkpt lat="-33.648511" lon="24.794037">
        <ele>772.94</ele>
      </trkpt>
      <trkpt lat="-33.648671" lon="24.793065">
        <ele>761.68</ele>
      </trkpt>
      <trkpt lat="-33.648747" lon="24.792772">
        <ele>757.04</ele>
      </trkpt>
      <trkpt lat="-33.648826" lon="24.79257">
        <ele>753.85</ele>
      </trkpt>
      <trkpt lat="-33.648915" lon="24.792375">
        <ele>750.96</ele>
      </trkpt>
      <trkpt lat="-33.649095" lon="24.792045">
        <ele>745.56</ele>
      </trkpt>
      <trkpt lat="-33.649312" lon="24.7917">
        <ele>739.54</ele>
      </trkpt>
      <trkpt lat="-33.649516" lon="24.791482">
        <ele>735.64</ele>
      </trkpt>
      <trkpt lat="-33.649893" lon="24.791136">
        <ele>730.33</ele>
      </trkpt>
      <trkpt lat="-33.650023" lon="24.790983">
        <ele>729.16</ele>
      </trkpt>
      <trkpt lat="-33.65007" lon="24.790911">
        <ele>728.42</ele>
      </trkpt>
      <trkpt lat="-33.650639" lon="24.789857">
        <ele>723.03</ele>
      </trkpt>
      <trkpt lat="-33.651171" lon="24.789059">
        <ele>720.18</ele>
      </trkpt>
      <trkpt lat="-33.651331" lon="24.788822">
        <ele>717.29</ele>
      </trkpt>
      <trkpt lat="-33.651496" lon="24.788621">
        <ele>715.84</ele>
      </trkpt>
      <trkpt lat="-33.651586" lon="24.788547">
        <ele>714.9</ele>
      </trkpt>
      <trkpt lat="-33.651691" lon="24.788492">
        <ele>714.24</ele>
      </trkpt>
      <trkpt lat="-33.651782" lon="24.788475">
        <ele>713.7</ele>
      </trkpt>
      <trkpt lat="-33.651835" lon="24.788481">
        <ele>713.55</ele>
      </trkpt>
      <trkpt lat="-33.651887" lon="24.788499">
        <ele>713.24</ele>
      </trkpt>
      <trkpt lat="-33.651964" lon="24.788562">
        <ele>712.4</ele>
      </trkpt>
      <trkpt lat="-33.652016" lon="24.788622">
        <ele>711.7</ele>
      </trkpt>
      <trkpt lat="-33.652043" lon="24.78866">
        <ele>711.25</ele>
      </trkpt>
      <trkpt lat="-33.65208" lon="24.788759">
        <ele>710.2</ele>
      </trkpt>
      <trkpt lat="-33.652093" lon="24.78884">
        <ele>708.93</ele>
      </trkpt>
      <trkpt lat="-33.652095" lon="24.788942">
        <ele>707.16</ele>
      </trkpt>
      <trkpt lat="-33.652087" lon="24.788996">
        <ele>706.12</ele>
      </trkpt>
      <trkpt lat="-33.65205" lon="24.789112">
        <ele>704.12</ele>
      </trkpt>
      <trkpt lat="-33.65198" lon="24.789412">
        <ele>699.84</ele>
      </trkpt>
      <trkpt lat="-33.651964" lon="24.789541">
        <ele>698.31</ele>
      </trkpt>
      <trkpt lat="-33.651968" lon="24.789634">
        <ele>697.01</ele>
      </trkpt>
      <trkpt lat="-33.652068" lon="24.790325">
        <ele>685.93</ele>
      </trkpt>
      <trkpt lat="-33.652126" lon="24.790779">
        <ele>680</ele>
      </trkpt>
      <trkpt lat="-33.652137" lon="24.791164">
        <ele>676.2</ele>
      </trkpt>
      <trkpt lat="-33.65216" lon="24.791533">
        <ele>672.03</ele>
      </trkpt>
      <trkpt lat="-33.652184" lon="24.791732">
        <ele>671.37</ele>
      </trkpt>
      <trkpt lat="-33.652222" lon="24.791926">
        <ele>671.2</ele>
      </trkpt>
      <trkpt lat="-33.652272" lon="24.792087">
        <ele>671.27</ele>
      </trkpt>
      <trkpt lat="-33.652325" lon="24.792211">
        <ele>671.2</ele>
      </trkpt>
      <trkpt lat="-33.652446" lon="24.792383">
        <ele>670.36</ele>
      </trkpt>
      <trkpt lat="-33.65256" lon="24.792486">
        <ele>669.56</ele>
      </trkpt>
      <trkpt lat="-33.652664" lon="24.792609">
        <ele>668.89</ele>
      </trkpt>
      <trkpt lat="-33.652735" lon="24.792727">
        <ele>669.02</ele>
      </trkpt>
      <trkpt lat="-33.652823" lon="24.792916">
        <ele>670.2</ele>
      </trkpt>
      <trkpt lat="-33.652944" lon="24.793079">
        <ele>670.94</ele>
      </trkpt>
      <trkpt lat="-33.653096" lon="24.793178">
        <ele>670.27</ele>
      </trkpt>
      <trkpt lat="-33.653208" lon="24.793219">
        <ele>668.94</ele>
      </trkpt>
      <trkpt lat="-33.653286" lon="24.793232">
        <ele>667.93</ele>
      </trkpt>
      <trkpt lat="-33.653501" lon="24.793232">
        <ele>663.99</ele>
      </trkpt>
      <trkpt lat="-33.653682" lon="24.793203">
        <ele>662.23</ele>
      </trkpt>
      <trkpt lat="-33.654182" lon="24.793081">
        <ele>657.37</ele>
      </trkpt>
      <trkpt lat="-33.654676" lon="24.79297">
        <ele>655.28</ele>
      </trkpt>
      <trkpt lat="-33.65492" lon="24.792919">
        <ele>655.32</ele>
      </trkpt>
      <trkpt lat="-33.65539" lon="24.792841">
        <ele>656.67</ele>
      </trkpt>
      <trkpt lat="-33.656063" lon="24.792699">
        <ele>661.08</ele>
      </trkpt>
      <trkpt lat="-33.656283" lon="24.792662">
        <ele>662.74</ele>
      </trkpt>
      <trkpt lat="-33.657253" lon="24.792556">
        <ele>676.81</ele>
      </trkpt>
      <trkpt lat="-33.657546" lon="24.792542">
        <ele>680.85</ele>
      </trkpt>
      <trkpt lat="-33.657838" lon="24.792527">
        <ele>681.02</ele>
      </trkpt>
      <trkpt lat="-33.658115" lon="24.792527">
        <ele>678.97</ele>
      </trkpt>
      <trkpt lat="-33.658474" lon="24.7926">
        <ele>675.13</ele>
      </trkpt>
      <trkpt lat="-33.658912" lon="24.792762">
        <ele>669.82</ele>
      </trkpt>
      <trkpt lat="-33.659288" lon="24.792782">
        <ele>665.81</ele>
      </trkpt>
      <trkpt lat="-33.659482" lon="24.792811">
        <ele>664.21</ele>
      </trkpt>
      <trkpt lat="-33.659589" lon="24.79286">
        <ele>663.62</ele>
      </trkpt>
      <trkpt lat="-33.660263" lon="24.793123">
        <ele>658.51</ele>
      </trkpt>
      <trkpt lat="-33.660444" lon="24.793213">
        <ele>656.49</ele>
      </trkpt>
      <trkpt lat="-33.660645" lon="24.793298">
        <ele>654.17</ele>
      </trkpt>
      <trkpt lat="-33.660934" lon="24.793353">
        <ele>651.07</ele>
      </trkpt>
      <trkpt lat="-33.661098" lon="24.793365">
        <ele>648.92</ele>
      </trkpt>
      <trkpt lat="-33.661575" lon="24.793334">
        <ele>644.59</ele>
      </trkpt>
      <trkpt lat="-33.662688" lon="24.793197">
        <ele>635.95</ele>
      </trkpt>
      <trkpt lat="-33.66392" lon="24.793001">
        <ele>630.69</ele>
      </trkpt>
      <trkpt lat="-33.664391" lon="24.792924">
        <ele>631</ele>
      </trkpt>
      <trkpt lat="-33.664617" lon="24.792887">
        <ele>631.71</ele>
      </trkpt>
      <trkpt lat="-33.665649" lon="24.792737">
        <ele>639.99</ele>
      </trkpt>
      <trkpt lat="-33.666289" lon="24.792668">
        <ele>645.13</ele>
      </trkpt>
      <trkpt lat="-33.666826" lon="24.792603">
        <ele>652.19</ele>
      </trkpt>
      <trkpt lat="-33.667096" lon="24.792543">
        <ele>654.98</ele>
      </trkpt>
      <trkpt lat="-33.667286" lon="24.79248">
        <ele>654.82</ele>
      </trkpt>
      <trkpt lat="-33.66752" lon="24.792365">
        <ele>653.12</ele>
      </trkpt>
      <trkpt lat="-33.668" lon="24.792047">
        <ele>644.97</ele>
      </trkpt>
      <trkpt lat="-33.66834" lon="24.791874">
        <ele>640.76</ele>
      </trkpt>
      <trkpt lat="-33.668637" lon="24.791707">
        <ele>638.43</ele>
      </trkpt>
      <trkpt lat="-33.668854" lon="24.791619">
        <ele>637.19</ele>
      </trkpt>
      <trkpt lat="-33.669203" lon="24.791524">
        <ele>635.54</ele>
      </trkpt>
      <trkpt lat="-33.669632" lon="24.791426">
        <ele>632.47</ele>
      </trkpt>
      <trkpt lat="-33.66979" lon="24.791419">
        <ele>630.4</ele>
      </trkpt>
      <trkpt lat="-33.669959" lon="24.791462">
        <ele>629.02</ele>
      </trkpt>
      <trkpt lat="-33.670078" lon="24.791553">
        <ele>628.03</ele>
      </trkpt>
      <trkpt lat="-33.670217" lon="24.791718">
        <ele>625.44</ele>
      </trkpt>
      <trkpt lat="-33.670293" lon="24.79189">
        <ele>624.1</ele>
      </trkpt>
      <trkpt lat="-33.670365" lon="24.792108">
        <ele>623.3</ele>
      </trkpt>
      <trkpt lat="-33.67041" lon="24.792742">
        <ele>622.04</ele>
      </trkpt>
      <trkpt lat="-33.670448" lon="24.792955">
        <ele>621.24</ele>
      </trkpt>
      <trkpt lat="-33.67056" lon="24.793367">
        <ele>620.61</ele>
      </trkpt>
      <trkpt lat="-33.67068" lon="24.793696">
        <ele>619.36</ele>
      </trkpt>
      <trkpt lat="-33.670744" lon="24.793843">
        <ele>618.73</ele>
      </trkpt>
      <trkpt lat="-33.670883" lon="24.794081">
        <ele>617.11</ele>
      </trkpt>
      <trkpt lat="-33.670974" lon="24.794177">
        <ele>616.52</ele>
      </trkpt>
      <trkpt lat="-33.671442" lon="24.794602">
        <ele>611.86</ele>
      </trkpt>
      <trkpt lat="-33.671873" lon="24.795044">
        <ele>609.78</ele>
      </trkpt>
      <trkpt lat="-33.672065" lon="24.795172">
        <ele>609.01</ele>
      </trkpt>
      <trkpt lat="-33.67275" lon="24.795583">
        <ele>604.11</ele>
      </trkpt>
      <trkpt lat="-33.673084" lon="24.795821">
        <ele>601.39</ele>
      </trkpt>
      <trkpt lat="-33.673778" lon="24.796377">
        <ele>595.29</ele>
      </trkpt>
      <trkpt lat="-33.67418" lon="24.796684">
        <ele>591.82</ele>
      </trkpt>
      <trkpt lat="-33.674381" lon="24.796838">
        <ele>591.88</ele>
      </trkpt>
      <trkpt lat="-33.674528" lon="24.796949">
        <ele>594.47</ele>
      </trkpt>
      <trkpt lat="-33.674705" lon="24.797178">
        <ele>597.42</ele>
      </trkpt>
      <trkpt lat="-33.674814" lon="24.7974">
        <ele>599.85</ele>
      </trkpt>
      <trkpt lat="-33.67505" lon="24.798151">
        <ele>604.8</ele>
      </trkpt>
      <trkpt lat="-33.675208" lon="24.798443">
        <ele>604.26</ele>
      </trkpt>
      <trkpt lat="-33.675303" lon="24.798587">
        <ele>603.69</ele>
      </trkpt>
      <trkpt lat="-33.675551" lon="24.798822">
        <ele>601.98</ele>
      </trkpt>
      <trkpt lat="-33.675671" lon="24.798879">
        <ele>601.81</ele>
      </trkpt>
      <trkpt lat="-33.675915" lon="24.79893">
        <ele>600.41</ele>
      </trkpt>
      <trkpt lat="-33.676239" lon="24.798982">
        <ele>597.91</ele>
      </trkpt>
      <trkpt lat="-33.676516" lon="24.799077">
        <ele>596.17</ele>
      </trkpt>
      <trkpt lat="-33.677142" lon="24.79943">
        <ele>594.81</ele>
      </trkpt>
      <trkpt lat="-33.677362" lon="24.7996">
        <ele>595.25</ele>
      </trkpt>
      <trkpt lat="-33.677582" lon="24.799812">
        <ele>593.95</ele>
      </trkpt>
      <trkpt lat="-33.677776" lon="24.800041">
        <ele>591.34</ele>
      </trkpt>
      <trkpt lat="-33.677971" lon="24.800194">
        <ele>588.7</ele>
      </trkpt>
      <trkpt lat="-33.678211" lon="24.800305">
        <ele>588.32</ele>
      </trkpt>
      <trkpt lat="-33.678698" lon="24.800534">
        <ele>590.82</ele>
      </trkpt>
      <trkpt lat="-33.678983" lon="24.800734">
        <ele>591.31</ele>
      </trkpt>
      <trkpt lat="-33.679316" lon="24.801006">
        <ele>588.25</ele>
      </trkpt>
      <trkpt lat="-33.679598" lon="24.801221">
        <ele>585.28</ele>
      </trkpt>
      <trkpt lat="-33.680071" lon="24.801717">
        <ele>583.95</ele>
      </trkpt>
      <trkpt lat="-33.68065" lon="24.802306">
        <ele>586.23</ele>
      </trkpt>
      <trkpt lat="-33.680925" lon="24.802623">
        <ele>584.13</ele>
      </trkpt>
      <trkpt lat="-33.681083" lon="24.802786">
        <ele>581.65</ele>
      </trkpt>
      <trkpt lat="-33.681303" lon="24.80293">
        <ele>579.66</ele>
      </trkpt>
      <trkpt lat="-33.681616" lon="24.803103">
        <ele>577.84</ele>
      </trkpt>
      <trkpt lat="-33.681907" lon="24.803296">
        <ele>576.34</ele>
      </trkpt>
      <trkpt lat="-33.682222" lon="24.803417">
        <ele>575.76</ele>
      </trkpt>
      <trkpt lat="-33.682481" lon="24.803544">
        <ele>575.28</ele>
      </trkpt>
      <trkpt lat="-33.682791" lon="24.80376">
        <ele>576.86</ele>
      </trkpt>
      <trkpt lat="-33.682935" lon="24.803884">
        <ele>576.86</ele>
      </trkpt>
      <trkpt lat="-33.683071" lon="24.803972">
        <ele>576.79</ele>
      </trkpt>
      <trkpt lat="-33.683223" lon="24.804021">
        <ele>576.84</ele>
      </trkpt>
      <trkpt lat="-33.683381" lon="24.804057">
        <ele>576.99</ele>
      </trkpt>
      <trkpt lat="-33.683631" lon="24.80408">
        <ele>576.95</ele>
      </trkpt>
      <trkpt lat="-33.683743" lon="24.80411">
        <ele>576.43</ele>
      </trkpt>
      <trkpt lat="-33.683832" lon="24.804146">
        <ele>576.02</ele>
      </trkpt>
      <trkpt lat="-33.684199" lon="24.804355">
        <ele>576.11</ele>
      </trkpt>
      <trkpt lat="-33.684615" lon="24.804649">
        <ele>576.79</ele>
      </trkpt>
      <trkpt lat="-33.684772" lon="24.804734">
        <ele>577</ele>
      </trkpt>
      <trkpt lat="-33.684913" lon="24.80479">
        <ele>576.92</ele>
      </trkpt>
      <trkpt lat="-33.685042" lon="24.804812">
        <ele>577.36</ele>
      </trkpt>
      <trkpt lat="-33.685293" lon="24.804819">
        <ele>579.03</ele>
      </trkpt>
      <trkpt lat="-33.685475" lon="24.804789">
        <ele>579.53</ele>
      </trkpt>
      <trkpt lat="-33.685563" lon="24.804762">
        <ele>579.97</ele>
      </trkpt>
      <trkpt lat="-33.685676" lon="24.804711">
        <ele>580.17</ele>
      </trkpt>
      <trkpt lat="-33.685809" lon="24.80461">
        <ele>579.85</ele>
      </trkpt>
      <trkpt lat="-33.686247" lon="24.804231">
        <ele>577.25</ele>
      </trkpt>
      <trkpt lat="-33.686563" lon="24.80402">
        <ele>576.67</ele>
      </trkpt>
      <trkpt lat="-33.686799" lon="24.80392">
        <ele>575.31</ele>
      </trkpt>
      <trkpt lat="-33.68693" lon="24.803887">
        <ele>573.95</ele>
      </trkpt>
      <trkpt lat="-33.687092" lon="24.803813">
        <ele>571.84</ele>
      </trkpt>
      <trkpt lat="-33.687207" lon="24.803687">
        <ele>571.3</ele>
      </trkpt>
      <trkpt lat="-33.687294" lon="24.803515">
        <ele>571.17</ele>
      </trkpt>
      <trkpt lat="-33.687416" lon="24.803312">
        <ele>570.62</ele>
      </trkpt>
      <trkpt lat="-33.687487" lon="24.803214">
        <ele>569.99</ele>
      </trkpt>
      <trkpt lat="-33.687932" lon="24.802741">
        <ele>567.11</ele>
      </trkpt>
      <trkpt lat="-33.688322" lon="24.802327">
        <ele>568.94</ele>
      </trkpt>
      <trkpt lat="-33.688907" lon="24.801708">
        <ele>576.03</ele>
      </trkpt>
      <trkpt lat="-33.68904" lon="24.801521">
        <ele>578.27</ele>
      </trkpt>
      <trkpt lat="-33.689102" lon="24.801348">
        <ele>580.62</ele>
      </trkpt>
      <trkpt lat="-33.689124" lon="24.801181">
        <ele>583.49</ele>
      </trkpt>
      <trkpt lat="-33.689097" lon="24.801005">
        <ele>585.71</ele>
      </trkpt>
      <trkpt lat="-33.688994" lon="24.800806">
        <ele>587.97</ele>
      </trkpt>
      <trkpt lat="-33.688942" lon="24.800632">
        <ele>587.61</ele>
      </trkpt>
      <trkpt lat="-33.688928" lon="24.800407">
        <ele>587.35</ele>
      </trkpt>
      <trkpt lat="-33.688961" lon="24.800122">
        <ele>585.77</ele>
      </trkpt>
      <trkpt lat="-33.688942" lon="24.799799">
        <ele>582.48</ele>
      </trkpt>
      <trkpt lat="-33.688852" lon="24.799423">
        <ele>577.91</ele>
      </trkpt>
      <trkpt lat="-33.688678" lon="24.798949">
        <ele>572.68</ele>
      </trkpt>
      <trkpt lat="-33.688485" lon="24.798475">
        <ele>568.83</ele>
      </trkpt>
      <trkpt lat="-33.688341" lon="24.79788">
        <ele>566.37</ele>
      </trkpt>
      <trkpt lat="-33.688123" lon="24.796988">
        <ele>558.49</ele>
      </trkpt>
      <trkpt lat="-33.68805" lon="24.796639">
        <ele>555.67</ele>
      </trkpt>
      <trkpt lat="-33.688009" lon="24.796315">
        <ele>552.79</ele>
      </trkpt>
      <trkpt lat="-33.687985" lon="24.795975">
        <ele>550.9</ele>
      </trkpt>
      <trkpt lat="-33.687998" lon="24.795086">
        <ele>543.71</ele>
      </trkpt>
      <trkpt lat="-33.688023" lon="24.794674">
        <ele>539.49</ele>
      </trkpt>
      <trkpt lat="-33.688104" lon="24.794072">
        <ele>531.92</ele>
      </trkpt>
      <trkpt lat="-33.68811" lon="24.793802">
        <ele>528.74</ele>
      </trkpt>
      <trkpt lat="-33.688075" lon="24.793576">
        <ele>526.36</ele>
      </trkpt>
      <trkpt lat="-33.687944" lon="24.793184">
        <ele>521.98</ele>
      </trkpt>
      <trkpt lat="-33.687898" lon="24.793024">
        <ele>519.8</ele>
      </trkpt>
      <trkpt lat="-33.687892" lon="24.792883">
        <ele>518.12</ele>
      </trkpt>
      <trkpt lat="-33.68793" lon="24.792694">
        <ele>516.19</ele>
      </trkpt>
      <trkpt lat="-33.687987" lon="24.792553">
        <ele>514.95</ele>
      </trkpt>
      <trkpt lat="-33.688066" lon="24.792423">
        <ele>512.62</ele>
      </trkpt>
      <trkpt lat="-33.688156" lon="24.792374">
        <ele>511.69</ele>
      </trkpt>
      <trkpt lat="-33.688297" lon="24.792347">
        <ele>509.31</ele>
      </trkpt>
      <trkpt lat="-33.688458" lon="24.792377">
        <ele>506.28</ele>
      </trkpt>
      <trkpt lat="-33.688722" lon="24.792534">
        <ele>501.51</ele>
      </trkpt>
      <trkpt lat="-33.689021" lon="24.792841">
        <ele>495.94</ele>
      </trkpt>
      <trkpt lat="-33.689374" lon="24.793331">
        <ele>488.39</ele>
      </trkpt>
      <trkpt lat="-33.689676" lon="24.793687">
        <ele>481.65</ele>
      </trkpt>
      <trkpt lat="-33.689807" lon="24.793828">
        <ele>478.82</ele>
      </trkpt>
      <trkpt lat="-33.689956" lon="24.793926">
        <ele>475.9</ele>
      </trkpt>
      <trkpt lat="-33.690079" lon="24.793955">
        <ele>473.26</ele>
      </trkpt>
      <trkpt lat="-33.690174" lon="24.793955">
        <ele>471.16</ele>
      </trkpt>
      <trkpt lat="-33.69025" lon="24.793919">
        <ele>469.76</ele>
      </trkpt>
      <trkpt lat="-33.690336" lon="24.793865">
        <ele>467.86</ele>
      </trkpt>
      <trkpt lat="-33.690536" lon="24.793651">
        <ele>466.58</ele>
      </trkpt>
      <trkpt lat="-33.690764" lon="24.793354">
        <ele>466.78</ele>
      </trkpt>
      <trkpt lat="-33.691025" lon="24.792972">
        <ele>468.56</ele>
      </trkpt>
      <trkpt lat="-33.691218" lon="24.792642">
        <ele>470.99</ele>
      </trkpt>
      <trkpt lat="-33.691354" lon="24.792249">
        <ele>474.28</ele>
      </trkpt>
      <trkpt lat="-33.691485" lon="24.791756">
        <ele>478.75</ele>
      </trkpt>
      <trkpt lat="-33.691533" lon="24.791468">
        <ele>481.45</ele>
      </trkpt>
      <trkpt lat="-33.691536" lon="24.79122">
        <ele>483.5</ele>
      </trkpt>
      <trkpt lat="-33.691362" lon="24.790576">
        <ele>483.05</ele>
      </trkpt>
      <trkpt lat="-33.691305" lon="24.7902">
        <ele>482.48</ele>
      </trkpt>
      <trkpt lat="-33.6913" lon="24.789815">
        <ele>482.25</ele>
      </trkpt>
      <trkpt lat="-33.691321" lon="24.789077">
        <ele>478.94</ele>
      </trkpt>
      <trkpt lat="-33.691343" lon="24.788439">
        <ele>481.69</ele>
      </trkpt>
      <trkpt lat="-33.691332" lon="24.788046">
        <ele>481.68</ele>
      </trkpt>
      <trkpt lat="-33.691313" lon="24.787723">
        <ele>479.24</ele>
      </trkpt>
      <trkpt lat="-33.691275" lon="24.787076">
        <ele>470.51</ele>
      </trkpt>
      <trkpt lat="-33.691294" lon="24.786831">
        <ele>467.35</ele>
      </trkpt>
      <trkpt lat="-33.691381" lon="24.786576">
        <ele>463.69</ele>
      </trkpt>
      <trkpt lat="-33.691485" lon="24.786419">
        <ele>460.81</ele>
      </trkpt>
      <trkpt lat="-33.691803" lon="24.786112">
        <ele>454.88</ele>
      </trkpt>
      <trkpt lat="-33.692344" lon="24.785556">
        <ele>446.84</ele>
      </trkpt>
      <trkpt lat="-33.692693" lon="24.785242">
        <ele>439.83</ele>
      </trkpt>
      <trkpt lat="-33.693041" lon="24.78503">
        <ele>436.2</ele>
      </trkpt>
      <trkpt lat="-33.693912" lon="24.784605">
        <ele>425.25</ele>
      </trkpt>
      <trkpt lat="-33.694575" lon="24.784295">
        <ele>415.06</ele>
      </trkpt>
      <trkpt lat="-33.695242" lon="24.784014">
        <ele>406.09</ele>
      </trkpt>
      <trkpt lat="-33.695863" lon="24.783788">
        <ele>398.16</ele>
      </trkpt>
      <trkpt lat="-33.69626" lon="24.783633">
        <ele>392.76</ele>
      </trkpt>
      <trkpt lat="-33.696932" lon="24.783296">
        <ele>383.56</ele>
      </trkpt>
      <trkpt lat="-33.697437" lon="24.782982">
        <ele>380.05</ele>
      </trkpt>
      <trkpt lat="-33.698154" lon="24.782532">
        <ele>380.74</ele>
      </trkpt>
      <trkpt lat="-33.698787" lon="24.782124">
        <ele>378.23</ele>
      </trkpt>
      <trkpt lat="-33.699531" lon="24.78166">
        <ele>374.72</ele>
      </trkpt>
      <trkpt lat="-33.699836" lon="24.78155">
        <ele>374.97</ele>
      </trkpt>
      <trkpt lat="-33.700049" lon="24.781525">
        <ele>375.43</ele>
      </trkpt>
      <trkpt lat="-33.700219" lon="24.781523">
        <ele>376.12</ele>
      </trkpt>
      <trkpt lat="-33.700414" lon="24.781566">
        <ele>375.75</ele>
      </trkpt>
      <trkpt lat="-33.70057" lon="24.781621">
        <ele>375.97</ele>
      </trkpt>
      <trkpt lat="-33.700984" lon="24.781828">
        <ele>376.46</ele>
      </trkpt>
      <trkpt lat="-33.701422" lon="24.782123">
        <ele>378.1</ele>
      </trkpt>
      <trkpt lat="-33.70163" lon="24.782249">
        <ele>379.11</ele>
      </trkpt>
      <trkpt lat="-33.701851" lon="24.782341">
        <ele>380.48</ele>
      </trkpt>
      <trkpt lat="-33.702066" lon="24.782379">
        <ele>381.57</ele>
      </trkpt>
      <trkpt lat="-33.702261" lon="24.782382">
        <ele>382.82</ele>
      </trkpt>
      <trkpt lat="-33.702918" lon="24.782284">
        <ele>385.4</ele>
      </trkpt>
      <trkpt lat="-33.703552" lon="24.782147">
        <ele>386.5</ele>
      </trkpt>
      <trkpt lat="-33.703918" lon="24.782052">
        <ele>385.79</ele>
      </trkpt>
      <trkpt lat="-33.704245" lon="24.78193">
        <ele>383.66</ele>
      </trkpt>
      <trkpt lat="-33.704686" lon="24.781711">
        <ele>381.43</ele>
      </trkpt>
      <trkpt lat="-33.704805" lon="24.781663">
        <ele>381.62</ele>
      </trkpt>
      <trkpt lat="-33.705028" lon="24.781604">
        <ele>382.31</ele>
      </trkpt>
      <trkpt lat="-33.705176" lon="24.781584">
        <ele>382.59</ele>
      </trkpt>
      <trkpt lat="-33.70542" lon="24.781604">
        <ele>384.07</ele>
      </trkpt>
      <trkpt lat="-33.705595" lon="24.781671">
        <ele>384.25</ele>
      </trkpt>
      <trkpt lat="-33.705755" lon="24.781798">
        <ele>384.19</ele>
      </trkpt>
      <trkpt lat="-33.705863" lon="24.781931">
        <ele>384.21</ele>
      </trkpt>
      <trkpt lat="-33.706028" lon="24.782253">
        <ele>383.78</ele>
      </trkpt>
      <trkpt lat="-33.706122" lon="24.782569">
        <ele>382.4</ele>
      </trkpt>
      <trkpt lat="-33.706541" lon="24.783964">
        <ele>384.97</ele>
      </trkpt>
      <trkpt lat="-33.706632" lon="24.784199">
        <ele>384.57</ele>
      </trkpt>
      <trkpt lat="-33.706761" lon="24.784441">
        <ele>383.16</ele>
      </trkpt>
      <trkpt lat="-33.706927" lon="24.784712">
        <ele>380.58</ele>
      </trkpt>
      <trkpt lat="-33.707188" lon="24.785108">
        <ele>380.48</ele>
      </trkpt>
      <trkpt lat="-33.707385" lon="24.785382">
        <ele>380.52</ele>
      </trkpt>
      <trkpt lat="-33.707581" lon="24.78558">
        <ele>380.86</ele>
      </trkpt>
      <trkpt lat="-33.707715" lon="24.785685">
        <ele>379.78</ele>
      </trkpt>
      <trkpt lat="-33.707843" lon="24.785718">
        <ele>379.2</ele>
      </trkpt>
      <trkpt lat="-33.708133" lon="24.785706">
        <ele>378.49</ele>
      </trkpt>
      <trkpt lat="-33.709151" lon="24.78559">
        <ele>380.44</ele>
      </trkpt>
      <trkpt lat="-33.709914" lon="24.785503">
        <ele>378.12</ele>
      </trkpt>
      <trkpt lat="-33.710637" lon="24.785415">
        <ele>380.88</ele>
      </trkpt>
      <trkpt lat="-33.710747" lon="24.785348">
        <ele>380.89</ele>
      </trkpt>
      <trkpt lat="-33.710851" lon="24.785231">
        <ele>379.57</ele>
      </trkpt>
      <trkpt lat="-33.710951" lon="24.785005">
        <ele>377.28</ele>
      </trkpt>
      <trkpt lat="-33.711172" lon="24.784295">
        <ele>369.99</ele>
      </trkpt>
      <trkpt lat="-33.711446" lon="24.783534">
        <ele>363.83</ele>
      </trkpt>
      <trkpt lat="-33.711599" lon="24.78315">
        <ele>361.56</ele>
      </trkpt>
      <trkpt lat="-33.711703" lon="24.782858">
        <ele>359.74</ele>
      </trkpt>
      <trkpt lat="-33.711791" lon="24.782579">
        <ele>357.73</ele>
      </trkpt>
      <trkpt lat="-33.711836" lon="24.782348">
        <ele>356.14</ele>
      </trkpt>
      <trkpt lat="-33.711897" lon="24.781499">
        <ele>349.73</ele>
      </trkpt>
      <trkpt lat="-33.711948" lon="24.780527">
        <ele>344</ele>
      </trkpt>
      <trkpt lat="-33.711987" lon="24.780098">
        <ele>342.9</ele>
      </trkpt>
      <trkpt lat="-33.712051" lon="24.779655">
        <ele>343.11</ele>
      </trkpt>
      <trkpt lat="-33.71214" lon="24.779331">
        <ele>343.46</ele>
      </trkpt>
      <trkpt lat="-33.712241" lon="24.77914">
        <ele>344.85</ele>
      </trkpt>
      <trkpt lat="-33.712331" lon="24.778989">
        <ele>346.11</ele>
      </trkpt>
      <trkpt lat="-33.712477" lon="24.778832">
        <ele>348.84</ele>
      </trkpt>
      <trkpt lat="-33.712607" lon="24.778751">
        <ele>350.47</ele>
      </trkpt>
      <trkpt lat="-33.712783" lon="24.778685">
        <ele>352.38</ele>
      </trkpt>
      <trkpt lat="-33.712953" lon="24.778645">
        <ele>353.51</ele>
      </trkpt>
      <trkpt lat="-33.713084" lon="24.778635">
        <ele>353.67</ele>
      </trkpt>
      <trkpt lat="-33.713392" lon="24.778677">
        <ele>352.67</ele>
      </trkpt>
      <trkpt lat="-33.713993" lon="24.778842">
        <ele>350.61</ele>
      </trkpt>
      <trkpt lat="-33.714146" lon="24.778904">
        <ele>349.89</ele>
      </trkpt>
      <trkpt lat="-33.714278" lon="24.778997">
        <ele>348.56</ele>
      </trkpt>
      <trkpt lat="-33.714415" lon="24.779156">
        <ele>346.73</ele>
      </trkpt>
      <trkpt lat="-33.714874" lon="24.779926">
        <ele>342.24</ele>
      </trkpt>
      <trkpt lat="-33.715277" lon="24.780501">
        <ele>340.72</ele>
      </trkpt>
      <trkpt lat="-33.715412" lon="24.780731">
        <ele>339.06</ele>
      </trkpt>
      <trkpt lat="-33.715696" lon="24.781318">
        <ele>334.21</ele>
      </trkpt>
      <trkpt lat="-33.715807" lon="24.781466">
        <ele>333.28</ele>
      </trkpt>
      <trkpt lat="-33.715998" lon="24.78164">
        <ele>331.72</ele>
      </trkpt>
      <trkpt lat="-33.716249" lon="24.78192">
        <ele>330.07</ele>
      </trkpt>
      <trkpt lat="-33.716898" lon="24.782812">
        <ele>323.64</ele>
      </trkpt>
      <trkpt lat="-33.717197" lon="24.783161">
        <ele>318.16</ele>
      </trkpt>
      <trkpt lat="-33.717572" lon="24.783538">
        <ele>311.95</ele>
      </trkpt>
      <trkpt lat="-33.717938" lon="24.783857">
        <ele>306.53</ele>
      </trkpt>
      <trkpt lat="-33.71808" lon="24.783951">
        <ele>305.02</ele>
      </trkpt>
      <trkpt lat="-33.718222" lon="24.784015">
        <ele>304.12</ele>
      </trkpt>
      <trkpt lat="-33.718582" lon="24.784104">
        <ele>302.13</ele>
      </trkpt>
      <trkpt lat="-33.718736" lon="24.784128">
        <ele>301.19</ele>
      </trkpt>
      <trkpt lat="-33.718918" lon="24.784108">
        <ele>299.7</ele>
      </trkpt>
      <trkpt lat="-33.719312" lon="24.784031">
        <ele>295.6</ele>
      </trkpt>
      <trkpt lat="-33.71964" lon="24.783935">
        <ele>294.81</ele>
      </trkpt>
      <trkpt lat="-33.719806" lon="24.783902">
        <ele>294.8</ele>
      </trkpt>
      <trkpt lat="-33.719929" lon="24.783905">
        <ele>295.05</ele>
      </trkpt>
      <trkpt lat="-33.720063" lon="24.783925">
        <ele>295.25</ele>
      </trkpt>
      <trkpt lat="-33.720509" lon="24.784098">
        <ele>296.49</ele>
      </trkpt>
      <trkpt lat="-33.720958" lon="24.784325">
        <ele>296.03</ele>
      </trkpt>
      <trkpt lat="-33.721292" lon="24.784466">
        <ele>296.02</ele>
      </trkpt>
      <trkpt lat="-33.721586" lon="24.784605">
        <ele>293.51</ele>
      </trkpt>
      <trkpt lat="-33.721858" lon="24.784773">
        <ele>289.16</ele>
      </trkpt>
      <trkpt lat="-33.722113" lon="24.784943">
        <ele>284.94</ele>
      </trkpt>
      <trkpt lat="-33.722304" lon="24.785078">
        <ele>281.6</ele>
      </trkpt>
      <trkpt lat="-33.722495" lon="24.785213">
        <ele>275.62</ele>
      </trkpt>
      <trkpt lat="-33.722724" lon="24.785391">
        <ele>271.8</ele>
      </trkpt>
      <trkpt lat="-33.723112" lon="24.785781">
        <ele>266.37</ele>
      </trkpt>
      <trkpt lat="-33.723402" lon="24.786088">
        <ele>263.61</ele>
      </trkpt>
      <trkpt lat="-33.72372" lon="24.786501">
        <ele>262.06</ele>
      </trkpt>
      <trkpt lat="-33.723914" lon="24.786722">
        <ele>261.98</ele>
      </trkpt>
      <trkpt lat="-33.724204" lon="24.786921">
        <ele>260.17</ele>
      </trkpt>
      <trkpt lat="-33.724495" lon="24.787121">
        <ele>256.22</ele>
      </trkpt>
      <trkpt lat="-33.724884" lon="24.787402">
        <ele>249.66</ele>
      </trkpt>
      <trkpt lat="-33.725265" lon="24.787727">
        <ele>242.04</ele>
      </trkpt>
      <trkpt lat="-33.725435" lon="24.787824">
        <ele>238.72</ele>
      </trkpt>
      <trkpt lat="-33.725554" lon="24.787868">
        <ele>236.3</ele>
      </trkpt>
      <trkpt lat="-33.725694" lon="24.787889">
        <ele>233.07</ele>
      </trkpt>
      <trkpt lat="-33.726" lon="24.787906">
        <ele>226.79</ele>
      </trkpt>
      <trkpt lat="-33.726174" lon="24.787923">
        <ele>224.09</ele>
      </trkpt>
      <trkpt lat="-33.726356" lon="24.78796">
        <ele>222.5</ele>
      </trkpt>
      <trkpt lat="-33.726603" lon="24.788065">
        <ele>220.28</ele>
      </trkpt>
      <trkpt lat="-33.72686" lon="24.788198">
        <ele>217.75</ele>
      </trkpt>
      <trkpt lat="-33.727414" lon="24.78856">
        <ele>212.7</ele>
      </trkpt>
      <trkpt lat="-33.727654" lon="24.788688">
        <ele>212.48</ele>
      </trkpt>
      <trkpt lat="-33.727878" lon="24.788747">
        <ele>212.79</ele>
      </trkpt>
      <trkpt lat="-33.728042" lon="24.788753">
        <ele>212.74</ele>
      </trkpt>
      <trkpt lat="-33.728212" lon="24.788733">
        <ele>212.44</ele>
      </trkpt>
      <trkpt lat="-33.728342" lon="24.788676">
        <ele>211.85</ele>
      </trkpt>
      <trkpt lat="-33.728462" lon="24.7886">
        <ele>211.72</ele>
      </trkpt>
      <trkpt lat="-33.728624" lon="24.788455">
        <ele>210.63</ele>
      </trkpt>
      <trkpt lat="-33.728782" lon="24.788237">
        <ele>207.91</ele>
      </trkpt>
      <trkpt lat="-33.728907" lon="24.787974">
        <ele>206.5</ele>
      </trkpt>
      <trkpt lat="-33.729053" lon="24.787549">
        <ele>205.48</ele>
      </trkpt>
      <trkpt lat="-33.729192" lon="24.786798">
        <ele>198.7</ele>
      </trkpt>
      <trkpt lat="-33.729218" lon="24.786515">
        <ele>196.51</ele>
      </trkpt>
      <trkpt lat="-33.729218" lon="24.785986">
        <ele>193.26</ele>
      </trkpt>
      <trkpt lat="-33.729235" lon="24.785644">
        <ele>190</ele>
      </trkpt>
      <trkpt lat="-33.729274" lon="24.785422">
        <ele>188.62</ele>
      </trkpt>
      <trkpt lat="-33.72942" lon="24.785023">
        <ele>181.48</ele>
      </trkpt>
      <trkpt lat="-33.729475" lon="24.784849">
        <ele>179.43</ele>
      </trkpt>
      <trkpt lat="-33.729592" lon="24.784612">
        <ele>176.09</ele>
      </trkpt>
      <trkpt lat="-33.729699" lon="24.78442">
        <ele>172.86</ele>
      </trkpt>
      <trkpt lat="-33.729809" lon="24.784321">
        <ele>171.09</ele>
      </trkpt>
      <trkpt lat="-33.72993" lon="24.784248">
        <ele>169.61</ele>
      </trkpt>
      <trkpt lat="-33.730056" lon="24.784226">
        <ele>168.94</ele>
      </trkpt>
      <trkpt lat="-33.730196" lon="24.784231">
        <ele>168.16</ele>
      </trkpt>
      <trkpt lat="-33.730399" lon="24.78427">
        <ele>166.56</ele>
      </trkpt>
      <trkpt lat="-33.730609" lon="24.784351">
        <ele>166.81</ele>
      </trkpt>
      <trkpt lat="-33.730737" lon="24.784364">
        <ele>166.25</ele>
      </trkpt>
      <trkpt lat="-33.730836" lon="24.784342">
        <ele>165.33</ele>
      </trkpt>
      <trkpt lat="-33.730968" lon="24.784251">
        <ele>163.63</ele>
      </trkpt>
      <trkpt lat="-33.731362" lon="24.783854">
        <ele>159.37</ele>
      </trkpt>
      <trkpt lat="-33.731666" lon="24.783578">
        <ele>155.16</ele>
      </trkpt>
      <trkpt lat="-33.731853" lon="24.78345">
        <ele>152.02</ele>
      </trkpt>
      <trkpt lat="-33.731983" lon="24.783374">
        <ele>150.46</ele>
      </trkpt>
      <trkpt lat="-33.732138" lon="24.783331">
        <ele>149.33</ele>
      </trkpt>
      <trkpt lat="-33.732874" lon="24.783299">
        <ele>143.34</ele>
      </trkpt>
      <trkpt lat="-33.733242" lon="24.783298">
        <ele>139.49</ele>
      </trkpt>
      <trkpt lat="-33.734034" lon="24.783399">
        <ele>132.93</ele>
      </trkpt>
      <trkpt lat="-33.734121" lon="24.783381">
        <ele>132.23</ele>
      </trkpt>
      <trkpt lat="-33.7342" lon="24.783353">
        <ele>131.57</ele>
      </trkpt>
      <trkpt lat="-33.734324" lon="24.783245">
        <ele>129.78</ele>
      </trkpt>
      <trkpt lat="-33.734436" lon="24.78307">
        <ele>128.32</ele>
      </trkpt>
      <trkpt lat="-33.73463" lon="24.782581">
        <ele>123.99</ele>
      </trkpt>
      <trkpt lat="-33.734811" lon="24.782234">
        <ele>121.22</ele>
      </trkpt>
      <trkpt lat="-33.735143" lon="24.781716">
        <ele>115.52</ele>
      </trkpt>
      <trkpt lat="-33.735537" lon="24.781208">
        <ele>109.41</ele>
      </trkpt>
      <trkpt lat="-33.735722" lon="24.781024">
        <ele>106.92</ele>
      </trkpt>
      <trkpt lat="-33.735957" lon="24.780829">
        <ele>103.7</ele>
      </trkpt>
      <trkpt lat="-33.73609" lon="24.780744">
        <ele>102.39</ele>
      </trkpt>
      <trkpt lat="-33.736192" lon="24.780697">
        <ele>101.3</ele>
      </trkpt>
      <trkpt lat="-33.736323" lon="24.780668">
        <ele>99.91</ele>
      </trkpt>
      <trkpt lat="-33.736497" lon="24.780652">
        <ele>99.24</ele>
      </trkpt>
      <trkpt lat="-33.737041" lon="24.780638">
        <ele>94.61</ele>
      </trkpt>
      <trkpt lat="-33.737151" lon="24.780617">
        <ele>93.65</ele>
      </trkpt>
      <trkpt lat="-33.737235" lon="24.780584">
        <ele>92.69</ele>
      </trkpt>
      <trkpt lat="-33.73735" lon="24.780473">
        <ele>90.81</ele>
      </trkpt>
      <trkpt lat="-33.737708" lon="24.780106">
        <ele>87.94</ele>
      </trkpt>
      <trkpt lat="-33.737855" lon="24.779955">
        <ele>86.76</ele>
      </trkpt>
      <trkpt lat="-33.738498" lon="24.779379">
        <ele>85.39</ele>
      </trkpt>
      <trkpt lat="-33.738916" lon="24.779022">
        <ele>84.33</ele>
      </trkpt>
      <trkpt lat="-33.739018" lon="24.778919">
        <ele>83.02</ele>
      </trkpt>
      <trkpt lat="-33.739072" lon="24.778848">
        <ele>82.32</ele>
      </trkpt>
      <trkpt lat="-33.739204" lon="24.778625">
        <ele>82</ele>
      </trkpt>
      <trkpt lat="-33.73926" lon="24.77865">
        <ele>82.01</ele>
      </trkpt>
      <trkpt lat="-33.739204" lon="24.778625">
        <ele>82</ele>
      </trkpt>
      <trkpt lat="-33.737927" lon="24.778054">
        <ele>79</ele>
      </trkpt>
      <trkpt lat="-33.73771" lon="24.777971">
        <ele>78.59</ele>
      </trkpt>
      <trkpt lat="-33.737081" lon="24.777686">
        <ele>76.57</ele>
      </trkpt>
      <trkpt lat="-33.736535" lon="24.777432">
        <ele>76</ele>
      </trkpt>
      <trkpt lat="-33.735988" lon="24.777177">
        <ele>77.74</ele>
      </trkpt>
      <trkpt lat="-33.73531" lon="24.776753">
        <ele>79</ele>
      </trkpt>
      <trkpt lat="-33.735089" lon="24.776581">
        <ele>79.44</ele>
      </trkpt>
      <trkpt lat="-33.734804" lon="24.776359">
        <ele>80</ele>
      </trkpt>
      <trkpt lat="-33.734282" lon="24.775887">
        <ele>80.95</ele>
      </trkpt>
      <trkpt lat="-33.733599" lon="24.775181">
        <ele>82.27</ele>
      </trkpt>
      <trkpt lat="-33.733309" lon="24.77479">
        <ele>81.81</ele>
      </trkpt>
      <trkpt lat="-33.733769" lon="24.774315">
        <ele>78.97</ele>
      </trkpt>
      <trkpt lat="-33.734477" lon="24.773618">
        <ele>71.85</ele>
      </trkpt>
      <trkpt lat="-33.734984" lon="24.773112">
        <ele>64.56</ele>
      </trkpt>
      <trkpt lat="-33.735433" lon="24.772626">
        <ele>60.07</ele>
      </trkpt>
      <trkpt lat="-33.735763" lon="24.772279">
        <ele>60</ele>
      </trkpt>
      <trkpt lat="-33.736815" lon="24.771277">
        <ele>58</ele>
      </trkpt>
      <trkpt lat="-33.738341" lon="24.769809">
        <ele>57.68</ele>
      </trkpt>
      <trkpt lat="-33.740777" lon="24.767483">
        <ele>55</ele>
      </trkpt>
      <trkpt lat="-33.742551" lon="24.765772">
        <ele>54</ele>
      </trkpt>
      <trkpt lat="-33.743142" lon="24.765192">
        <ele>54.2</ele>
      </trkpt>
      <trkpt lat="-33.743404" lon="24.764934">
        <ele>54.29</ele>
      </trkpt>
      <trkpt lat="-33.745211" lon="24.763237">
        <ele>55</ele>
      </trkpt>
      <trkpt lat="-33.74564" lon="24.762844">
        <ele>56</ele>
      </trkpt>
      <trkpt lat="-33.745851" lon="24.762549">
        <ele>55.56</ele>
      </trkpt>
      <trkpt lat="-33.745924" lon="24.762414">
        <ele>55</ele>
      </trkpt>
      <trkpt lat="-33.746108" lon="24.761993">
        <ele>56</ele>
      </trkpt>
      <trkpt lat="-33.746651" lon="24.760849">
        <ele>55.66</ele>
      </trkpt>
      <trkpt lat="-33.746914" lon="24.760291">
        <ele>54</ele>
      </trkpt>
      <trkpt lat="-33.746955" lon="24.760173">
        <ele>54</ele>
      </trkpt>
      <trkpt lat="-33.746967" lon="24.760072">
        <ele>54</ele>
      </trkpt>
      <trkpt lat="-33.74696" lon="24.759969">
        <ele>54</ele>
      </trkpt>
      <trkpt lat="-33.746931" lon="24.75986">
        <ele>54</ele>
      </trkpt>
      <trkpt lat="-33.746894" lon="24.759781">
        <ele>54</ele>
      </trkpt>
      <trkpt lat="-33.746106" lon="24.758574">
        <ele>54.93</ele>
      </trkpt>
      <trkpt lat="-33.74534" lon="24.757428">
        <ele>55.04</ele>
      </trkpt>
      <trkpt lat="-33.744926" lon="24.756776">
        <ele>57.99</ele>
      </trkpt>
      <trkpt lat="-33.744137" lon="24.755566">
        <ele>57.98</ele>
      </trkpt>
      <trkpt lat="-33.743971" lon="24.755326">
        <ele>57.57</ele>
      </trkpt>
      <trkpt lat="-33.743901" lon="24.755239">
        <ele>57.29</ele>
      </trkpt>
      <trkpt lat="-33.743583" lon="24.754937">
        <ele>57</ele>
      </trkpt>
      <trkpt lat="-33.742791" lon="24.754248">
        <ele>57.7</ele>
      </trkpt>
      <trkpt lat="-33.742622" lon="24.754085">
        <ele>58.36</ele>
      </trkpt>
      <trkpt lat="-33.742602" lon="24.754065">
        <ele>58.44</ele>
      </trkpt>
      <trkpt lat="-33.743453" lon="24.753062">
        <ele>56.75</ele>
      </trkpt>
      <trkpt lat="-33.74345" lon="24.753058">
        <ele>56.06642104327034</ele>
      </trkpt>
      <trkpt lat="-33.74340678446576" lon="24.75306898355484">
        <ele>56.20166015625</ele>
      </trkpt>
      <trkpt lat="-33.743088826701936" lon="24.753451357131823">
        <ele>56.67969002609606</ele>
      </trkpt>
      <trkpt lat="-33.74277086893811" lon="24.75383373070881">
        <ele>57.89247691165656</ele>
      </trkpt>
      <trkpt lat="-33.74269976163132" lon="24.75391924381256">
        <ele>58.173583984375</ele>
      </trkpt>
      <trkpt lat="-33.74257709146106" lon="24.75404530763626">
        <ele>57.609375</ele>
      </trkpt>
      <trkpt lat="-33.742369" lon="24.753842">
        <ele>58.04</ele>
      </trkpt>
      <trkpt lat="-33.742258" lon="24.753709">
        <ele>58</ele>
      </trkpt>
      <trkpt lat="-33.742137" lon="24.753481">
        <ele>58</ele>
      </trkpt>
      <trkpt lat="-33.741496" lon="24.751796">
        <ele>58.76</ele>
      </trkpt>
      <trkpt lat="-33.741289" lon="24.75125">
        <ele>59</ele>
      </trkpt>
      <trkpt lat="-33.741349" lon="24.75118">
        <ele>59</ele>
      </trkpt>
      <trkpt lat="-33.74139" lon="24.751117">
        <ele>59</ele>
      </trkpt>
      <trkpt lat="-33.741743" lon="24.75078">
        <ele>60.2</ele>
      </trkpt>
      <trkpt lat="-33.742141" lon="24.75038">
        <ele>60.43</ele>
      </trkpt>
      <trkpt lat="-33.742288" lon="24.750232">
        <ele>58.95</ele>
      </trkpt>
      <trkpt lat="-33.742583" lon="24.749906">
        <ele>58.51</ele>
      </trkpt>
      <trkpt lat="-33.742755" lon="24.749731">
        <ele>59.72</ele>
      </trkpt>
      <trkpt lat="-33.7431" lon="24.749381">
        <ele>59</ele>
      </trkpt>
      <trkpt lat="-33.743487" lon="24.749006">
        <ele>60</ele>
      </trkpt>
      <trkpt lat="-33.744081" lon="24.748422">
        <ele>58.99</ele>
      </trkpt>
      <trkpt lat="-33.744486" lon="24.74802">
        <ele>56.24</ele>
      </trkpt>
      <trkpt lat="-33.744698" lon="24.747875">
        <ele>54.16</ele>
      </trkpt>
      <trkpt lat="-33.745223" lon="24.747508">
        <ele>53.11</ele>
      </trkpt>
      <trkpt lat="-33.745754" lon="24.747151">
        <ele>51.31</ele>
      </trkpt>
      <trkpt lat="-33.746654" lon="24.746614">
        <ele>52</ele>
      </trkpt>
      <trkpt lat="-33.746819" lon="24.746552">
        <ele>52.61</ele>
      </trkpt>
      <trkpt lat="-33.746879" lon="24.746545">
        <ele>53.07</ele>
      </trkpt>
      <trkpt lat="-33.746955" lon="24.746555">
        <ele>53.49</ele>
      </trkpt>
      <trkpt lat="-33.747065" lon="24.746604">
        <ele>53.9</ele>
      </trkpt>
      <trkpt lat="-33.747505" lon="24.746975">
        <ele>54.01</ele>
      </trkpt>
      <trkpt lat="-33.748048" lon="24.74747">
        <ele>55</ele>
      </trkpt>
      <trkpt lat="-33.748202" lon="24.747625">
        <ele>55</ele>
      </trkpt>
      <trkpt lat="-33.748439" lon="24.747864">
        <ele>55</ele>
      </trkpt>
      <trkpt lat="-33.748753" lon="24.74813">
        <ele>54.27</ele>
      </trkpt>
      <trkpt lat="-33.748963" lon="24.748299">
        <ele>55.15</ele>
      </trkpt>
      <trkpt lat="-33.749846" lon="24.748689">
        <ele>57.98</ele>
      </trkpt>
      <trkpt lat="-33.751526" lon="24.749606">
        <ele>56.72</ele>
      </trkpt>
      <trkpt lat="-33.751702" lon="24.749723">
        <ele>57</ele>
      </trkpt>
      <trkpt lat="-33.751827" lon="24.749763">
        <ele>56.64</ele>
      </trkpt>
      <trkpt lat="-33.752001" lon="24.749838">
        <ele>55.74</ele>
      </trkpt>
      <trkpt lat="-33.752225" lon="24.749875">
        <ele>55.13</ele>
      </trkpt>
      <trkpt lat="-33.752746" lon="24.749928">
        <ele>55</ele>
      </trkpt>
      <trkpt lat="-33.753756" lon="24.750051">
        <ele>55</ele>
      </trkpt>
      <trkpt lat="-33.753896" lon="24.750094">
        <ele>55</ele>
      </trkpt>
      <trkpt lat="-33.754297" lon="24.750293">
        <ele>54</ele>
      </trkpt>
      <trkpt lat="-33.755633" lon="24.751121">
        <ele>55.68</ele>
      </trkpt>
      <trkpt lat="-33.75616" lon="24.751432">
        <ele>54.15</ele>
      </trkpt>
      <trkpt lat="-33.756344" lon="24.751495">
        <ele>54</ele>
      </trkpt>
      <trkpt lat="-33.756672" lon="24.751478">
        <ele>55</ele>
      </trkpt>
      <trkpt lat="-33.757539" lon="24.751381">
        <ele>56.08</ele>
      </trkpt>
      <trkpt lat="-33.758273" lon="24.751307">
        <ele>57.8</ele>
      </trkpt>
      <trkpt lat="-33.758704" lon="24.751272">
        <ele>58.02</ele>
      </trkpt>
      <trkpt lat="-33.758954" lon="24.751241">
        <ele>57.82</ele>
      </trkpt>
      <trkpt lat="-33.759153" lon="24.751216">
        <ele>57.67</ele>
      </trkpt>
      <trkpt lat="-33.759212" lon="24.751218">
        <ele>57.63</ele>
      </trkpt>
      <trkpt lat="-33.75926" lon="24.751242">
        <ele>57.33</ele>
      </trkpt>
      <trkpt lat="-33.759286" lon="24.751267">
        <ele>57.06</ele>
      </trkpt>
      <trkpt lat="-33.759308" lon="24.751243">
        <ele>57.26</ele>
      </trkpt>
      <trkpt lat="-33.759373" lon="24.75109">
        <ele>58.18</ele>
      </trkpt>
      <trkpt lat="-33.759445" lon="24.750954">
        <ele>58.87</ele>
      </trkpt>
      <trkpt lat="-33.759538" lon="24.750807">
        <ele>59.24</ele>
      </trkpt>
      <trkpt lat="-33.759682" lon="24.750656">
        <ele>58.99</ele>
      </trkpt>
      <trkpt lat="-33.759976" lon="24.750436">
        <ele>58.59</ele>
      </trkpt>
      <trkpt lat="-33.760275" lon="24.750254">
        <ele>58.9</ele>
      </trkpt>
      <trkpt lat="-33.760846" lon="24.749974">
        <ele>59.85</ele>
      </trkpt>
      <trkpt lat="-33.761096" lon="24.74984">
        <ele>59.67</ele>
      </trkpt>
      <trkpt lat="-33.761506" lon="24.749561">
        <ele>58.13</ele>
      </trkpt>
      <trkpt lat="-33.762026" lon="24.749191">
        <ele>60.11</ele>
      </trkpt>
      <trkpt lat="-33.762318" lon="24.748963">
        <ele>61</ele>
      </trkpt>
      <trkpt lat="-33.762599" lon="24.748702">
        <ele>62</ele>
      </trkpt>
      <trkpt lat="-33.762945" lon="24.748301">
        <ele>64.02</ele>
      </trkpt>
      <trkpt lat="-33.76318" lon="24.747994">
        <ele>64.49</ele>
      </trkpt>
      <trkpt lat="-33.763278" lon="24.747849">
        <ele>64.67</ele>
      </trkpt>
      <trkpt lat="-33.763362" lon="24.747687">
        <ele>65.01</ele>
      </trkpt>
      <trkpt lat="-33.763532" lon="24.747259">
        <ele>65</ele>
      </trkpt>
      <trkpt lat="-33.76386" lon="24.746311">
        <ele>64</ele>
      </trkpt>
      <trkpt lat="-33.764107" lon="24.745555">
        <ele>67</ele>
      </trkpt>
      <trkpt lat="-33.764221" lon="24.745272">
        <ele>67</ele>
      </trkpt>
      <trkpt lat="-33.764323" lon="24.745061">
        <ele>68</ele>
      </trkpt>
      <trkpt lat="-33.764465" lon="24.744868">
        <ele>68</ele>
      </trkpt>
      <trkpt lat="-33.764624" lon="24.74469">
        <ele>68.76</ele>
      </trkpt>
      <trkpt lat="-33.764942" lon="24.744389">
        <ele>69</ele>
      </trkpt>
      <trkpt lat="-33.765409" lon="24.743975">
        <ele>69.09</ele>
      </trkpt>
      <trkpt lat="-33.765513" lon="24.743893">
        <ele>69.08</ele>
      </trkpt>
      <trkpt lat="-33.765644" lon="24.743813">
        <ele>69</ele>
      </trkpt>
      <trkpt lat="-33.765868" lon="24.743711">
        <ele>69.01</ele>
      </trkpt>
      <trkpt lat="-33.768358" lon="24.742678">
        <ele>72.03</ele>
      </trkpt>
      <trkpt lat="-33.769843" lon="24.742099">
        <ele>77.34</ele>
      </trkpt>
      <trkpt lat="-33.770236" lon="24.741923">
        <ele>77.72</ele>
      </trkpt>
      <trkpt lat="-33.770411" lon="24.741812">
        <ele>77.87</ele>
      </trkpt>
      <trkpt lat="-33.770574" lon="24.741658">
        <ele>77.62</ele>
      </trkpt>
      <trkpt lat="-33.770686" lon="24.741499">
        <ele>77.77</ele>
      </trkpt>
      <trkpt lat="-33.770816" lon="24.741275">
        <ele>77.2</ele>
      </trkpt>
      <trkpt lat="-33.770894" lon="24.7411">
        <ele>77.48</ele>
      </trkpt>
      <trkpt lat="-33.770948" lon="24.740911">
        <ele>77.32</ele>
      </trkpt>
      <trkpt lat="-33.770976" lon="24.74068">
        <ele>78</ele>
      </trkpt>
      <trkpt lat="-33.771018" lon="24.740176">
        <ele>79</ele>
      </trkpt>
      <trkpt lat="-33.771177" lon="24.738132">
        <ele>83.3</ele>
      </trkpt>
      <trkpt lat="-33.771266" lon="24.737425">
        <ele>82</ele>
      </trkpt>
      <trkpt lat="-33.771467" lon="24.735903">
        <ele>84.65</ele>
      </trkpt>
      <trkpt lat="-33.77153" lon="24.735574">
        <ele>85.49</ele>
      </trkpt>
      <trkpt lat="-33.771588" lon="24.73527">
        <ele>86.27</ele>
      </trkpt>
      <trkpt lat="-33.77174" lon="24.734874">
        <ele>85.66</ele>
      </trkpt>
      <trkpt lat="-33.771897" lon="24.734597">
        <ele>84.91</ele>
      </trkpt>
      <trkpt lat="-33.772108" lon="24.734286">
        <ele>85.01</ele>
      </trkpt>
      <trkpt lat="-33.772288" lon="24.734052">
        <ele>86.27</ele>
      </trkpt>
      <trkpt lat="-33.772526" lon="24.73383">
        <ele>87.55</ele>
      </trkpt>
      <trkpt lat="-33.772869" lon="24.733615">
        <ele>89.34</ele>
      </trkpt>
      <trkpt lat="-33.773052" lon="24.733543">
        <ele>90.44</ele>
      </trkpt>
      <trkpt lat="-33.773746" lon="24.733221">
        <ele>88.09</ele>
      </trkpt>
      <trkpt lat="-33.77422" lon="24.732998">
        <ele>88.25</ele>
      </trkpt>
      <trkpt lat="-33.776804" lon="24.731778">
        <ele>99.35</ele>
      </trkpt>
      <trkpt lat="-33.777363" lon="24.7315">
        <ele>99.96</ele>
      </trkpt>
      <trkpt lat="-33.777697" lon="24.731299">
        <ele>99.02</ele>
      </trkpt>
      <trkpt lat="-33.777962" lon="24.731043">
        <ele>97.69</ele>
      </trkpt>
      <trkpt lat="-33.778141" lon="24.730809">
        <ele>96.77</ele>
      </trkpt>
      <trkpt lat="-33.778334" lon="24.730504">
        <ele>96.19</ele>
      </trkpt>
      <trkpt lat="-33.778791" lon="24.729677">
        <ele>96.14</ele>
      </trkpt>
      <trkpt lat="-33.778987" lon="24.729456">
        <ele>96.02</ele>
      </trkpt>
      <trkpt lat="-33.779216" lon="24.72929">
        <ele>96.73</ele>
      </trkpt>
      <trkpt lat="-33.77944" lon="24.72918">
        <ele>97</ele>
      </trkpt>
      <trkpt lat="-33.779716" lon="24.729129">
        <ele>97</ele>
      </trkpt>
      <trkpt lat="-33.779954" lon="24.729114">
        <ele>97</ele>
      </trkpt>
      <trkpt lat="-33.78023" lon="24.729168">
        <ele>97.91</ele>
      </trkpt>
      <trkpt lat="-33.780624" lon="24.729357">
        <ele>98</ele>
      </trkpt>
      <trkpt lat="-33.781279" lon="24.729723">
        <ele>99</ele>
      </trkpt>
      <trkpt lat="-33.782041" lon="24.730172">
        <ele>101.08</ele>
      </trkpt>
      <trkpt lat="-33.782304" lon="24.730327">
        <ele>101.8</ele>
      </trkpt>
      <trkpt lat="-33.782616" lon="24.73042">
        <ele>102.13</ele>
      </trkpt>
      <trkpt lat="-33.783151" lon="24.730514">
        <ele>102.85</ele>
      </trkpt>
      <trkpt lat="-33.783761" lon="24.730565">
        <ele>104.13</ele>
      </trkpt>
      <trkpt lat="-33.783982" lon="24.730579">
        <ele>105.73</ele>
      </trkpt>
      <trkpt lat="-33.784211" lon="24.730543">
        <ele>104.89</ele>
      </trkpt>
      <trkpt lat="-33.784503" lon="24.730425">
        <ele>103.35</ele>
      </trkpt>
      <trkpt lat="-33.784717" lon="24.7303">
        <ele>103.43</ele>
      </trkpt>
      <trkpt lat="-33.784899" lon="24.730175">
        <ele>103.66</ele>
      </trkpt>
      <trkpt lat="-33.785027" lon="24.730028">
        <ele>103.94</ele>
      </trkpt>
      <trkpt lat="-33.785125" lon="24.729789">
        <ele>104.28</ele>
      </trkpt>
      <trkpt lat="-33.785184" lon="24.729494">
        <ele>103.66</ele>
      </trkpt>
      <trkpt lat="-33.785191" lon="24.7292">
        <ele>103.53</ele>
      </trkpt>
      <trkpt lat="-33.785145" lon="24.728951">
        <ele>103.21</ele>
      </trkpt>
      <trkpt lat="-33.785016" lon="24.728602">
        <ele>103.87</ele>
      </trkpt>
      <trkpt lat="-33.784871" lon="24.728265">
        <ele>104.22</ele>
      </trkpt>
      <trkpt lat="-33.784764" lon="24.727953">
        <ele>104.31</ele>
      </trkpt>
      <trkpt lat="-33.784707" lon="24.727689">
        <ele>104.24</ele>
      </trkpt>
      <trkpt lat="-33.784693" lon="24.727396">
        <ele>105.04</ele>
      </trkpt>
      <trkpt lat="-33.784707" lon="24.726861">
        <ele>106.14</ele>
      </trkpt>
      <trkpt lat="-33.784781" lon="24.725943">
        <ele>107.66</ele>
      </trkpt>
      <trkpt lat="-33.784839" lon="24.725721">
        <ele>108.15</ele>
      </trkpt>
      <trkpt lat="-33.784915" lon="24.725552">
        <ele>108.86</ele>
      </trkpt>
      <trkpt lat="-33.785015" lon="24.72541">
        <ele>109.11</ele>
      </trkpt>
      <trkpt lat="-33.785178" lon="24.72524">
        <ele>109.37</ele>
      </trkpt>
      <trkpt lat="-33.785687" lon="24.724817">
        <ele>110.37</ele>
      </trkpt>
      <trkpt lat="-33.785962" lon="24.724612">
        <ele>111.83</ele>
      </trkpt>
      <trkpt lat="-33.786281" lon="24.72444">
        <ele>112.29</ele>
      </trkpt>
      <trkpt lat="-33.78655" lon="24.724286">
        <ele>111.4</ele>
      </trkpt>
      <trkpt lat="-33.787034" lon="24.724035">
        <ele>109</ele>
      </trkpt>
      <trkpt lat="-33.787229" lon="24.723893">
        <ele>109.15</ele>
      </trkpt>
      <trkpt lat="-33.787383" lon="24.723765">
        <ele>109.99</ele>
      </trkpt>
      <trkpt lat="-33.78753" lon="24.723613">
        <ele>110</ele>
      </trkpt>
      <trkpt lat="-33.787868" lon="24.723196">
        <ele>111.26</ele>
      </trkpt>
      <trkpt lat="-33.788025" lon="24.723032">
        <ele>111.88</ele>
      </trkpt>
      <trkpt lat="-33.788183" lon="24.722875">
        <ele>112</ele>
      </trkpt>
      <trkpt lat="-33.788375" lon="24.722727">
        <ele>112</ele>
      </trkpt>
      <trkpt lat="-33.790284" lon="24.721436">
        <ele>116</ele>
      </trkpt>
      <trkpt lat="-33.791478" lon="24.720622">
        <ele>117.2</ele>
      </trkpt>
      <trkpt lat="-33.791681" lon="24.720476">
        <ele>117.12</ele>
      </trkpt>
      <trkpt lat="-33.791943" lon="24.720443">
        <ele>117.82</ele>
      </trkpt>
      <trkpt lat="-33.791928" lon="24.720425">
        <ele>117.83</ele>
      </trkpt>
      <trkpt lat="-33.792522" lon="24.721135">
        <ele>117</ele>
      </trkpt>
      <trkpt lat="-33.794069" lon="24.72298">
        <ele>119</ele>
      </trkpt>
      <trkpt lat="-33.794455" lon="24.723442">
        <ele>118</ele>
      </trkpt>
      <trkpt lat="-33.795615" lon="24.724826">
        <ele>125</ele>
      </trkpt>
      <trkpt lat="-33.796968" lon="24.72644">
        <ele>126.08</ele>
      </trkpt>
      <trkpt lat="-33.798122" lon="24.72776">
        <ele>128</ele>
      </trkpt>
      <trkpt lat="-33.799721" lon="24.729586">
        <ele>134.32</ele>
      </trkpt>
      <trkpt lat="-33.792522" lon="24.721135">
        <ele>117</ele>
      </trkpt>
      <trkpt lat="-33.794069" lon="24.72298">
        <ele>119</ele>
      </trkpt>
      <trkpt lat="-33.794455" lon="24.723442">
        <ele>118</ele>
      </trkpt>
      <trkpt lat="-33.795615" lon="24.724826">
        <ele>125</ele>
      </trkpt>
      <trkpt lat="-33.796968" lon="24.72644">
        <ele>126.08</ele>
      </trkpt>
      <trkpt lat="-33.798122" lon="24.72776">
        <ele>128</ele>
      </trkpt>
      <trkpt lat="-33.799721" lon="24.729586">
        <ele>134.32</ele>
      </trkpt>
      <trkpt lat="-33.799953" lon="24.729852">
        <ele>134.91</ele>
      </trkpt>
      <trkpt lat="-33.800134" lon="24.730028">
        <ele>135.06</ele>
      </trkpt>
      <trkpt lat="-33.800311" lon="24.730187">
        <ele>136.3</ele>
      </trkpt>
      <trkpt lat="-33.800679" lon="24.730482">
        <ele>137.88</ele>
      </trkpt>
      <trkpt lat="-33.800903" lon="24.730623">
        <ele>138.48</ele>
      </trkpt>
      <trkpt lat="-33.801238" lon="24.730742">
        <ele>139.87</ele>
      </trkpt>
      <trkpt lat="-33.801422" lon="24.730796">
        <ele>141</ele>
      </trkpt>
      <trkpt lat="-33.801576" lon="24.730829">
        <ele>141.16</ele>
      </trkpt>
      <trkpt lat="-33.801767" lon="24.730855">
        <ele>142</ele>
      </trkpt>
      <trkpt lat="-33.80193" lon="24.73086">
        <ele>142.63</ele>
      </trkpt>
      <trkpt lat="-33.802258" lon="24.730844">
        <ele>143.93</ele>
      </trkpt>
      <trkpt lat="-33.802465" lon="24.730803">
        <ele>145.01</ele>
      </trkpt>
      <trkpt lat="-33.802787" lon="24.730718">
        <ele>146</ele>
      </trkpt>
      <trkpt lat="-33.803055" lon="24.730636">
        <ele>147.49</ele>
      </trkpt>
      <trkpt lat="-33.803478" lon="24.730472">
        <ele>148.97</ele>
      </trkpt>
      <trkpt lat="-33.803964" lon="24.730241">
        <ele>150.24</ele>
      </trkpt>
      <trkpt lat="-33.804211" lon="24.730136">
        <ele>151.53</ele>
      </trkpt>
      <trkpt lat="-33.804538" lon="24.729966">
        <ele>152.78</ele>
      </trkpt>
      <trkpt lat="-33.804751" lon="24.729841">
        <ele>153.37</ele>
      </trkpt>
      <trkpt lat="-33.805379" lon="24.729407">
        <ele>156.67</ele>
      </trkpt>
      <trkpt lat="-33.805691" lon="24.729208">
        <ele>158.63</ele>
      </trkpt>
      <trkpt lat="-33.806221" lon="24.728918">
        <ele>162.51</ele>
      </trkpt>
      <trkpt lat="-33.80652" lon="24.728774">
        <ele>162.5</ele>
      </trkpt>
      <trkpt lat="-33.806785" lon="24.728682">
        <ele>162.26</ele>
      </trkpt>
      <trkpt lat="-33.807019" lon="24.728613">
        <ele>162.25</ele>
      </trkpt>
      <trkpt lat="-33.807314" lon="24.728562">
        <ele>163</ele>
      </trkpt>
      <trkpt lat="-33.808224" lon="24.728519">
        <ele>167.59</ele>
      </trkpt>
      <trkpt lat="-33.808416" lon="24.728481">
        <ele>168.51</ele>
      </trkpt>
      <trkpt lat="-33.808628" lon="24.728422">
        <ele>168.93</ele>
      </trkpt>
      <trkpt lat="-33.808816" lon="24.728358">
        <ele>170.08</ele>
      </trkpt>
      <trkpt lat="-33.808967" lon="24.728279">
        <ele>170.69</ele>
      </trkpt>
      <trkpt lat="-33.809055" lon="24.728214">
        <ele>171.09</ele>
      </trkpt>
      <trkpt lat="-33.80914" lon="24.728136">
        <ele>171.56</ele>
      </trkpt>
      <trkpt lat="-33.80952" lon="24.72752">
        <ele>174.74</ele>
      </trkpt>
      <trkpt lat="-33.809636" lon="24.727411">
        <ele>175.55</ele>
      </trkpt>
      <trkpt lat="-33.809709" lon="24.727369">
        <ele>176.07</ele>
      </trkpt>
      <trkpt lat="-33.809806" lon="24.727329">
        <ele>176.54</ele>
      </trkpt>
      <trkpt lat="-33.80992" lon="24.727313">
        <ele>176.86</ele>
      </trkpt>
      <trkpt lat="-33.809966" lon="24.727316">
        <ele>176.96</ele>
      </trkpt>
      <trkpt lat="-33.810186" lon="24.727355">
        <ele>177.96</ele>
      </trkpt>
      <trkpt lat="-33.810752" lon="24.727542">
        <ele>179.03</ele>
      </trkpt>
      <trkpt lat="-33.81111" lon="24.727601">
        <ele>180.55</ele>
      </trkpt>
      <trkpt lat="-33.811256" lon="24.7276">
        <ele>180.96</ele>
      </trkpt>
      <trkpt lat="-33.811361" lon="24.72759">
        <ele>181.43</ele>
      </trkpt>
      <trkpt lat="-33.811521" lon="24.72756">
        <ele>181.97</ele>
      </trkpt>
      <trkpt lat="-33.811647" lon="24.727523">
        <ele>182.73</ele>
      </trkpt>
      <trkpt lat="-33.811888" lon="24.727389">
        <ele>183.91</ele>
      </trkpt>
      <trkpt lat="-33.81213" lon="24.727207">
        <ele>185</ele>
      </trkpt>
      <trkpt lat="-33.812346" lon="24.726981">
        <ele>187.02</ele>
      </trkpt>
      <trkpt lat="-33.812532" lon="24.726708">
        <ele>188.12</ele>
      </trkpt>
      <trkpt lat="-33.812657" lon="24.72642">
        <ele>189.49</ele>
      </trkpt>
      <trkpt lat="-33.812706" lon="24.726216">
        <ele>190.06</ele>
      </trkpt>
      <trkpt lat="-33.812781" lon="24.725825">
        <ele>191.98</ele>
      </trkpt>
      <trkpt lat="-33.812903" lon="24.725352">
        <ele>193.83</ele>
      </trkpt>
      <trkpt lat="-33.812962" lon="24.725157">
        <ele>194.14</ele>
      </trkpt>
      <trkpt lat="-33.813005" lon="24.72506">
        <ele>194.61</ele>
      </trkpt>
      <trkpt lat="-33.813137" lon="24.724813">
        <ele>196.12</ele>
      </trkpt>
      <trkpt lat="-33.813251" lon="24.724626">
        <ele>197.19</ele>
      </trkpt>
      <trkpt lat="-33.813434" lon="24.724361">
        <ele>199.68</ele>
      </trkpt>
      <trkpt lat="-33.813774" lon="24.723984">
        <ele>200.53</ele>
      </trkpt>
      <trkpt lat="-33.814008" lon="24.723759">
        <ele>200.08</ele>
      </trkpt>
      <trkpt lat="-33.81408" lon="24.723712">
        <ele>199.93</ele>
      </trkpt>
      <trkpt lat="-33.814179" lon="24.723677">
        <ele>199.6</ele>
      </trkpt>
      <trkpt lat="-33.814308" lon="24.723647">
        <ele>199.29</ele>
      </trkpt>
      <trkpt lat="-33.814395" lon="24.723648">
        <ele>199.69</ele>
      </trkpt>
      <trkpt lat="-33.814545" lon="24.723691">
        <ele>200.6</ele>
      </trkpt>
      <trkpt lat="-33.814694" lon="24.723767">
        <ele>201.17</ele>
      </trkpt>
      <trkpt lat="-33.815038" lon="24.723887">
        <ele>203.16</ele>
      </trkpt>
      <trkpt lat="-33.815591" lon="24.724046">
        <ele>204.52</ele>
      </trkpt>
      <trkpt lat="-33.815782" lon="24.72411">
        <ele>205.07</ele>
      </trkpt>
      <trkpt lat="-33.815972" lon="24.724221">
        <ele>206.22</ele>
      </trkpt>
      <trkpt lat="-33.816127" lon="24.724376">
        <ele>206.99</ele>
      </trkpt>
      <trkpt lat="-33.816441" lon="24.724949">
        <ele>208.39</ele>
      </trkpt>
      <trkpt lat="-33.816958" lon="24.725633">
        <ele>210.85</ele>
      </trkpt>
      <trkpt lat="-33.817092" lon="24.725792">
        <ele>211.84</ele>
      </trkpt>
      <trkpt lat="-33.817182" lon="24.725873">
        <ele>212.04</ele>
      </trkpt>
      <trkpt lat="-33.817347" lon="24.725985">
        <ele>212.54</ele>
      </trkpt>
      <trkpt lat="-33.817494" lon="24.726046">
        <ele>213.21</ele>
      </trkpt>
      <trkpt lat="-33.817733" lon="24.726068">
        <ele>213.76</ele>
      </trkpt>
      <trkpt lat="-33.81798" lon="24.726108">
        <ele>214.31</ele>
      </trkpt>
      <trkpt lat="-33.818251" lon="24.726164">
        <ele>215.02</ele>
      </trkpt>
      <trkpt lat="-33.818565" lon="24.726325">
        <ele>216.03</ele>
      </trkpt>
      <trkpt lat="-33.819098" lon="24.7267">
        <ele>221.53</ele>
      </trkpt>
      <trkpt lat="-33.819484" lon="24.727085">
        <ele>227.03</ele>
      </trkpt>
      <trkpt lat="-33.819582" lon="24.727217">
        <ele>228.6</ele>
      </trkpt>
      <trkpt lat="-33.819654" lon="24.727345">
        <ele>230.62</ele>
      </trkpt>
      <trkpt lat="-33.819697" lon="24.727475">
        <ele>231.84</ele>
      </trkpt>
      <trkpt lat="-33.819733" lon="24.727667">
        <ele>233.65</ele>
      </trkpt>
      <trkpt lat="-33.819736" lon="24.727949">
        <ele>235.33</ele>
      </trkpt>
      <trkpt lat="-33.819703" lon="24.728296">
        <ele>235.99</ele>
      </trkpt>
      <trkpt lat="-33.819709" lon="24.728441">
        <ele>235.87</ele>
      </trkpt>
      <trkpt lat="-33.819721" lon="24.728529">
        <ele>235.7</ele>
      </trkpt>
      <trkpt lat="-33.819758" lon="24.728694">
        <ele>235.8</ele>
      </trkpt>
      <trkpt lat="-33.819793" lon="24.728808">
        <ele>235.89</ele>
      </trkpt>
      <trkpt lat="-33.81985" lon="24.728952">
        <ele>235.67</ele>
      </trkpt>
      <trkpt lat="-33.819986" lon="24.729266">
        <ele>235.89</ele>
      </trkpt>
      <trkpt lat="-33.820124" lon="24.729514">
        <ele>236.85</ele>
      </trkpt>
      <trkpt lat="-33.820225" lon="24.729663">
        <ele>237.37</ele>
      </trkpt>
      <trkpt lat="-33.820338" lon="24.729782">
        <ele>238.23</ele>
      </trkpt>
      <trkpt lat="-33.820445" lon="24.729877">
        <ele>238.57</ele>
      </trkpt>
      <trkpt lat="-33.820535" lon="24.729938">
        <ele>238.78</ele>
      </trkpt>
      <trkpt lat="-33.82065" lon="24.730001">
        <ele>238.66</ele>
      </trkpt>
      <trkpt lat="-33.820887" lon="24.730072">
        <ele>239.55</ele>
      </trkpt>
      <trkpt lat="-33.821081" lon="24.730143">
        <ele>240.2</ele>
      </trkpt>
      <trkpt lat="-33.821217" lon="24.730206">
        <ele>240.64</ele>
      </trkpt>
      <trkpt lat="-33.821335" lon="24.730277">
        <ele>241.09</ele>
      </trkpt>
      <trkpt lat="-33.821775" lon="24.73063">
        <ele>242.57</ele>
      </trkpt>
      <trkpt lat="-33.822337" lon="24.731178">
        <ele>245.69</ele>
      </trkpt>
      <trkpt lat="-33.823041" lon="24.731941">
        <ele>250.51</ele>
      </trkpt>
      <trkpt lat="-33.823325" lon="24.732169">
        <ele>251.83</ele>
      </trkpt>
      <trkpt lat="-33.823541" lon="24.732313">
        <ele>253.2</ele>
      </trkpt>
      <trkpt lat="-33.824092" lon="24.732784">
        <ele>253.21</ele>
      </trkpt>
      <trkpt lat="-33.824373" lon="24.7331">
        <ele>255.02</ele>
      </trkpt>
      <trkpt lat="-33.824651" lon="24.733459">
        <ele>257.25</ele>
      </trkpt>
      <trkpt lat="-33.824743" lon="24.733616">
        <ele>258.21</ele>
      </trkpt>
      <trkpt lat="-33.824847" lon="24.733812">
        <ele>258.51</ele>
      </trkpt>
      <trkpt lat="-33.824952" lon="24.734052">
        <ele>259.32</ele>
      </trkpt>
      <trkpt lat="-33.825189" lon="24.734715">
        <ele>259.45</ele>
      </trkpt>
      <trkpt lat="-33.825338" lon="24.735179">
        <ele>259.88</ele>
      </trkpt>
      <trkpt lat="-33.825557" lon="24.735926">
        <ele>262.93</ele>
      </trkpt>
      <trkpt lat="-33.82567" lon="24.736428">
        <ele>262.83</ele>
      </trkpt>
      <trkpt lat="-33.825799" lon="24.7371">
        <ele>260.06</ele>
      </trkpt>
      <trkpt lat="-33.825899" lon="24.737594">
        <ele>260.47</ele>
      </trkpt>
      <trkpt lat="-33.825956" lon="24.737788">
        <ele>261.6</ele>
      </trkpt>
      <trkpt lat="-33.826047" lon="24.73803">
        <ele>263.61</ele>
      </trkpt>
      <trkpt lat="-33.826391" lon="24.738764">
        <ele>269.94</ele>
      </trkpt>
      <trkpt lat="-33.826703" lon="24.739363">
        <ele>273.77</ele>
      </trkpt>
      <trkpt lat="-33.826757" lon="24.739457">
        <ele>274.5</ele>
      </trkpt>
      <trkpt lat="-33.826812" lon="24.739524">
        <ele>274.86</ele>
      </trkpt>
      <trkpt lat="-33.826868" lon="24.739558">
        <ele>274.9</ele>
      </trkpt>
      <trkpt lat="-33.826959" lon="24.739569">
        <ele>274.99</ele>
      </trkpt>
      <trkpt lat="-33.827017" lon="24.739553">
        <ele>275.35</ele>
      </trkpt>
      <trkpt lat="-33.827076" lon="24.73952">
        <ele>276</ele>
      </trkpt>
      <trkpt lat="-33.827179" lon="24.739439">
        <ele>276.85</ele>
      </trkpt>
      <trkpt lat="-33.827363" lon="24.739238">
        <ele>279.24</ele>
      </trkpt>
      <trkpt lat="-33.827547" lon="24.738999">
        <ele>282.33</ele>
      </trkpt>
      <trkpt lat="-33.827623" lon="24.738924">
        <ele>283.06</ele>
      </trkpt>
      <trkpt lat="-33.827707" lon="24.738867">
        <ele>283.77</ele>
      </trkpt>
      <trkpt lat="-33.827799" lon="24.738837">
        <ele>284.51</ele>
      </trkpt>
      <trkpt lat="-33.827928" lon="24.738824">
        <ele>285.98</ele>
      </trkpt>
      <trkpt lat="-33.828035" lon="24.738841">
        <ele>287.38</ele>
      </trkpt>
      <trkpt lat="-33.82811" lon="24.73887">
        <ele>288.4</ele>
      </trkpt>
      <trkpt lat="-33.828397" lon="24.739034">
        <ele>292.53</ele>
      </trkpt>
      <trkpt lat="-33.829324" lon="24.739608">
        <ele>302.21</ele>
      </trkpt>
      <trkpt lat="-33.830014" lon="24.740191">
        <ele>309.55</ele>
      </trkpt>
      <trkpt lat="-33.830414" lon="24.740506">
        <ele>312.25</ele>
      </trkpt>
      <trkpt lat="-33.830781" lon="24.740761">
        <ele>313.77</ele>
      </trkpt>
      <trkpt lat="-33.830984" lon="24.740886">
        <ele>315.79</ele>
      </trkpt>
      <trkpt lat="-33.831214" lon="24.741014">
        <ele>317.71</ele>
      </trkpt>
      <trkpt lat="-33.831603" lon="24.741253">
        <ele>320.74</ele>
      </trkpt>
      <trkpt lat="-33.832034" lon="24.741585">
        <ele>321.37</ele>
      </trkpt>
      <trkpt lat="-33.83266" lon="24.74211">
        <ele>322.04</ele>
      </trkpt>
      <trkpt lat="-33.834144" lon="24.743299">
        <ele>324</ele>
      </trkpt>
      <trkpt lat="-33.834813" lon="24.743817">
        <ele>323.74</ele>
      </trkpt>
      <trkpt lat="-33.835054" lon="24.743982">
        <ele>323.34</ele>
      </trkpt>
      <trkpt lat="-33.835283" lon="24.7441">
        <ele>322.97</ele>
      </trkpt>
      <trkpt lat="-33.835716" lon="24.744283">
        <ele>322</ele>
      </trkpt>
      <trkpt lat="-33.836268" lon="24.744493">
        <ele>322</ele>
      </trkpt>
      <trkpt lat="-33.836921" lon="24.744739">
        <ele>324.01</ele>
      </trkpt>
      <trkpt lat="-33.837576" lon="24.744961">
        <ele>327.3</ele>
      </trkpt>
      <trkpt lat="-33.837812" lon="24.745026">
        <ele>327.68</ele>
      </trkpt>
      <trkpt lat="-33.838019" lon="24.745071">
        <ele>328.13</ele>
      </trkpt>
      <trkpt lat="-33.838455" lon="24.745124">
        <ele>329.25</ele>
      </trkpt>
      <trkpt lat="-33.838587" lon="24.745133">
        <ele>329.25</ele>
      </trkpt>
      <trkpt lat="-33.838755" lon="24.745131">
        <ele>328.76</ele>
      </trkpt>
      <trkpt lat="-33.838954" lon="24.745103">
        <ele>328.03</ele>
      </trkpt>
      <trkpt lat="-33.839597" lon="24.744922">
        <ele>325.98</ele>
      </trkpt>
      <trkpt lat="-33.839968" lon="24.744828">
        <ele>325.56</ele>
      </trkpt>
      <trkpt lat="-33.840584" lon="24.744692">
        <ele>322</ele>
      </trkpt>
      <trkpt lat="-33.841136" lon="24.744561">
        <ele>317.03</ele>
      </trkpt>
      <trkpt lat="-33.841347" lon="24.744501">
        <ele>315.41</ele>
      </trkpt>
      <trkpt lat="-33.841557" lon="24.744415">
        <ele>313.79</ele>
      </trkpt>
      <trkpt lat="-33.841761" lon="24.744296">
        <ele>312.36</ele>
      </trkpt>
      <trkpt lat="-33.841948" lon="24.744164">
        <ele>311.17</ele>
      </trkpt>
      <trkpt lat="-33.842401" lon="24.743799">
        <ele>309.58</ele>
      </trkpt>
      <trkpt lat="-33.842499" lon="24.743749">
        <ele>308.64</ele>
      </trkpt>
      <trkpt lat="-33.842583" lon="24.743732">
        <ele>307.58</ele>
      </trkpt>
      <trkpt lat="-33.842673" lon="24.743732">
        <ele>306.42</ele>
      </trkpt>
      <trkpt lat="-33.842756" lon="24.743751">
        <ele>305.56</ele>
      </trkpt>
      <trkpt lat="-33.842826" lon="24.743787">
        <ele>304.75</ele>
      </trkpt>
      <trkpt lat="-33.842905" lon="24.743848">
        <ele>304.1</ele>
      </trkpt>
      <trkpt lat="-33.842986" lon="24.743949">
        <ele>304</ele>
      </trkpt>
      <trkpt lat="-33.84307" lon="24.744095">
        <ele>304.81</ele>
      </trkpt>
      <trkpt lat="-33.843149" lon="24.744262">
        <ele>306.44</ele>
      </trkpt>
      <trkpt lat="-33.843442" lon="24.744997">
        <ele>311.81</ele>
      </trkpt>
      <trkpt lat="-33.843623" lon="24.745502">
        <ele>315.84</ele>
      </trkpt>
      <trkpt lat="-33.843714" lon="24.745754">
        <ele>316.24</ele>
      </trkpt>
      <trkpt lat="-33.843852" lon="24.746248">
        <ele>319.04</ele>
      </trkpt>
      <trkpt lat="-33.843968" lon="24.746731">
        <ele>321.67</ele>
      </trkpt>
      <trkpt lat="-33.844111" lon="24.747419">
        <ele>323.77</ele>
      </trkpt>
      <trkpt lat="-33.844217" lon="24.747967">
        <ele>324.71</ele>
      </trkpt>
      <trkpt lat="-33.844294" lon="24.748261">
        <ele>324.74</ele>
      </trkpt>
      <trkpt lat="-33.84439" lon="24.748516">
        <ele>324.81</ele>
      </trkpt>
      <trkpt lat="-33.844513" lon="24.748777">
        <ele>325.16</ele>
      </trkpt>
      <trkpt lat="-33.845068" lon="24.749714">
        <ele>325.6</ele>
      </trkpt>
      <trkpt lat="-33.84528" lon="24.750041">
        <ele>325.17</ele>
      </trkpt>
      <trkpt lat="-33.845748" lon="24.750679">
        <ele>322.07</ele>
      </trkpt>
      <trkpt lat="-33.846295" lon="24.751368">
        <ele>318.57</ele>
      </trkpt>
      <trkpt lat="-33.846477" lon="24.751598">
        <ele>318.86</ele>
      </trkpt>
      <trkpt lat="-33.846931" lon="24.752193">
        <ele>322.95</ele>
      </trkpt>
      <trkpt lat="-33.84727" lon="24.752559">
        <ele>325.44</ele>
      </trkpt>
      <trkpt lat="-33.847493" lon="24.752773">
        <ele>327.16</ele>
      </trkpt>
      <trkpt lat="-33.847746" lon="24.752954">
        <ele>328.51</ele>
      </trkpt>
      <trkpt lat="-33.84806" lon="24.753137">
        <ele>330.64</ele>
      </trkpt>
      <trkpt lat="-33.849527" lon="24.754029">
        <ele>338.72</ele>
      </trkpt>
      <trkpt lat="-33.85076" lon="24.754901">
        <ele>344.29</ele>
      </trkpt>
      <trkpt lat="-33.851327" lon="24.755293">
        <ele>346.19</ele>
      </trkpt>
      <trkpt lat="-33.851503" lon="24.755401">
        <ele>346.58</ele>
      </trkpt>
      <trkpt lat="-33.851694" lon="24.755495">
        <ele>347.37</ele>
      </trkpt>
      <trkpt lat="-33.852156" lon="24.755672">
        <ele>349.49</ele>
      </trkpt>
      <trkpt lat="-33.852975" lon="24.755916">
        <ele>352.89</ele>
      </trkpt>
      <trkpt lat="-33.853473" lon="24.756011">
        <ele>354.82</ele>
      </trkpt>
      <trkpt lat="-33.854093" lon="24.756089">
        <ele>355</ele>
      </trkpt>
      <trkpt lat="-33.854249" lon="24.756092">
        <ele>354.19</ele>
      </trkpt>
      <trkpt lat="-33.85436" lon="24.756085">
        <ele>354.01</ele>
      </trkpt>
      <trkpt lat="-33.854475" lon="24.75606">
        <ele>353.67</ele>
      </trkpt>
      <trkpt lat="-33.854607" lon="24.756006">
        <ele>353.02</ele>
      </trkpt>
      <trkpt lat="-33.85471" lon="24.755945">
        <ele>351.96</ele>
      </trkpt>
      <trkpt lat="-33.854848" lon="24.755832">
        <ele>351.49</ele>
      </trkpt>
      <trkpt lat="-33.854991" lon="24.755699">
        <ele>350.26</ele>
      </trkpt>
      <trkpt lat="-33.855528" lon="24.755096">
        <ele>347.24</ele>
      </trkpt>
      <trkpt lat="-33.855996" lon="24.754587">
        <ele>345.99</ele>
      </trkpt>
      <trkpt lat="-33.856108" lon="24.754482">
        <ele>346.06</ele>
      </trkpt>
      <trkpt lat="-33.856334" lon="24.754299">
        <ele>345.76</ele>
      </trkpt>
      <trkpt lat="-33.856548" lon="24.75417">
        <ele>345.24</ele>
      </trkpt>
      <trkpt lat="-33.856696" lon="24.754096">
        <ele>345.03</ele>
      </trkpt>
      <trkpt lat="-33.856858" lon="24.754021">
        <ele>345.03</ele>
      </trkpt>
      <trkpt lat="-33.857068" lon="24.753936">
        <ele>345.52</ele>
      </trkpt>
      <trkpt lat="-33.857777" lon="24.753705">
        <ele>347.86</ele>
      </trkpt>
      <trkpt lat="-33.858433" lon="24.753514">
        <ele>348.9</ele>
      </trkpt>
      <trkpt lat="-33.859532" lon="24.753226">
        <ele>339.92</ele>
      </trkpt>
      <trkpt lat="-33.859705" lon="24.753148">
        <ele>339.08</ele>
      </trkpt>
      <trkpt lat="-33.859882" lon="24.753029">
        <ele>337.55</ele>
      </trkpt>
      <trkpt lat="-33.860123" lon="24.752822">
        <ele>337.06</ele>
      </trkpt>
      <trkpt lat="-33.860373" lon="24.752554">
        <ele>336.87</ele>
      </trkpt>
      <trkpt lat="-33.860935" lon="24.751904">
        <ele>338.95</ele>
      </trkpt>
      <trkpt lat="-33.861198" lon="24.751673">
        <ele>341.14</ele>
      </trkpt>
      <trkpt lat="-33.861282" lon="24.751614">
        <ele>342</ele>
      </trkpt>
      <trkpt lat="-33.861371" lon="24.75158">
        <ele>342.14</ele>
      </trkpt>
      <trkpt lat="-33.861468" lon="24.751572">
        <ele>342.61</ele>
      </trkpt>
      <trkpt lat="-33.861664" lon="24.751586">
        <ele>343.77</ele>
      </trkpt>
      <trkpt lat="-33.862057" lon="24.751647">
        <ele>345.47</ele>
      </trkpt>
      <trkpt lat="-33.863573" lon="24.751938">
        <ele>351</ele>
      </trkpt>
      <trkpt lat="-33.863803" lon="24.751969">
        <ele>351</ele>
      </trkpt>
      <trkpt lat="-33.864012" lon="24.751988">
        <ele>352</ele>
      </trkpt>
      <trkpt lat="-33.864271" lon="24.751975">
        <ele>352.97</ele>
      </trkpt>
      <trkpt lat="-33.864752" lon="24.751904">
        <ele>354.11</ele>
      </trkpt>
      <trkpt lat="-33.864988" lon="24.751849">
        <ele>355</ele>
      </trkpt>
      <trkpt lat="-33.865263" lon="24.75174">
        <ele>356.28</ele>
      </trkpt>
      <trkpt lat="-33.865446" lon="24.75165">
        <ele>357.81</ele>
      </trkpt>
      <trkpt lat="-33.865674" lon="24.751497">
        <ele>359.39</ele>
      </trkpt>
      <trkpt lat="-33.865799" lon="24.751387">
        <ele>360.44</ele>
      </trkpt>
      <trkpt lat="-33.86591" lon="24.751256">
        <ele>361.15</ele>
      </trkpt>
      <trkpt lat="-33.865994" lon="24.751111">
        <ele>361.9</ele>
      </trkpt>
      <trkpt lat="-33.866182" lon="24.750597">
        <ele>362.65</ele>
      </trkpt>
      <trkpt lat="-33.866259" lon="24.750335">
        <ele>363.05</ele>
      </trkpt>
      <trkpt lat="-33.86641" lon="24.749913">
        <ele>363.91</ele>
      </trkpt>
      <trkpt lat="-33.866457" lon="24.749809">
        <ele>364</ele>
      </trkpt>
      <trkpt lat="-33.86652" lon="24.749732">
        <ele>364</ele>
      </trkpt>
      <trkpt lat="-33.866568" lon="24.749689">
        <ele>364.21</ele>
      </trkpt>
      <trkpt lat="-33.866636" lon="24.749648">
        <ele>364.45</ele>
      </trkpt>
      <trkpt lat="-33.8667" lon="24.749624">
        <ele>364.59</ele>
      </trkpt>
      <trkpt lat="-33.866867" lon="24.749612">
        <ele>365</ele>
      </trkpt>
      <trkpt lat="-33.866936" lon="24.749619">
        <ele>365</ele>
      </trkpt>
      <trkpt lat="-33.867046" lon="24.749645">
        <ele>365</ele>
      </trkpt>
      <trkpt lat="-33.868696" lon="24.750143">
        <ele>367</ele>
      </trkpt>
      <trkpt lat="-33.869255" lon="24.750324">
        <ele>367</ele>
      </trkpt>
      <trkpt lat="-33.869437" lon="24.750408">
        <ele>368.15</ele>
      </trkpt>
      <trkpt lat="-33.869569" lon="24.750494">
        <ele>368.53</ele>
      </trkpt>
      <trkpt lat="-33.869763" lon="24.750643">
        <ele>368</ele>
      </trkpt>
      <trkpt lat="-33.869953" lon="24.750807">
        <ele>367.71</ele>
      </trkpt>
      <trkpt lat="-33.87035" lon="24.751194">
        <ele>366</ele>
      </trkpt>
      <trkpt lat="-33.870492" lon="24.751367">
        <ele>365.99</ele>
      </trkpt>
      <trkpt lat="-33.870711" lon="24.751719">
        <ele>364.44</ele>
      </trkpt>
      <trkpt lat="-33.87081" lon="24.751906">
        <ele>363.32</ele>
      </trkpt>
      <trkpt lat="-33.870885" lon="24.752121">
        <ele>362.36</ele>
      </trkpt>
      <trkpt lat="-33.870934" lon="24.752328">
        <ele>361.41</ele>
      </trkpt>
      <trkpt lat="-33.870986" lon="24.752628">
        <ele>359.11</ele>
      </trkpt>
      <trkpt lat="-33.871188" lon="24.753943">
        <ele>348.47</ele>
      </trkpt>
      <trkpt lat="-33.87127" lon="24.754578">
        <ele>342.79</ele>
      </trkpt>
      <trkpt lat="-33.871308" lon="24.754815">
        <ele>341.3</ele>
      </trkpt>
      <trkpt lat="-33.871401" lon="24.755176">
        <ele>340.3</ele>
      </trkpt>
      <trkpt lat="-33.871507" lon="24.755427">
        <ele>340</ele>
      </trkpt>
      <trkpt lat="-33.871655" lon="24.755696">
        <ele>340</ele>
      </trkpt>
      <trkpt lat="-33.871773" lon="24.755878">
        <ele>340.89</ele>
      </trkpt>
      <trkpt lat="-33.871919" lon="24.756058">
        <ele>341.65</ele>
      </trkpt>
      <trkpt lat="-33.871976" lon="24.756128">
        <ele>341.94</ele>
      </trkpt>
      <trkpt lat="-33.872638" lon="24.756831">
        <ele>345</ele>
      </trkpt>
      <trkpt lat="-33.873192" lon="24.757479">
        <ele>346.95</ele>
      </trkpt>
      <trkpt lat="-33.873753" lon="24.758422">
        <ele>347.37</ele>
      </trkpt>
      <trkpt lat="-33.874347" lon="24.759379">
        <ele>352.66</ele>
      </trkpt>
      <trkpt lat="-33.87505" lon="24.760622">
        <ele>361.36</ele>
      </trkpt>
      <trkpt lat="-33.87514" lon="24.760792">
        <ele>362.4</ele>
      </trkpt>
      <trkpt lat="-33.875215" lon="24.760963">
        <ele>363.34</ele>
      </trkpt>
      <trkpt lat="-33.87531" lon="24.761211">
        <ele>365.34</ele>
      </trkpt>
      <trkpt lat="-33.875377" lon="24.761424">
        <ele>366.28</ele>
      </trkpt>
      <trkpt lat="-33.875443" lon="24.761685">
        <ele>367.54</ele>
      </trkpt>
      <trkpt lat="-33.875495" lon="24.76198">
        <ele>368.43</ele>
      </trkpt>
      <trkpt lat="-33.875505" lon="24.762148">
        <ele>368.36</ele>
      </trkpt>
      <trkpt lat="-33.875511" lon="24.76275">
        <ele>368.81</ele>
      </trkpt>
      <trkpt lat="-33.875541" lon="24.763237">
        <ele>370</ele>
      </trkpt>
      <trkpt lat="-33.875579" lon="24.763556">
        <ele>370</ele>
      </trkpt>
      <trkpt lat="-33.875646" lon="24.763941">
        <ele>370.41</ele>
      </trkpt>
      <trkpt lat="-33.875676" lon="24.764171">
        <ele>371</ele>
      </trkpt>
      <trkpt lat="-33.875693" lon="24.764443">
        <ele>371</ele>
      </trkpt>
      <trkpt lat="-33.875696" lon="24.764664">
        <ele>371</ele>
      </trkpt>
      <trkpt lat="-33.875682" lon="24.765687">
        <ele>370.88</ele>
      </trkpt>
      <trkpt lat="-33.8757" lon="24.765909">
        <ele>371.01</ele>
      </trkpt>
      <trkpt lat="-33.875739" lon="24.766123">
        <ele>371.28</ele>
      </trkpt>
      <trkpt lat="-33.875828" lon="24.766454">
        <ele>371.9</ele>
      </trkpt>
      <trkpt lat="-33.875919" lon="24.766671">
        <ele>372.54</ele>
      </trkpt>
      <trkpt lat="-33.87611" lon="24.767054">
        <ele>372.25</ele>
      </trkpt>
      <trkpt lat="-33.87655" lon="24.767929">
        <ele>367.2</ele>
      </trkpt>
      <trkpt lat="-33.876919" lon="24.768605">
        <ele>361.58</ele>
      </trkpt>
      <trkpt lat="-33.877119" lon="24.768929">
        <ele>359.02</ele>
      </trkpt>
      <trkpt lat="-33.877347" lon="24.769325">
        <ele>357.02</ele>
      </trkpt>
      <trkpt lat="-33.877515" lon="24.769654">
        <ele>354.84</ele>
      </trkpt>
      <trkpt lat="-33.877818" lon="24.770447">
        <ele>350.36</ele>
      </trkpt>
      <trkpt lat="-33.877913" lon="24.770664">
        <ele>348.51</ele>
      </trkpt>
      <trkpt lat="-33.878173" lon="24.771185">
        <ele>342.46</ele>
      </trkpt>
      <trkpt lat="-33.878352" lon="24.771583">
        <ele>338.83</ele>
      </trkpt>
      <trkpt lat="-33.878648" lon="24.772367">
        <ele>332.59</ele>
      </trkpt>
      <trkpt lat="-33.879074" lon="24.773477">
        <ele>326.54</ele>
      </trkpt>
      <trkpt lat="-33.879279" lon="24.774091">
        <ele>322.42</ele>
      </trkpt>
      <trkpt lat="-33.879711" lon="24.77528">
        <ele>314.55</ele>
      </trkpt>
      <trkpt lat="-33.879952" lon="24.775877">
        <ele>310.94</ele>
      </trkpt>
      <trkpt lat="-33.880775" lon="24.777648">
        <ele>302.85</ele>
      </trkpt>
      <trkpt lat="-33.881255" lon="24.77855">
        <ele>298.31</ele>
      </trkpt>
      <trkpt lat="-33.881524" lon="24.778961">
        <ele>296.83</ele>
      </trkpt>
      <trkpt lat="-33.881834" lon="24.779387">
        <ele>293.09</ele>
      </trkpt>
      <trkpt lat="-33.881911" lon="24.77954">
        <ele>291.15</ele>
      </trkpt>
      <trkpt lat="-33.881965" lon="24.779754">
        <ele>289.54</ele>
      </trkpt>
      <trkpt lat="-33.88198" lon="24.779884">
        <ele>289.01</ele>
      </trkpt>
      <trkpt lat="-33.882016" lon="24.780586">
        <ele>287</ele>
      </trkpt>
      <trkpt lat="-33.882024" lon="24.780663">
        <ele>287</ele>
      </trkpt>
      <trkpt lat="-33.88205" lon="24.780762">
        <ele>286.79</ele>
      </trkpt>
      <trkpt lat="-33.882078" lon="24.780823">
        <ele>286.46</ele>
      </trkpt>
      <trkpt lat="-33.882207" lon="24.781033">
        <ele>286.56</ele>
      </trkpt>
      <trkpt lat="-33.882461" lon="24.781377">
        <ele>287.69</ele>
      </trkpt>
      <trkpt lat="-33.882679" lon="24.78169">
        <ele>289.02</ele>
      </trkpt>
      <trkpt lat="-33.882885" lon="24.782005">
        <ele>290.32</ele>
      </trkpt>
      <trkpt lat="-33.883005" lon="24.782221">
        <ele>291.15</ele>
      </trkpt>
      <trkpt lat="-33.883069" lon="24.782364">
        <ele>292.68</ele>
      </trkpt>
      <trkpt lat="-33.883113" lon="24.782502">
        <ele>294.09</ele>
      </trkpt>
      <trkpt lat="-33.883176" lon="24.782718">
        <ele>295.82</ele>
      </trkpt>
      <trkpt lat="-33.883226" lon="24.783027">
        <ele>299.24</ele>
      </trkpt>
      <trkpt lat="-33.883291" lon="24.784032">
        <ele>308.92</ele>
      </trkpt>
      <trkpt lat="-33.88334" lon="24.784301">
        <ele>311.53</ele>
      </trkpt>
      <trkpt lat="-33.883404" lon="24.784496">
        <ele>313.33</ele>
      </trkpt>
      <trkpt lat="-33.883752" lon="24.785182">
        <ele>320.15</ele>
      </trkpt>
      <trkpt lat="-33.883905" lon="24.785472">
        <ele>321.83</ele>
      </trkpt>
      <trkpt lat="-33.884211" lon="24.786052">
        <ele>322</ele>
      </trkpt>
      <trkpt lat="-33.884583" lon="24.786841">
        <ele>320</ele>
      </trkpt>
      <trkpt lat="-33.884773" lon="24.787287">
        <ele>319</ele>
      </trkpt>
      <trkpt lat="-33.884831" lon="24.787491">
        <ele>318.45</ele>
      </trkpt>
      <trkpt lat="-33.884874" lon="24.787672">
        <ele>318</ele>
      </trkpt>
      <trkpt lat="-33.884927" lon="24.788065">
        <ele>316.66</ele>
      </trkpt>
      <trkpt lat="-33.884935" lon="24.788319">
        <ele>315.88</ele>
      </trkpt>
      <trkpt lat="-33.884931" lon="24.788636">
        <ele>314.92</ele>
      </trkpt>
      <trkpt lat="-33.884901" lon="24.789271">
        <ele>312.52</ele>
      </trkpt>
      <trkpt lat="-33.88486" lon="24.789864">
        <ele>309.79</ele>
      </trkpt>
      <trkpt lat="-33.884773" lon="24.790635">
        <ele>305.15</ele>
      </trkpt>
      <trkpt lat="-33.884719" lon="24.791024">
        <ele>302.91</ele>
      </trkpt>
      <trkpt lat="-33.884627" lon="24.79151">
        <ele>300.55</ele>
      </trkpt>
      <trkpt lat="-33.884572" lon="24.791749">
        <ele>299.09</ele>
      </trkpt>
      <trkpt lat="-33.884473" lon="24.792094">
        <ele>297.81</ele>
      </trkpt>
      <trkpt lat="-33.884347" lon="24.792479">
        <ele>296.56</ele>
      </trkpt>
      <trkpt lat="-33.883877" lon="24.793706">
        <ele>292.54</ele>
      </trkpt>
      <trkpt lat="-33.883827" lon="24.793855">
        <ele>291.92</ele>
      </trkpt>
      <trkpt lat="-33.883791" lon="24.79401">
        <ele>291.51</ele>
      </trkpt>
      <trkpt lat="-33.883742" lon="24.794363">
        <ele>289.8</ele>
      </trkpt>
      <trkpt lat="-33.883733" lon="24.794537">
        <ele>288.72</ele>
      </trkpt>
      <trkpt lat="-33.883752" lon="24.794724">
        <ele>287.39</ele>
      </trkpt>
      <trkpt lat="-33.883781" lon="24.794898">
        <ele>286.18</ele>
      </trkpt>
      <trkpt lat="-33.883846" lon="24.795125">
        <ele>285.1</ele>
      </trkpt>
      <trkpt lat="-33.883899" lon="24.795275">
        <ele>284.24</ele>
      </trkpt>
      <trkpt lat="-33.883973" lon="24.795435">
        <ele>283.2</ele>
      </trkpt>
      <trkpt lat="-33.884665" lon="24.796729">
        <ele>277.71</ele>
      </trkpt>
      <trkpt lat="-33.884897" lon="24.797052">
        <ele>276.84</ele>
      </trkpt>
      <trkpt lat="-33.885333" lon="24.79758">
        <ele>274.77</ele>
      </trkpt>
      <trkpt lat="-33.885704" lon="24.798093">
        <ele>273.79</ele>
      </trkpt>
      <trkpt lat="-33.885903" lon="24.79839">
        <ele>273.03</ele>
      </trkpt>
      <trkpt lat="-33.88645" lon="24.799171">
        <ele>270.15</ele>
      </trkpt>
      <trkpt lat="-33.886672" lon="24.799434">
        <ele>268.99</ele>
      </trkpt>
      <trkpt lat="-33.887519" lon="24.800279">
        <ele>267.08</ele>
      </trkpt>
      <trkpt lat="-33.8878" lon="24.800587">
        <ele>266.82</ele>
      </trkpt>
      <trkpt lat="-33.888553" lon="24.801511">
        <ele>265.02</ele>
      </trkpt>
      <trkpt lat="-33.889177" lon="24.802261">
        <ele>264.22</ele>
      </trkpt>
      <trkpt lat="-33.889895" lon="24.803225">
        <ele>264.97</ele>
      </trkpt>
      <trkpt lat="-33.891549" lon="24.805333">
        <ele>263.69</ele>
      </trkpt>
      <trkpt lat="-33.892093" lon="24.80601">
        <ele>261.75</ele>
      </trkpt>
      <trkpt lat="-33.892988" lon="24.807051">
        <ele>257.06</ele>
      </trkpt>
      <trkpt lat="-33.893224" lon="24.807411">
        <ele>256.9</ele>
      </trkpt>
      <trkpt lat="-33.893344" lon="24.807608">
        <ele>256.47</ele>
      </trkpt>
      <trkpt lat="-33.893456" lon="24.807827">
        <ele>256</ele>
      </trkpt>
      <trkpt lat="-33.893605" lon="24.808152">
        <ele>255</ele>
      </trkpt>
      <trkpt lat="-33.893949" lon="24.809134">
        <ele>252.59</ele>
      </trkpt>
      <trkpt lat="-33.894105" lon="24.80965">
        <ele>251.59</ele>
      </trkpt>
      <trkpt lat="-33.894604" lon="24.81171">
        <ele>249</ele>
      </trkpt>
      <trkpt lat="-33.894869" lon="24.812949">
        <ele>247</ele>
      </trkpt>
      <trkpt lat="-33.895043" lon="24.81371">
        <ele>245</ele>
      </trkpt>
      <trkpt lat="-33.895189" lon="24.814166">
        <ele>244</ele>
      </trkpt>
      <trkpt lat="-33.89527" lon="24.814364">
        <ele>243.17</ele>
      </trkpt>
      <trkpt lat="-33.895375" lon="24.814561">
        <ele>243</ele>
      </trkpt>
      <trkpt lat="-33.895836" lon="24.815263">
        <ele>240</ele>
      </trkpt>
      <trkpt lat="-33.896084" lon="24.815582">
        <ele>239.23</ele>
      </trkpt>
      <trkpt lat="-33.896321" lon="24.815929">
        <ele>239</ele>
      </trkpt>
      <trkpt lat="-33.896708" lon="24.816625">
        <ele>237.03</ele>
      </trkpt>
      <trkpt lat="-33.896824" lon="24.816936">
        <ele>236.05</ele>
      </trkpt>
      <trkpt lat="-33.897275" lon="24.818414">
        <ele>229.57</ele>
      </trkpt>
      <trkpt lat="-33.89757" lon="24.819411">
        <ele>224.82</ele>
      </trkpt>
      <trkpt lat="-33.897747" lon="24.820026">
        <ele>223.58</ele>
      </trkpt>
      <trkpt lat="-33.89804" lon="24.820945">
        <ele>221.54</ele>
      </trkpt>
      <trkpt lat="-33.898382" lon="24.821908">
        <ele>219.14</ele>
      </trkpt>
      <trkpt lat="-33.899102" lon="24.8238">
        <ele>214.71</ele>
      </trkpt>
      <trkpt lat="-33.899948" lon="24.826016">
        <ele>222.83</ele>
      </trkpt>
      <trkpt lat="-33.900548" lon="24.827542">
        <ele>223.98</ele>
      </trkpt>
      <trkpt lat="-33.900759" lon="24.828078">
        <ele>222.4</ele>
      </trkpt>
      <trkpt lat="-33.900757" lon="24.828073">
        <ele>221.95294886093026</ele>
      </trkpt>
      <trkpt lat="-33.900757" lon="24.828073">
        <ele>222.41</ele>
      </trkpt>
      <trkpt lat="-33.900846" lon="24.828269">
        <ele>221.74</ele>
      </trkpt>
      <trkpt lat="-33.900922" lon="24.828434">
        <ele>221.17</ele>
      </trkpt>
      <trkpt lat="-33.900987" lon="24.828545">
        <ele>220.85</ele>
      </trkpt>
      <trkpt lat="-33.901084" lon="24.828683">
        <ele>220.72</ele>
      </trkpt>
      <trkpt lat="-33.901587" lon="24.829289">
        <ele>220.72</ele>
      </trkpt>
      <trkpt lat="-33.901796" lon="24.829504">
        <ele>219.98</ele>
      </trkpt>
      <trkpt lat="-33.902007" lon="24.829717">
        <ele>221.43</ele>
      </trkpt>
      <trkpt lat="-33.902088" lon="24.829786">
        <ele>221.8</ele>
      </trkpt>
      <trkpt lat="-33.902088" lon="24.829786">
        <ele>221.8</ele>
      </trkpt>
      <trkpt lat="-33.902088" lon="24.829786">
        <ele>221.8</ele>
      </trkpt>
      <trkpt lat="-33.902417" lon="24.830066">
        <ele>223.29</ele>
      </trkpt>
      <trkpt lat="-33.902416547838435" lon="24.83006715774536">
        <ele>223.4375</ele>
      </trkpt>
      <trkpt lat="-33.902634" lon="24.83025">
        <ele>224.28</ele>
      </trkpt>
      <trkpt lat="-33.90271" lon="24.830315">
        <ele>224.62</ele>
      </trkpt>
      <trkpt lat="-33.903379" lon="24.830743">
        <ele>224.96</ele>
      </trkpt>
      <trkpt lat="-33.90368" lon="24.830863">
        <ele>224.26</ele>
      </trkpt>
      <trkpt lat="-33.90445" lon="24.831171">
        <ele>222.47</ele>
      </trkpt>
      <trkpt lat="-33.905242" lon="24.831466">
        <ele>218.76</ele>
      </trkpt>
      <trkpt lat="-33.905505" lon="24.831564">
        <ele>218.99</ele>
      </trkpt>
      <trkpt lat="-33.906258" lon="24.831868">
        <ele>218.85</ele>
      </trkpt>
      <trkpt lat="-33.90668" lon="24.832105">
        <ele>218.08</ele>
      </trkpt>
      <trkpt lat="-33.906957" lon="24.832246">
        <ele>218.37</ele>
      </trkpt>
      <trkpt lat="-33.907134" lon="24.832355">
        <ele>218.75</ele>
      </trkpt>
      <trkpt lat="-33.907337" lon="24.832559">
        <ele>219.35</ele>
      </trkpt>
      <trkpt lat="-33.907839" lon="24.833175">
        <ele>223.11</ele>
      </trkpt>
      <trkpt lat="-33.908052" lon="24.83341">
        <ele>224.6</ele>
      </trkpt>
      <trkpt lat="-33.908622" lon="24.833863">
        <ele>227</ele>
      </trkpt>
      <trkpt lat="-33.909064" lon="24.834223">
        <ele>227</ele>
      </trkpt>
      <trkpt lat="-33.909906" lon="24.835018">
        <ele>225.41</ele>
      </trkpt>
      <trkpt lat="-33.910233" lon="24.835368">
        <ele>225</ele>
      </trkpt>
      <trkpt lat="-33.910491" lon="24.835686">
        <ele>224</ele>
      </trkpt>
      <trkpt lat="-33.910859" lon="24.836192">
        <ele>223</ele>
      </trkpt>
      <trkpt lat="-33.911273" lon="24.836637">
        <ele>222</ele>
      </trkpt>
      <trkpt lat="-33.912015" lon="24.83729">
        <ele>221.07</ele>
      </trkpt>
      <trkpt lat="-33.912551" lon="24.837826">
        <ele>222.23</ele>
      </trkpt>
      <trkpt lat="-33.913249" lon="24.838384">
        <ele>224</ele>
      </trkpt>
      <trkpt lat="-33.913593" lon="24.838689">
        <ele>225.24</ele>
      </trkpt>
      <trkpt lat="-33.914223" lon="24.839357">
        <ele>227</ele>
      </trkpt>
      <trkpt lat="-33.914844" lon="24.839971">
        <ele>226</ele>
      </trkpt>
      <trkpt lat="-33.915163" lon="24.840353">
        <ele>224.58</ele>
      </trkpt>
      <trkpt lat="-33.915485" lon="24.840713">
        <ele>223.33</ele>
      </trkpt>
      <trkpt lat="-33.916126" lon="24.841326">
        <ele>219.41</ele>
      </trkpt>
      <trkpt lat="-33.917334" lon="24.842489">
        <ele>215.71</ele>
      </trkpt>
      <trkpt lat="-33.918273" lon="24.843427">
        <ele>212.58</ele>
      </trkpt>
      <trkpt lat="-33.918645" lon="24.843782">
        <ele>211.03</ele>
      </trkpt>
      <trkpt lat="-33.919018" lon="24.844136">
        <ele>211.4</ele>
      </trkpt>
      <trkpt lat="-33.919577" lon="24.844614">
        <ele>213.14</ele>
      </trkpt>
      <trkpt lat="-33.92021" lon="24.845228">
        <ele>215.42</ele>
      </trkpt>
      <trkpt lat="-33.921222" lon="24.846202">
        <ele>216.12</ele>
      </trkpt>
      <trkpt lat="-33.922333" lon="24.847286">
        <ele>212.35</ele>
      </trkpt>
      <trkpt lat="-33.923685" lon="24.848583">
        <ele>202.2</ele>
      </trkpt>
      <trkpt lat="-33.923816" lon="24.848659">
        <ele>201.75</ele>
      </trkpt>
      <trkpt lat="-33.924183" lon="24.848821">
        <ele>199.91</ele>
      </trkpt>
      <trkpt lat="-33.924362" lon="24.848892">
        <ele>199.06</ele>
      </trkpt>
      <trkpt lat="-33.924536" lon="24.84893">
        <ele>198.2</ele>
      </trkpt>
      <trkpt lat="-33.924788" lon="24.848964">
        <ele>198</ele>
      </trkpt>
      <trkpt lat="-33.925738" lon="24.849031">
        <ele>199</ele>
      </trkpt>
      <trkpt lat="-33.925915" lon="24.84909">
        <ele>198.79</ele>
      </trkpt>
      <trkpt lat="-33.926118" lon="24.84921">
        <ele>199.23</ele>
      </trkpt>
      <trkpt lat="-33.92639" lon="24.849412">
        <ele>199.5</ele>
      </trkpt>
      <trkpt lat="-33.926637" lon="24.849609">
        <ele>199.14</ele>
      </trkpt>
      <trkpt lat="-33.927099" lon="24.849945">
        <ele>198.69</ele>
      </trkpt>
      <trkpt lat="-33.927538" lon="24.850313">
        <ele>198.69</ele>
      </trkpt>
      <trkpt lat="-33.927813" lon="24.850558">
        <ele>198.19</ele>
      </trkpt>
      <trkpt lat="-33.928082" lon="24.850842">
        <ele>197.96</ele>
      </trkpt>
      <trkpt lat="-33.928223" lon="24.851006">
        <ele>197.93</ele>
      </trkpt>
      <trkpt lat="-33.928368" lon="24.851235">
        <ele>198.06</ele>
      </trkpt>
      <trkpt lat="-33.928469" lon="24.851453">
        <ele>198.16</ele>
      </trkpt>
      <trkpt lat="-33.9286" lon="24.851825">
        <ele>197.78</ele>
      </trkpt>
      <trkpt lat="-33.928786" lon="24.852414">
        <ele>197.13</ele>
      </trkpt>
      <trkpt lat="-33.928893" lon="24.852657">
        <ele>196.38</ele>
      </trkpt>
      <trkpt lat="-33.929161" lon="24.853083">
        <ele>194.54</ele>
      </trkpt>
      <trkpt lat="-33.929393" lon="24.85349">
        <ele>192.96</ele>
      </trkpt>
      <trkpt lat="-33.92974" lon="24.854268">
        <ele>190.18</ele>
      </trkpt>
      <trkpt lat="-33.929939" lon="24.854602">
        <ele>189.01</ele>
      </trkpt>
      <trkpt lat="-33.930237" lon="24.854996">
        <ele>186.91</ele>
      </trkpt>
      <trkpt lat="-33.930497" lon="24.855403">
        <ele>185</ele>
      </trkpt>
      <trkpt lat="-33.930631" lon="24.85568">
        <ele>184.2</ele>
      </trkpt>
      <trkpt lat="-33.930751" lon="24.85595">
        <ele>184</ele>
      </trkpt>
      <trkpt lat="-33.930932" lon="24.85639">
        <ele>183</ele>
      </trkpt>
      <trkpt lat="-33.931247" lon="24.857447">
        <ele>182</ele>
      </trkpt>
      <trkpt lat="-33.931358" lon="24.857742">
        <ele>182</ele>
      </trkpt>
      <trkpt lat="-33.93165" lon="24.858366">
        <ele>182</ele>
      </trkpt>
      <trkpt lat="-33.931892" lon="24.858933">
        <ele>183.98</ele>
      </trkpt>
      <trkpt lat="-33.932108" lon="24.859344">
        <ele>185</ele>
      </trkpt>
      <trkpt lat="-33.932284" lon="24.859604">
        <ele>185.84</ele>
      </trkpt>
      <trkpt lat="-33.932449" lon="24.859797">
        <ele>186</ele>
      </trkpt>
      <trkpt lat="-33.9326" lon="24.859922">
        <ele>186.69</ele>
      </trkpt>
      <trkpt lat="-33.932725" lon="24.859991">
        <ele>187.04</ele>
      </trkpt>
      <trkpt lat="-33.933121" lon="24.860149">
        <ele>187.76</ele>
      </trkpt>
      <trkpt lat="-33.933379" lon="24.860276">
        <ele>187.71</ele>
      </trkpt>
      <trkpt lat="-33.93413" lon="24.860732">
        <ele>187.19</ele>
      </trkpt>
      <trkpt lat="-33.934287" lon="24.8608">
        <ele>187.62</ele>
      </trkpt>
      <trkpt lat="-33.934479" lon="24.860839">
        <ele>188.76</ele>
      </trkpt>
      <trkpt lat="-33.934789" lon="24.860863">
        <ele>190.94</ele>
      </trkpt>
      <trkpt lat="-33.935406" lon="24.860907">
        <ele>192.26</ele>
      </trkpt>
      <trkpt lat="-33.9357" lon="24.860942">
        <ele>193</ele>
      </trkpt>
      <trkpt lat="-33.935888" lon="24.860981">
        <ele>193</ele>
      </trkpt>
      <trkpt lat="-33.936156" lon="24.861053">
        <ele>193</ele>
      </trkpt>
      <trkpt lat="-33.936517" lon="24.861169">
        <ele>192.06</ele>
      </trkpt>
      <trkpt lat="-33.937164" lon="24.861316">
        <ele>190.2</ele>
      </trkpt>
      <trkpt lat="-33.937601" lon="24.861432">
        <ele>189.36</ele>
      </trkpt>
      <trkpt lat="-33.93781" lon="24.861471">
        <ele>189.41</ele>
      </trkpt>
      <trkpt lat="-33.938183" lon="24.861499">
        <ele>190.14</ele>
      </trkpt>
      <trkpt lat="-33.938536" lon="24.86154">
        <ele>189.81</ele>
      </trkpt>
      <trkpt lat="-33.939151" lon="24.861626">
        <ele>185.5</ele>
      </trkpt>
      <trkpt lat="-33.939399" lon="24.86165">
        <ele>183.76</ele>
      </trkpt>
      <trkpt lat="-33.939856" lon="24.861621">
        <ele>180.99</ele>
      </trkpt>
      <trkpt lat="-33.940415" lon="24.861532">
        <ele>177.98</ele>
      </trkpt>
      <trkpt lat="-33.94079" lon="24.861549">
        <ele>176.01</ele>
      </trkpt>
      <trkpt lat="-33.94138" lon="24.861594">
        <ele>173.51</ele>
      </trkpt>
      <trkpt lat="-33.942392" lon="24.86163">
        <ele>169.78</ele>
      </trkpt>
      <trkpt lat="-33.942542" lon="24.861619">
        <ele>168.73</ele>
      </trkpt>
      <trkpt lat="-33.94267" lon="24.861582">
        <ele>167.84</ele>
      </trkpt>
      <trkpt lat="-33.942841" lon="24.86149">
        <ele>166.64</ele>
      </trkpt>
      <trkpt lat="-33.942987" lon="24.86135">
        <ele>165.6</ele>
      </trkpt>
      <trkpt lat="-33.943072" lon="24.861199">
        <ele>164.14</ele>
      </trkpt>
      <trkpt lat="-33.943126" lon="24.861006">
        <ele>162.64</ele>
      </trkpt>
      <trkpt lat="-33.943158" lon="24.860826">
        <ele>161.78</ele>
      </trkpt>
      <trkpt lat="-33.943167" lon="24.860648">
        <ele>160.59</ele>
      </trkpt>
      <trkpt lat="-33.943148" lon="24.860431">
        <ele>158.95</ele>
      </trkpt>
      <trkpt lat="-33.943085" lon="24.859985">
        <ele>155.04</ele>
      </trkpt>
      <trkpt lat="-33.943008" lon="24.859704">
        <ele>152.78</ele>
      </trkpt>
      <trkpt lat="-33.942903" lon="24.859431">
        <ele>150.74</ele>
      </trkpt>
      <trkpt lat="-33.942733" lon="24.8591">
        <ele>148.07</ele>
      </trkpt>
      <trkpt lat="-33.942542" lon="24.8588">
        <ele>145.84</ele>
      </trkpt>
      <trkpt lat="-33.942253" lon="24.858451">
        <ele>142.83</ele>
      </trkpt>
      <trkpt lat="-33.942044" lon="24.858212">
        <ele>140.94</ele>
      </trkpt>
      <trkpt lat="-33.941458" lon="24.857478">
        <ele>136.77</ele>
      </trkpt>
      <trkpt lat="-33.940778" lon="24.856695">
        <ele>128.7</ele>
      </trkpt>
      <trkpt lat="-33.940674" lon="24.85652">
        <ele>125</ele>
      </trkpt>
      <trkpt lat="-33.940609" lon="24.856346">
        <ele>122.35</ele>
      </trkpt>
      <trkpt lat="-33.940591" lon="24.856235">
        <ele>121.44</ele>
      </trkpt>
      <trkpt lat="-33.940595" lon="24.856132">
        <ele>121.04</ele>
      </trkpt>
      <trkpt lat="-33.940637" lon="24.856035">
        <ele>121</ele>
      </trkpt>
      <trkpt lat="-33.940843" lon="24.855739">
        <ele>118.01</ele>
      </trkpt>
      <trkpt lat="-33.940889" lon="24.85571">
        <ele>117.52</ele>
      </trkpt>
      <trkpt lat="-33.940939" lon="24.855706">
        <ele>117.14</ele>
      </trkpt>
      <trkpt lat="-33.941254" lon="24.855738">
        <ele>114.04</ele>
      </trkpt>
      <trkpt lat="-33.941436" lon="24.855733">
        <ele>112.66</ele>
      </trkpt>
      <trkpt lat="-33.941582" lon="24.855706">
        <ele>112.53</ele>
      </trkpt>
      <trkpt lat="-33.941793" lon="24.855708">
        <ele>113.04</ele>
      </trkpt>
      <trkpt lat="-33.942177" lon="24.855856">
        <ele>116.33</ele>
      </trkpt>
      <trkpt lat="-33.942294" lon="24.855882">
        <ele>117.65</ele>
      </trkpt>
      <trkpt lat="-33.942569" lon="24.855926">
        <ele>120.78</ele>
      </trkpt>
      <trkpt lat="-33.942787" lon="24.855947">
        <ele>123.24</ele>
      </trkpt>
      <trkpt lat="-33.943211" lon="24.855957">
        <ele>126.04</ele>
      </trkpt>
      <trkpt lat="-33.94334" lon="24.855951">
        <ele>126.54</ele>
      </trkpt>
      <trkpt lat="-33.943513" lon="24.855925">
        <ele>128.23</ele>
      </trkpt>
      <trkpt lat="-33.943935" lon="24.855829">
        <ele>132.53</ele>
      </trkpt>
      <trkpt lat="-33.944263" lon="24.855792">
        <ele>134.7</ele>
      </trkpt>
      <trkpt lat="-33.944632" lon="24.855791">
        <ele>136.88</ele>
      </trkpt>
      <trkpt lat="-33.944901" lon="24.855801">
        <ele>139.2</ele>
      </trkpt>
      <trkpt lat="-33.945529" lon="24.855854">
        <ele>142.96</ele>
      </trkpt>
      <trkpt lat="-33.945643" lon="24.855843">
        <ele>144.19</ele>
      </trkpt>
      <trkpt lat="-33.94575" lon="24.855828">
        <ele>144.79</ele>
      </trkpt>
      <trkpt lat="-33.945919" lon="24.855778">
        <ele>147.77</ele>
      </trkpt>
      <trkpt lat="-33.946012" lon="24.855733">
        <ele>150.26</ele>
      </trkpt>
      <trkpt lat="-33.946128" lon="24.855649">
        <ele>155.27</ele>
      </trkpt>
      <trkpt lat="-33.946202" lon="24.855646">
        <ele>156.93</ele>
      </trkpt>
      <trkpt lat="-33.94625" lon="24.855677">
        <ele>157.23</ele>
      </trkpt>
      <trkpt lat="-33.946278" lon="24.855766">
        <ele>155.09</ele>
      </trkpt>
      <trkpt lat="-33.946328" lon="24.855855">
        <ele>153.74</ele>
      </trkpt>
      <trkpt lat="-33.94641" lon="24.855962">
        <ele>153.02</ele>
      </trkpt>
      <trkpt lat="-33.946548" lon="24.856055">
        <ele>154.55</ele>
      </trkpt>
      <trkpt lat="-33.94678" lon="24.856171">
        <ele>157.68</ele>
      </trkpt>
      <trkpt lat="-33.9471" lon="24.856277">
        <ele>161.36</ele>
      </trkpt>
      <trkpt lat="-33.947362" lon="24.85641">
        <ele>163.27</ele>
      </trkpt>
      <trkpt lat="-33.947503" lon="24.856523">
        <ele>162.62</ele>
      </trkpt>
      <trkpt lat="-33.947636" lon="24.856577">
        <ele>163.23</ele>
      </trkpt>
      <trkpt lat="-33.947788" lon="24.856599">
        <ele>164.46</ele>
      </trkpt>
      <trkpt lat="-33.947975" lon="24.856575">
        <ele>167.59</ele>
      </trkpt>
      <trkpt lat="-33.948142" lon="24.856533">
        <ele>171.1</ele>
      </trkpt>
      <trkpt lat="-33.948237" lon="24.856527">
        <ele>172.64</ele>
      </trkpt>
      <trkpt lat="-33.948368" lon="24.85656">
        <ele>173.32</ele>
      </trkpt>
      <trkpt lat="-33.948553" lon="24.856639">
        <ele>173.17</ele>
      </trkpt>
      <trkpt lat="-33.948665" lon="24.856651">
        <ele>173.96</ele>
      </trkpt>
      <trkpt lat="-33.948833" lon="24.856617">
        <ele>175.5</ele>
      </trkpt>
      <trkpt lat="-33.948967" lon="24.856569">
        <ele>177.81</ele>
      </trkpt>
      <trkpt lat="-33.949101" lon="24.856514">
        <ele>179.95</ele>
      </trkpt>
      <trkpt lat="-33.949227" lon="24.856439">
        <ele>182.9</ele>
      </trkpt>
      <trkpt lat="-33.949285" lon="24.856431">
        <ele>183.56</ele>
      </trkpt>
      <trkpt lat="-33.94935" lon="24.856433">
        <ele>183.96</ele>
      </trkpt>
      <trkpt lat="-33.949529" lon="24.856468">
        <ele>184.94</ele>
      </trkpt>
      <trkpt lat="-33.949622" lon="24.856475">
        <ele>185.87</ele>
      </trkpt>
      <trkpt lat="-33.949718" lon="24.85647">
        <ele>186.71</ele>
      </trkpt>
      <trkpt lat="-33.949852" lon="24.85643">
        <ele>188.53</ele>
      </trkpt>
      <trkpt lat="-33.950095" lon="24.85628">
        <ele>191.07</ele>
      </trkpt>
      <trkpt lat="-33.950201" lon="24.856195">
        <ele>191.97</ele>
      </trkpt>
      <trkpt lat="-33.950344" lon="24.856013">
        <ele>193</ele>
      </trkpt>
      <trkpt lat="-33.950577" lon="24.85558">
        <ele>193</ele>
      </trkpt>
      <trkpt lat="-33.951101" lon="24.854689">
        <ele>194</ele>
      </trkpt>
      <trkpt lat="-33.952052" lon="24.852946">
        <ele>198.86</ele>
      </trkpt>
      <trkpt lat="-33.952412" lon="24.852383">
        <ele>200.08</ele>
      </trkpt>
      <trkpt lat="-33.952896" lon="24.851687">
        <ele>201.17</ele>
      </trkpt>
      <trkpt lat="-33.953432" lon="24.850878">
        <ele>201.36</ele>
      </trkpt>
      <trkpt lat="-33.953706" lon="24.850443">
        <ele>202</ele>
      </trkpt>
      <trkpt lat="-33.953781" lon="24.85036">
        <ele>202</ele>
      </trkpt>
      <trkpt lat="-33.953886" lon="24.850309">
        <ele>202.2</ele>
      </trkpt>
      <trkpt lat="-33.953975" lon="24.850304">
        <ele>202.23</ele>
      </trkpt>
      <trkpt lat="-33.954055" lon="24.85034">
        <ele>202.02</ele>
      </trkpt>
      <trkpt lat="-33.954266" lon="24.850536">
        <ele>201.88</ele>
      </trkpt>
      <trkpt lat="-33.954442" lon="24.850757">
        <ele>201</ele>
      </trkpt>
      <trkpt lat="-33.954616" lon="24.850999">
        <ele>200.19</ele>
      </trkpt>
      <trkpt lat="-33.954769" lon="24.851195">
        <ele>200.05</ele>
      </trkpt>
      <trkpt lat="-33.954975" lon="24.851442">
        <ele>200</ele>
      </trkpt>
      <trkpt lat="-33.955267" lon="24.851844">
        <ele>200</ele>
      </trkpt>
      <trkpt lat="-33.955638" lon="24.852334">
        <ele>199</ele>
      </trkpt>
      <trkpt lat="-33.956535" lon="24.853496">
        <ele>198</ele>
      </trkpt>
      <trkpt lat="-33.957285" lon="24.854518">
        <ele>198</ele>
      </trkpt>
      <trkpt lat="-33.957578" lon="24.854884">
        <ele>198.86</ele>
      </trkpt>
      <trkpt lat="-33.957862" lon="24.855256">
        <ele>199</ele>
      </trkpt>
      <trkpt lat="-33.958039" lon="24.855507">
        <ele>198</ele>
      </trkpt>
      <trkpt lat="-33.958743" lon="24.856459">
        <ele>197.36</ele>
      </trkpt>
      <trkpt lat="-33.959969" lon="24.858082">
        <ele>198.99</ele>
      </trkpt>
      <trkpt lat="-33.961065" lon="24.859536">
        <ele>198</ele>
      </trkpt>
      <trkpt lat="-33.961796" lon="24.860506">
        <ele>195.71</ele>
      </trkpt>
      <trkpt lat="-33.962583" lon="24.86149">
        <ele>193</ele>
      </trkpt>
      <trkpt lat="-33.96323" lon="24.862328">
        <ele>190.32</ele>
      </trkpt>
      <trkpt lat="-33.963608" lon="24.862836">
        <ele>189.36</ele>
      </trkpt>
      <trkpt lat="-33.964597" lon="24.864334">
        <ele>184.66</ele>
      </trkpt>
      <trkpt lat="-33.965162" lon="24.865259">
        <ele>179.28</ele>
      </trkpt>
      <trkpt lat="-33.965787" lon="24.866317">
        <ele>172.15</ele>
      </trkpt>
      <trkpt lat="-33.965966" lon="24.8666">
        <ele>170.48</ele>
      </trkpt>
      <trkpt lat="-33.96611" lon="24.86687">
        <ele>168.87</ele>
      </trkpt>
      <trkpt lat="-33.966202" lon="24.867064">
        <ele>167.78</ele>
      </trkpt>
      <trkpt lat="-33.966339" lon="24.86752">
        <ele>165.13</ele>
      </trkpt>
      <trkpt lat="-33.966372" lon="24.867743">
        <ele>163.54</ele>
      </trkpt>
      <trkpt lat="-33.966387" lon="24.867916">
        <ele>162.33</ele>
      </trkpt>
      <trkpt lat="-33.966388" lon="24.868067">
        <ele>160.95</ele>
      </trkpt>
      <trkpt lat="-33.966339" lon="24.86943">
        <ele>153.96</ele>
      </trkpt>
      <trkpt lat="-33.966303" lon="24.870095">
        <ele>153.18</ele>
      </trkpt>
      <trkpt lat="-33.966266" lon="24.871428">
        <ele>154</ele>
      </trkpt>
      <trkpt lat="-33.966245" lon="24.871817">
        <ele>153</ele>
      </trkpt>
      <trkpt lat="-33.966176" lon="24.872521">
        <ele>151.93</ele>
      </trkpt>
      <trkpt lat="-33.965956" lon="24.873795">
        <ele>146.78</ele>
      </trkpt>
      <trkpt lat="-33.96582" lon="24.874431">
        <ele>144.41</ele>
      </trkpt>
      <trkpt lat="-33.965721" lon="24.875025">
        <ele>142.87</ele>
      </trkpt>
      <trkpt lat="-33.965694" lon="24.875228">
        <ele>142.55</ele>
      </trkpt>
      <trkpt lat="-33.965698" lon="24.875586">
        <ele>142</ele>
      </trkpt>
      <trkpt lat="-33.965727" lon="24.875784">
        <ele>141.8</ele>
      </trkpt>
      <trkpt lat="-33.965777" lon="24.875954">
        <ele>142</ele>
      </trkpt>
      <trkpt lat="-33.965854" lon="24.876161">
        <ele>141.6</ele>
      </trkpt>
      <trkpt lat="-33.965988" lon="24.876429">
        <ele>141</ele>
      </trkpt>
      <trkpt lat="-33.966344" lon="24.876998">
        <ele>141</ele>
      </trkpt>
      <trkpt lat="-33.96654" lon="24.877347">
        <ele>141.48</ele>
      </trkpt>
      <trkpt lat="-33.966712" lon="24.877721">
        <ele>142.73</ele>
      </trkpt>
      <trkpt lat="-33.966805" lon="24.87797">
        <ele>143</ele>
      </trkpt>
      <trkpt lat="-33.96693" lon="24.87834">
        <ele>144</ele>
      </trkpt>
      <trkpt lat="-33.967207" lon="24.878976">
        <ele>145.4</ele>
      </trkpt>
      <trkpt lat="-33.967901" lon="24.880452">
        <ele>145.98</ele>
      </trkpt>
      <trkpt lat="-33.96857" lon="24.881853">
        <ele>142.86</ele>
      </trkpt>
      <trkpt lat="-33.96954" lon="24.883884">
        <ele>134.49</ele>
      </trkpt>
      <trkpt lat="-33.969817" lon="24.884484">
        <ele>132.28</ele>
      </trkpt>
      <trkpt lat="-33.970013" lon="24.884877">
        <ele>131.18</ele>
      </trkpt>
      <trkpt lat="-33.97014" lon="24.885071">
        <ele>130.29</ele>
      </trkpt>
      <trkpt lat="-33.970266" lon="24.885173">
        <ele>129.7</ele>
      </trkpt>
      <trkpt lat="-33.970351" lon="24.88523">
        <ele>129.64</ele>
      </trkpt>
      <trkpt lat="-33.970503" lon="24.885307">
        <ele>128.74</ele>
      </trkpt>
      <trkpt lat="-33.971207" lon="24.885571">
        <ele>124.82</ele>
      </trkpt>
      <trkpt lat="-33.971679" lon="24.885774">
        <ele>125</ele>
      </trkpt>
      <trkpt lat="-33.971904" lon="24.885882">
        <ele>124.97</ele>
      </trkpt>
      <trkpt lat="-33.972059" lon="24.885984">
        <ele>125.22</ele>
      </trkpt>
      <trkpt lat="-33.972132" lon="24.886048">
        <ele>125.59</ele>
      </trkpt>
      <trkpt lat="-33.972224" lon="24.886152">
        <ele>125.74</ele>
      </trkpt>
      <trkpt lat="-33.972437" lon="24.886493">
        <ele>125.32</ele>
      </trkpt>
      <trkpt lat="-33.97269" lon="24.886964">
        <ele>125.32</ele>
      </trkpt>
      <trkpt lat="-33.973081" lon="24.88763">
        <ele>122.59</ele>
      </trkpt>
      <trkpt lat="-33.973605" lon="24.888591">
        <ele>119.99</ele>
      </trkpt>
      <trkpt lat="-33.9742" lon="24.889722">
        <ele>116.82</ele>
      </trkpt>
      <trkpt lat="-33.974403" lon="24.890086">
        <ele>116.37</ele>
      </trkpt>
      <trkpt lat="-33.974713" lon="24.890579">
        <ele>113.07</ele>
      </trkpt>
      <trkpt lat="-33.974835" lon="24.890794">
        <ele>111.63</ele>
      </trkpt>
      <trkpt lat="-33.974928" lon="24.891045">
        <ele>109</ele>
      </trkpt>
      <trkpt lat="-33.974993" lon="24.891279">
        <ele>106.74</ele>
      </trkpt>
      <trkpt lat="-33.975184" lon="24.891986">
        <ele>103.05</ele>
      </trkpt>
      <trkpt lat="-33.975272" lon="24.892375">
        <ele>102.02</ele>
      </trkpt>
      <trkpt lat="-33.975307" lon="24.892561">
        <ele>101.43</ele>
      </trkpt>
      <trkpt lat="-33.975327" lon="24.892734">
        <ele>100.69</ele>
      </trkpt>
      <trkpt lat="-33.975359" lon="24.89333">
        <ele>96.41</ele>
      </trkpt>
      <trkpt lat="-33.975381" lon="24.893542">
        <ele>94.6</ele>
      </trkpt>
      <trkpt lat="-33.975406" lon="24.89368">
        <ele>93.34</ele>
      </trkpt>
      <trkpt lat="-33.975457" lon="24.89389">
        <ele>91.61</ele>
      </trkpt>
      <trkpt lat="-33.975523" lon="24.894097">
        <ele>90.79</ele>
      </trkpt>
      <trkpt lat="-33.9756" lon="24.894306">
        <ele>89.79</ele>
      </trkpt>
      <trkpt lat="-33.975686" lon="24.894582">
        <ele>88.86</ele>
      </trkpt>
      <trkpt lat="-33.975735" lon="24.89478">
        <ele>87.56</ele>
      </trkpt>
      <trkpt lat="-33.975777" lon="24.89505">
        <ele>86.54</ele>
      </trkpt>
      <trkpt lat="-33.975878" lon="24.896129">
        <ele>79.75</ele>
      </trkpt>
      <trkpt lat="-33.975922" lon="24.896374">
        <ele>78.72</ele>
      </trkpt>
      <trkpt lat="-33.975966" lon="24.896531">
        <ele>78.02</ele>
      </trkpt>
      <trkpt lat="-33.976164" lon="24.896951">
        <ele>75.04</ele>
      </trkpt>
      <trkpt lat="-33.976327" lon="24.897242">
        <ele>73.75</ele>
      </trkpt>
      <trkpt lat="-33.976569" lon="24.897635">
        <ele>71.08</ele>
      </trkpt>
      <trkpt lat="-33.97673" lon="24.897873">
        <ele>69.66</ele>
      </trkpt>
      <trkpt lat="-33.976976" lon="24.898191">
        <ele>67.29</ele>
      </trkpt>
      <trkpt lat="-33.977111" lon="24.898505">
        <ele>65.99</ele>
      </trkpt>
      <trkpt lat="-33.97721" lon="24.898871">
        <ele>64.72</ele>
      </trkpt>
      <trkpt lat="-33.977279" lon="24.89917">
        <ele>64.24</ele>
      </trkpt>
      <trkpt lat="-33.97739" lon="24.899555">
        <ele>62.39</ele>
      </trkpt>
      <trkpt lat="-33.977866" lon="24.900896">
        <ele>54.12</ele>
      </trkpt>
      <trkpt lat="-33.977924" lon="24.901022">
        <ele>53.25</ele>
      </trkpt>
      <trkpt lat="-33.978074" lon="24.901293">
        <ele>52</ele>
      </trkpt>
      <trkpt lat="-33.978189" lon="24.901545">
        <ele>51.41</ele>
      </trkpt>
      <trkpt lat="-33.978219" lon="24.901645">
        <ele>51.26</ele>
      </trkpt>
      <trkpt lat="-33.978251" lon="24.901834">
        <ele>51</ele>
      </trkpt>
      <trkpt lat="-33.978254" lon="24.902008">
        <ele>51</ele>
      </trkpt>
      <trkpt lat="-33.978234" lon="24.902463">
        <ele>49.97</ele>
      </trkpt>
      <trkpt lat="-33.978249" lon="24.902716">
        <ele>49</ele>
      </trkpt>
      <trkpt lat="-33.978286" lon="24.90301">
        <ele>48.79</ele>
      </trkpt>
      <trkpt lat="-33.978321" lon="24.903141">
        <ele>48.03</ele>
      </trkpt>
      <trkpt lat="-33.978401" lon="24.903371">
        <ele>47.89</ele>
      </trkpt>
      <trkpt lat="-33.978892" lon="24.90465">
        <ele>44.02</ele>
      </trkpt>
      <trkpt lat="-33.978962" lon="24.904874">
        <ele>43.43</ele>
      </trkpt>
      <trkpt lat="-33.979071" lon="24.90514">
        <ele>42.67</ele>
      </trkpt>
      <trkpt lat="-33.979164" lon="24.905278">
        <ele>42.41</ele>
      </trkpt>
      <trkpt lat="-33.979948" lon="24.90626">
        <ele>37.63</ele>
      </trkpt>
      <trkpt lat="-33.980342" lon="24.906758">
        <ele>36.76</ele>
      </trkpt>
      <trkpt lat="-33.980724" lon="24.90722">
        <ele>35.08</ele>
      </trkpt>
      <trkpt lat="-33.98105" lon="24.907646">
        <ele>33.77</ele>
      </trkpt>
      <trkpt lat="-33.981219" lon="24.907862">
        <ele>31.45</ele>
      </trkpt>
      <trkpt lat="-33.981524" lon="24.908209">
        <ele>27.04</ele>
      </trkpt>
      <trkpt lat="-33.981703" lon="24.908347">
        <ele>26</ele>
      </trkpt>
      <trkpt lat="-33.981887" lon="24.908507">
        <ele>25.83</ele>
      </trkpt>
      <trkpt lat="-33.982343" lon="24.90887">
        <ele>25.28</ele>
      </trkpt>
      <trkpt lat="-33.982563" lon="24.909045">
        <ele>26.24</ele>
      </trkpt>
      <trkpt lat="-33.982906" lon="24.909294">
        <ele>29.01</ele>
      </trkpt>
      <trkpt lat="-33.98316" lon="24.909512">
        <ele>32</ele>
      </trkpt>
      <trkpt lat="-33.983505" lon="24.909778">
        <ele>33</ele>
      </trkpt>
      <trkpt lat="-33.983736" lon="24.909974">
        <ele>33</ele>
      </trkpt>
      <trkpt lat="-33.983864" lon="24.910095">
        <ele>33</ele>
      </trkpt>
      <trkpt lat="-33.984191" lon="24.910469">
        <ele>33</ele>
      </trkpt>
      <trkpt lat="-33.984593" lon="24.9109">
        <ele>32.04</ele>
      </trkpt>
      <trkpt lat="-33.985161" lon="24.911467">
        <ele>33</ele>
      </trkpt>
      <trkpt lat="-33.985621" lon="24.911913">
        <ele>32.03</ele>
      </trkpt>
      <trkpt lat="-33.985711" lon="24.911991">
        <ele>32</ele>
      </trkpt>
      <trkpt lat="-33.985799" lon="24.912061">
        <ele>32</ele>
      </trkpt>
      <trkpt lat="-33.985896" lon="24.912108">
        <ele>31.9</ele>
      </trkpt>
      <trkpt lat="-33.986245" lon="24.912225">
        <ele>31.22</ele>
      </trkpt>
      <trkpt lat="-33.986558" lon="24.912344">
        <ele>31.43</ele>
      </trkpt>
      <trkpt lat="-33.987462" lon="24.912564">
        <ele>33</ele>
      </trkpt>
      <trkpt lat="-33.988436" lon="24.912746">
        <ele>33.73</ele>
      </trkpt>
      <trkpt lat="-33.989454" lon="24.912933">
        <ele>33.09</ele>
      </trkpt>
      <trkpt lat="-33.989413" lon="24.91296">
        <ele>33.32</ele>
      </trkpt>
      <trkpt lat="-33.989454" lon="24.912933">
        <ele>33.09</ele>
      </trkpt>
      <trkpt lat="-33.989527" lon="24.912954">
        <ele>33</ele>
      </trkpt>
      <trkpt lat="-33.989552" lon="24.912887">
        <ele>33.07</ele>
      </trkpt>
      <trkpt lat="-33.989599" lon="24.912835">
        <ele>33</ele>
      </trkpt>
      <trkpt lat="-33.989645" lon="24.912815">
        <ele>33</ele>
      </trkpt>
      <trkpt lat="-33.989901" lon="24.9128">
        <ele>33</ele>
      </trkpt>
      <trkpt lat="-33.989998" lon="24.912765">
        <ele>33.08</ele>
      </trkpt>
      <trkpt lat="-33.990222" lon="24.912627">
        <ele>34.32</ele>
      </trkpt>
      <trkpt lat="-33.99052" lon="24.912443">
        <ele>35.98</ele>
      </trkpt>
      <trkpt lat="-33.990658" lon="24.912393">
        <ele>36.67</ele>
      </trkpt>
      <trkpt lat="-33.990773" lon="24.912378">
        <ele>37.12</ele>
      </trkpt>
      <trkpt lat="-33.990842" lon="24.912384">
        <ele>37.26</ele>
      </trkpt>
      <trkpt lat="-33.990878" lon="24.912392">
        <ele>37.25</ele>
      </trkpt>
      <trkpt lat="-33.990986" lon="24.912445">
        <ele>37</ele>
      </trkpt>
      <trkpt lat="-33.991033" lon="24.912458">
        <ele>37</ele>
      </trkpt>
      <trkpt lat="-33.991075" lon="24.912458">
        <ele>37</ele>
      </trkpt>
      <trkpt lat="-33.991419" lon="24.912416">
        <ele>37.1</ele>
      </trkpt>
      <trkpt lat="-33.991599" lon="24.912439">
        <ele>36.8</ele>
      </trkpt>
      <trkpt lat="-33.991674" lon="24.912437">
        <ele>36.29</ele>
      </trkpt>
      <trkpt lat="-33.991765" lon="24.912408">
        <ele>36.25</ele>
      </trkpt>
      <trkpt lat="-33.992995" lon="24.911793">
        <ele>35.47</ele>
      </trkpt>
      <trkpt lat="-33.993423" lon="24.911593">
        <ele>33.83</ele>
      </trkpt>
      <trkpt lat="-33.993937" lon="24.911335">
        <ele>31.39</ele>
      </trkpt>
      <trkpt lat="-33.994376" lon="24.911114">
        <ele>32.64</ele>
      </trkpt>
      <trkpt lat="-33.994882" lon="24.910873">
        <ele>35.19</ele>
      </trkpt>
      <trkpt lat="-33.995279" lon="24.91067">
        <ele>38.69</ele>
      </trkpt>
      <trkpt lat="-33.995541" lon="24.910533">
        <ele>39.84</ele>
      </trkpt>
      <trkpt lat="-33.998084" lon="24.9092">
        <ele>58.65</ele>
      </trkpt>
      <trkpt lat="-33.999444" lon="24.907364">
        <ele>65.9</ele>
      </trkpt>
      <trkpt lat="-34.002406" lon="24.903364">
        <ele>81.71</ele>
      </trkpt>
      <trkpt lat="-34.005152" lon="24.899581">
        <ele>93.47</ele>
      </trkpt>
      <trkpt lat="-34.005413" lon="24.898879">
        <ele>94.25848248891998</ele>
      </trkpt>
      <trkpt lat="-34.00583221100888" lon="24.899075210260175">
        <ele>96.58015618437298</ele>
      </trkpt>
      <trkpt lat="-34.00625142201776" lon="24.899271420520346">
        <ele>93.44055421371013</ele>
      </trkpt>
      <trkpt lat="-34.00650804484248" lon="24.899391531944275">
        <ele>91.46875</ele>
      </trkpt>
      <trkpt lat="-34.00668750434261" lon="24.898894171619645">
        <ele>93.03225535849415</ele>
      </trkpt>
      <trkpt lat="-34.00686696384275" lon="24.89839681129501">
        <ele>95.20994269708171</ele>
      </trkpt>
      <trkpt lat="-34.00704642334288" lon="24.89789945097038">
        <ele>97.034705855418</ele>
      </trkpt>
      <trkpt lat="-34.00722588284302" lon="24.897402090645752">
        <ele>99.20174882778119</ele>
      </trkpt>
      <trkpt lat="-34.00737519826676" lon="24.89698827266693">
        <ele>101.609375</ele>
      </trkpt>
      <trkpt lat="-34.007554343941656" lon="24.896490742261957">
        <ele>105.6826612342042</ele>
      </trkpt>
      <trkpt lat="-34.00773348961656" lon="24.895993211856982">
        <ele>110.0608536395893</ele>
      </trkpt>
      <trkpt lat="-34.00791263529146" lon="24.895495681452008">
        <ele>113.13797431604016</ele>
      </trkpt>
      <trkpt lat="-34.00809178096636" lon="24.894998151047034">
        <ele>115.9238697681576</ele>
      </trkpt>
      <trkpt lat="-34.00827092664126" lon="24.89450062064206">
        <ele>118.00249677989632</ele>
      </trkpt>
      <trkpt lat="-34.008375748907305" lon="24.894209504127502">
        <ele>119.578125</ele>
      </trkpt>
      <trkpt lat="-34.00865922165325" lon="24.893788426546017">
        <ele>122.9464971996149</ele>
      </trkpt>
      <trkpt lat="-34.008942694399195" lon="24.893367348964535">
        <ele>127.07691016777724</ele>
      </trkpt>
      <trkpt lat="-34.00922616714514" lon="24.89294627138305">
        <ele>128.29730424978982</ele>
      </trkpt>
      <trkpt lat="-34.00950963989108" lon="24.892525193801568">
        <ele>128.00484767434574</ele>
      </trkpt>
      <trkpt lat="-34.00956750050875" lon="24.892439246177673">
        <ele>128.04541015625</ele>
      </trkpt>
      <trkpt lat="-34.009786549031475" lon="24.89196551057549">
        <ele>129.3571336331346</ele>
      </trkpt>
      <trkpt lat="-34.0100055975542" lon="24.891491774973304">
        <ele>130.5031762186985</ele>
      </trkpt>
      <trkpt lat="-34.01022464607692" lon="24.891018039371122">
        <ele>132.15518985665403</ele>
      </trkpt>
      <trkpt lat="-34.01042572917552" lon="24.890583157539368">
        <ele>133.494140625</ele>
      </trkpt>
      <trkpt lat="-34.010712508274736" lon="24.89016534078269">
        <ele>136.84940915287007</ele>
      </trkpt>
      <trkpt lat="-34.01099928737395" lon="24.889747524026017">
        <ele>140.15574633097273</ele>
      </trkpt>
      <trkpt lat="-34.011286066473154" lon="24.88932970726934">
        <ele>141.2688080893131</ele>
      </trkpt>
      <trkpt lat="-34.01157284557237" lon="24.888911890512663">
        <ele>137.78794619950216</ele>
      </trkpt>
      <trkpt lat="-34.011581878432295" lon="24.888898730278015">
        <ele>137.67578125</ele>
      </trkpt>
      <trkpt lat="-34.011917873201796" lon="24.889259240491892">
        <ele>137.11066629749257</ele>
      </trkpt>
      <trkpt lat="-34.012253867971296" lon="24.88961975070577">
        <ele>136.07144746230915</ele>
      </trkpt>
      <trkpt lat="-34.01254680633641" lon="24.889934062957764">
        <ele>134.853515625</ele>
      </trkpt>
      <trkpt lat="-34.012882778754886" lon="24.89029460878301">
        <ele>134.3452752662124</ele>
      </trkpt>
      <trkpt lat="-34.01321875117337" lon="24.89065515460825">
        <ele>133.4820002809268</ele>
      </trkpt>
      <trkpt lat="-34.013554723591845" lon="24.891015700433496">
        <ele>133.28064763103612</ele>
      </trkpt>
      <trkpt lat="-34.01389069601032" lon="24.89137624625874">
        <ele>132.88816332502756</ele>
      </trkpt>
      <trkpt lat="-34.014078" lon="24.891574">
        <ele>133.72</ele>
      </trkpt>
      <trkpt lat="-34.014631" lon="24.89201">
        <ele>132.48</ele>
      </trkpt>
      <trkpt lat="-34.01545" lon="24.892809">
        <ele>130.95</ele>
      </trkpt>
      <trkpt lat="-34.015582" lon="24.892946">
        <ele>130.63</ele>
      </trkpt>
      <trkpt lat="-34.01569" lon="24.893091">
        <ele>129.94</ele>
      </trkpt>
      <trkpt lat="-34.015853" lon="24.893346">
        <ele>129.73</ele>
      </trkpt>
      <trkpt lat="-34.015916" lon="24.893429">
        <ele>129.28</ele>
      </trkpt>
      <trkpt lat="-34.015964" lon="24.893467">
        <ele>128.99</ele>
      </trkpt>
      <trkpt lat="-34.016013" lon="24.893487">
        <ele>128.94</ele>
      </trkpt>
      <trkpt lat="-34.016076" lon="24.893476">
        <ele>128.81</ele>
      </trkpt>
      <trkpt lat="-34.016128" lon="24.893441">
        <ele>128.45</ele>
      </trkpt>
      <trkpt lat="-34.016236" lon="24.8933">
        <ele>127.76</ele>
      </trkpt>
      <trkpt lat="-34.016262" lon="24.893339">
        <ele>126.86</ele>
      </trkpt>
      <trkpt lat="-34.016302" lon="24.893367">
        <ele>126.58</ele>
      </trkpt>
      <trkpt lat="-34.016339" lon="24.893381">
        <ele>126.32</ele>
      </trkpt>
      <trkpt lat="-34.016386" lon="24.89338">
        <ele>126</ele>
      </trkpt>
      <trkpt lat="-34.016578" lon="24.893318">
        <ele>126</ele>
      </trkpt>
      <trkpt lat="-34.016729" lon="24.893234">
        <ele>125.85</ele>
      </trkpt>
      <trkpt lat="-34.016765" lon="24.8932">
        <ele>125.89</ele>
      </trkpt>
      <trkpt lat="-34.016821" lon="24.893115">
        <ele>126.02</ele>
      </trkpt>
      <trkpt lat="-34.016865" lon="24.893021">
        <ele>126.32</ele>
      </trkpt>
      <trkpt lat="-34.017058" lon="24.892473">
        <ele>128</ele>
      </trkpt>
      <trkpt lat="-34.01712" lon="24.89232">
        <ele>128.25</ele>
      </trkpt>
      <trkpt lat="-34.017302" lon="24.891868">
        <ele>129</ele>
      </trkpt>
      <trkpt lat="-34.017399" lon="24.891582">
        <ele>130</ele>
      </trkpt>
      <trkpt lat="-34.017072" lon="24.891606">
        <ele>130.02</ele>
      </trkpt>
      <trkpt lat="-34.017014" lon="24.891601">
        <ele>130.07</ele>
      </trkpt>
      <trkpt lat="-34.016873" lon="24.891541">
        <ele>130.48</ele>
      </trkpt>
      <trkpt lat="-34.016666" lon="24.891347">
        <ele>131.19</ele>
      </trkpt>
      <trkpt lat="-34.016371" lon="24.891036">
        <ele>131.37</ele>
      </trkpt>
      <trkpt lat="-34.016202" lon="24.89084">
        <ele>131.4</ele>
      </trkpt>
    </trkseg>
  </trk>
</gpx>
